unit_id,process_step,machine_id,start_time,end_time,status,time_taken_min,speed,force_kN,temperature_C,pressure_bar,power_usage_kW,queue_length_units,average_wait_time_min,queue_timestamp,quote_id,material_type,thickness_mm,batch_id,weight_kg,quantity,estimated_time_hours,estimated_cost_eur,promised_delivery,quote_status,time_ratio,queue_ratio,wait_ratio,temp_ratio,power_ratio,material_difficulty,thickness_norm,process_complexity,operational_stress,risk_score_raw,formula_risk_probability,risk_probability,defect_flag,result,defect_type,severity,inspection_timestamp,storage_location,qr_code,recommended_device
U-1042,laser_cutting,L-03,2026-03-28 10:24:00,2026-03-28 10:28:45,completed,4.75,24.16,,332.12,13.85,19.11,3,25,09:59,Q-3006,aluminum_5754,3.0,MB-2206,2.58,120,30.5,2836.0,2026-04-10 17:00,accepted,0.6993865030674847,0.42857142857142855,1.0869565217391304,1.0559247130639369,1.0578466648214782,0.55,0.6,0.55,0.3348082393671372,0.1316633401311267,0.02583047321199895,0.02583047321199895,0,pass,-,-,2026-03-28 10:28:45,Zone-A,QR_U-1042,phone_or_ipad
U-1042,bending,B-02,2026-03-28 10:48:45,2026-03-28 10:58:20,completed,9.583333333333334,11.4,81.11,27.6,,8.04,4,18,10:30,Q-3006,aluminum_5754,3.0,MB-2206,2.58,120,30.5,2836.0,2026-04-10 17:00,accepted,1.2195121951219512,0.5714285714285714,0.75,0.9956709956709958,1.1244755244755242,0.55,0.6,0.7,0.7802144007402162,0.39049730757047824,0.05226977329354765,0.05226977329354765,0,pass,-,-,2026-03-28 10:58:20,Zone-A,QR_U-1042,phone_or_ipad
U-1042,welding,W-01,2026-03-28 11:14:20,2026-03-28 11:24:12,completed,9.866666666666667,0.6,,1533.19,2.88,9.99,10,14,11:00,Q-3006,aluminum_5754,3.0,MB-2206,2.58,120,30.5,2836.0,2026-04-10 17:00,accepted,1.0111016225448335,1.4285714285714286,0.5833333333333334,1.0392993563650044,1.0438871473354232,0.55,0.6,1.0,1.5670793077547793,1.1204617050446675,0.30318122913556694,0.30318122913556694,0,pass,-,-,2026-03-28 11:24:12,Zone-C,QR_U-1042,phone_or_ipad
U-1043,laser_cutting,L-02,2026-03-28 09:55:00,2026-03-28 10:02:16,completed,7.266666666666667,21.97,,331.15,15.0,20.54,9,35,09:20,Q-3000,aluminum_5754,1.5,MB-2211,3.23,120,30.7,3038.0,2026-04-06 14:00,accepted,1.0699386503067485,1.2857142857142858,1.5217391304347827,1.0528407465106668,1.137005258787711,0.55,0.0,0.55,1.646753152119312,0.49814282851609193,0.0695860629325224,0.0695860629325224,0,pass,-,-,2026-03-28 10:02:16,Zone-B,QR_U-1043,phone_or_ipad
U-1043,bending,B-01,2026-03-28 10:16:16,2026-03-28 10:23:42,completed,7.433333333333334,9.62,75.2,28.19,,7.61,6,10,10:06,Q-3000,aluminum_5754,1.5,MB-2211,3.23,120,30.7,3038.0,2026-04-06 14:00,accepted,0.9459172852598091,0.8571428571428571,0.4166666666666667,1.016955266955267,1.0643356643356643,0.55,0.0,0.7,0.8775802420346634,0.33786839318334544,0.04536592664852092,0.04536592664852092,0,pass,-,-,2026-03-28 10:23:42,Zone-A,QR_U-1043,phone_or_ipad
U-1043,welding,W-02,2026-03-28 10:54:42,2026-03-28 11:02:57,completed,8.25,0.55,,1505.41,2.98,9.03,3,22,10:32,Q-3000,aluminum_5754,1.5,MB-2211,3.23,120,30.7,3038.0,2026-04-06 14:00,accepted,0.8454312553373186,0.42857142857142855,0.9166666666666666,1.0204682029399104,0.9435736677115987,0.55,0.0,1.0,0.3488805864758196,0.1918843225617008,0.030482869711325133,0.030482869711325133,0,pass,-,-,2026-03-28 11:02:57,Zone-D,QR_U-1043,phone_or_ipad
U-1044,laser_cutting,L-03,2026-03-28 08:34:00,2026-03-28 08:42:46,completed,8.766666666666667,19.88,,337.15,13.42,20.3,3,27,08:07,Q-3004,aluminum_5754,3.0,MB-2201,1.8,60,7.2,1664.0,2026-04-04 14:00,open,1.2907975460122703,0.42857142857142855,1.173913043478261,1.0719168282834706,1.123719900359812,0.55,0.6,0.55,0.666347092159135,0.2620409939915799,0.036929256373411226,0.036929256373411226,0,pass,-,-,2026-03-28 08:42:46,Zone-B,QR_U-1044,phone_or_ipad
U-1044,bending,B-02,2026-03-28 09:00:46,2026-03-28 09:11:18,completed,10.533333333333333,10.4,76.44,28.97,,6.87,10,13,08:47,Q-3004,aluminum_5754,3.0,MB-2201,1.8,60,7.2,1664.0,2026-04-04 14:00,open,1.3404029692470838,1.4285714285714286,0.5416666666666666,1.045093795093795,0.9608391608391608,0.55,0.6,0.7,1.9228406983430326,0.9623817695206878,0.21763760687477848,0.21763760687477848,1,fail,angle_deviation,low,2026-03-28 09:11:18,Zone-A,QR_U-1044,phone_or_ipad
U-1044,welding,W-02,2026-03-28 09:32:18,2026-03-28 09:43:17,completed,10.983333333333333,0.6,,1429.93,3.18,10.17,9,18,09:14,Q-3004,aluminum_5754,3.0,MB-2201,1.8,60,7.2,1664.0,2026-04-04 14:00,open,1.125533731853117,1.2857142857142858,0.75,0.9693027795948387,1.0626959247648902,0.55,0.6,1.0,1.490635493127808,1.0658043775863828,0.27153486218491074,0.27153486218491074,0,pass,-,-,2026-03-28 09:43:17,Zone-D,QR_U-1044,phone_or_ipad
U-1045,laser_cutting,L-03,2026-03-28 08:39:00,2026-03-28 08:45:51,completed,6.85,23.99,,341.77,14.63,19.57,10,8,08:31,Q-3009,stainless_steel_304,2.0,MB-2209,3.05,250,6.8,6606.0,2026-04-03 17:00,open,1.0085889570552147,1.4285714285714286,0.34782608695652173,1.0866054112485295,1.0833102684749518,1.0,0.2,0.55,1.696058750962446,1.02611554433228,0.24989918827730878,0.24989918827730878,1,fail,edge_burr,high,2026-03-28 08:45:51,Zone-A,QR_U-1045,phone_or_ipad
U-1045,bending,B-01,2026-03-28 09:16:51,2026-03-28 09:24:31,completed,7.666666666666667,9.28,77.98,27.82,,7.53,10,21,08:55,Q-3009,stainless_steel_304,2.0,MB-2209,3.05,250,6.8,6606.0,2026-04-03 17:00,open,0.975609756097561,1.4285714285714286,0.875,1.0036075036075036,1.053146853146853,1.0,0.2,0.7,1.4730955877614098,1.1342836025762855,0.31150661607479035,0.31150661607479035,0,pass,-,-,2026-03-28 09:24:31,Zone-A,QR_U-1045,phone_or_ipad
U-1045,welding,W-02,2026-03-28 09:34:31,2026-03-28 09:43:25,completed,8.9,0.59,,1417.07,3.41,9.4,2,8,09:26,Q-3009,stainless_steel_304,2.0,MB-2209,3.05,250,6.8,6606.0,2026-04-03 17:00,open,0.9120409906063195,0.2857142857142857,0.3333333333333333,0.9605854061950291,0.9822361546499477,1.0,0.2,1.0,0.24586585147108608,0.27045243661819474,0.037785122915669496,0.037785122915669496,1,fail,weak_joint,medium,2026-03-28 09:43:25,Zone-D,QR_U-1045,phone_or_ipad
U-1046,laser_cutting,L-03,2026-03-28 11:06:00,2026-03-28 11:13:43,completed,7.716666666666667,22.85,,338.17,12.72,19.22,11,21,10:45,Q-3013,stainless_steel_304,2.5,MB-2205,2.04,40,11.2,722.0,2026-04-04 08:00,accepted,1.136196319018405,1.5714285714285714,0.9130434782608695,1.0751597621848474,1.0639357874342652,1.0,0.4,0.55,2.0423795019005286,1.347970471254349,0.4530260679205929,0.4530260679205929,0,pass,-,-,2026-03-28 11:13:43,Zone-A,QR_U-1046,phone_or_ipad
U-1046,bending,B-01,2026-03-28 11:48:43,2026-03-28 11:58:06,completed,9.383333333333333,10.87,84.98,27.84,,7.67,10,25,11:23,Q-3013,stainless_steel_304,2.5,MB-2205,2.04,40,11.2,722.0,2026-04-04 08:00,accepted,1.1940615058324495,1.4285714285714286,1.0416666666666667,1.0043290043290043,1.0727272727272728,1.0,0.4,0.7,1.8377819634378558,1.5437368492877985,0.5903652712553283,0.5903652712553283,1,fail,angle_deviation,low,2026-03-28 11:58:06,Zone-B,QR_U-1046,phone_or_ipad
U-1046,welding,W-01,2026-03-28 12:29:06,2026-03-28 12:40:51,completed,11.75,0.61,,1531.56,2.97,9.55,5,23,12:06,Q-3013,stainless_steel_304,2.5,MB-2205,2.04,40,11.2,722.0,2026-04-04 08:00,accepted,1.2040990606319386,0.7142857142857143,0.9583333333333334,1.038194432675915,0.9979101358411704,1.0,0.4,1.0,0.8910545893321024,1.0692655071985229,0.27347635609968807,0.27347635609968807,0,pass,-,-,2026-03-28 12:40:51,Zone-D,QR_U-1046,phone_or_ipad
U-1047,laser_cutting,L-03,2026-03-28 08:31:00,2026-03-28 08:38:10,completed,7.166666666666667,22.51,,317.69,13.92,19.55,10,20,08:11,Q-3009,stainless_steel_304,2.0,MB-2222,3.36,250,6.8,6606.0,2026-04-03 17:00,open,1.0552147239263805,1.4285714285714286,0.8695652173913043,1.0100467364003434,1.0822031552726268,1.0,0.2,0.55,1.6477566310088223,0.9968927617603376,0.2347220958807672,0.2347220958807672,0,pass,-,-,2026-03-28 08:38:10,Zone-A,QR_U-1047,phone_or_ipad
U-1047,bending,B-01,2026-03-28 09:25:10,2026-03-28 09:31:28,completed,6.3,10.0,78.86,28.17,,6.7,8,39,08:46,Q-3009,stainless_steel_304,2.0,MB-2222,3.36,250,6.8,6606.0,2026-04-03 17:00,open,0.8016967126193001,1.1428571428571428,1.625,1.0162337662337664,0.9370629370629371,1.0,0.2,0.7,0.8724979830735158,0.6718234469666072,0.10893844081883962,0.10893844081883962,1,fail,angle_deviation,medium,2026-03-28 09:31:28,Zone-B,QR_U-1047,phone_or_ipad
U-1047,welding,W-01,2026-03-28 10:13:28,2026-03-28 10:23:41,completed,10.216666666666667,0.56,,1535.93,2.8,10.26,7,38,09:35,Q-3009,stainless_steel_304,2.0,MB-2222,3.36,250,6.8,6606.0,2026-04-03 17:00,open,1.0469684030742956,1.0,1.5833333333333333,1.0411567127503447,1.0721003134796239,1.0,0.2,1.0,1.1686517174521085,1.2855168891973194,0.40970964110070984,0.40970964110070984,0,pass,-,-,2026-03-28 10:23:41,Zone-C,QR_U-1047,phone_or_ipad
U-1048,laser_cutting,L-01,2026-03-28 08:58:00,2026-03-28 09:03:11,completed,5.183333333333334,19.48,,323.52,11.8,18.98,5,35,08:23,Q-3009,galvanized_steel,3.0,MB-2217,1.91,250,6.8,6606.0,2026-04-03 17:00,open,0.7631901840490799,0.7142857142857143,1.5217391304347827,1.0285823291895846,1.050650429006366,0.75,0.6,0.55,0.589117659507742,0.31591434491102666,0.04275036594058586,0.04275036594058586,0,pass,-,-,2026-03-28 09:03:11,Zone-B,QR_U-1048,phone_or_ipad
U-1048,bending,B-02,2026-03-28 09:18:11,2026-03-28 09:28:39,completed,10.466666666666667,11.21,86.8,28.98,,8.04,5,9,09:09,Q-3009,galvanized_steel,3.0,MB-2217,1.91,250,6.8,6606.0,2026-04-03 17:00,open,1.3319194061505832,0.7142857142857143,0.375,1.0454545454545454,1.1244755244755242,0.75,0.6,0.7,1.118420382278475,0.7633219109050593,0.13672840960000648,0.13672840960000648,0,pass,-,-,2026-03-28 09:28:39,Zone-B,QR_U-1048,phone_or_ipad
U-1048,welding,W-02,2026-03-28 09:59:39,2026-03-28 10:11:34,completed,11.916666666666666,0.55,,1561.55,3.03,10.39,4,20,09:39,Q-3009,galvanized_steel,3.0,MB-2217,1.91,250,6.8,6606.0,2026-04-03 17:00,open,1.2211784799316823,0.5714285714285714,0.8333333333333334,1.0585236728205718,1.0856844305120168,0.75,0.6,1.0,0.8019462824940138,0.7818976254316635,0.14305160804771963,0.14305160804771963,1,fail,weak_joint,medium,2026-03-28 10:11:34,Zone-D,QR_U-1048,phone_or_ipad
U-1049,laser_cutting,L-02,2026-03-28 11:21:00,2026-03-28 11:25:09,completed,4.15,20.63,,297.29,13.82,16.64,3,30,10:51,Q-3016,aluminum_5754,2.0,MB-2217,2.24,180,25.0,4388.0,2026-04-04 08:00,accepted,0.6110429447852762,0.42857142857142855,1.3043478260869565,0.9451880583728104,0.9211181843343483,0.55,0.2,0.55,0.22799668410608406,0.07586589663629949,0.022141506104947882,0.022141506104947882,0,pass,-,-,2026-03-28 11:25:09,Zone-B,QR_U-1049,phone_or_ipad
U-1049,bending,B-01,2026-03-28 12:01:09,2026-03-28 12:10:03,completed,8.9,10.19,72.75,27.02,,8.0,10,27,11:34,Q-3016,aluminum_5754,2.0,MB-2217,2.24,180,25.0,4388.0,2026-04-04 08:00,accepted,1.1325556733828208,1.4285714285714286,1.125,0.9747474747474748,1.1188811188811187,0.55,0.2,0.7,1.764564687537791,0.7472931451722545,0.1314627775248031,0.1314627775248031,0,pass,-,-,2026-03-28 12:10:03,Zone-A,QR_U-1049,phone_or_ipad
U-1049,welding,W-02,2026-03-28 12:23:03,2026-03-28 12:31:21,completed,8.3,0.6,,1488.26,3.03,8.72,9,11,12:12,Q-3016,aluminum_5754,2.0,MB-2217,2.24,180,25.0,4388.0,2026-04-04 08:00,accepted,0.8505550811272418,1.2857142857142858,0.4583333333333333,1.0088427788491845,0.9111807732497388,0.55,0.2,1.0,1.0052520088707386,0.6081774653667971,0.0926483578958776,0.0926483578958776,0,pass,-,-,2026-03-28 12:31:21,Zone-D,QR_U-1049,phone_or_ipad
U-1050,laser_cutting,L-02,2026-03-28 09:40:00,2026-03-28 09:44:58,completed,4.966666666666667,20.79,,318.19,15.26,17.34,10,8,09:32,Q-3006,stainless_steel_304,1.5,MB-2202,2.52,120,30.5,2836.0,2026-04-10 17:00,accepted,0.7312883435582823,1.4285714285714286,0.34782608695652173,1.0116364098814103,0.9598671464157211,1.0,0.0,0.55,1.0144395901174692,0.5579417745646081,0.08137108222272622,0.08137108222272622,0,pass,-,-,2026-03-28 09:44:58,Zone-A,QR_U-1050,phone_or_ipad
U-1050,bending,B-01,2026-03-28 10:09:58,2026-03-28 10:15:09,completed,5.183333333333334,9.95,83.37,28.48,,7.32,6,19,09:50,Q-3006,stainless_steel_304,1.5,MB-2202,2.52,120,30.5,2836.0,2026-04-10 17:00,accepted,0.6595970307529162,0.8571428571428571,0.7916666666666666,1.0274170274170276,1.0237762237762238,1.0,0.0,0.7,0.594680503697044,0.4162763525879307,0.05600346012808916,0.05600346012808916,0,pass,-,-,2026-03-28 10:15:09,Zone-B,QR_U-1050,phone_or_ipad
U-1050,welding,W-02,2026-03-28 10:47:09,2026-03-28 10:54:32,completed,7.383333333333334,0.6,,1424.83,3.03,8.67,5,25,10:22,Q-3006,stainless_steel_304,1.5,MB-2202,2.52,120,30.5,2836.0,2026-04-10 17:00,accepted,0.7566182749786508,0.7142857142857143,1.0416666666666667,0.9658456563958472,0.9059561128526645,1.0,0.0,1.0,0.4728938672470627,0.4728938672470627,0.06510042730956737,0.06510042730956737,0,pass,-,-,2026-03-28 10:54:32,Zone-D,QR_U-1050,phone_or_ipad
U-1051,laser_cutting,L-01,2026-03-28 09:22:00,2026-03-28 09:30:13,completed,8.216666666666667,20.34,,311.84,12.73,17.34,2,24,08:58,Q-3011,stainless_steel_304,4.0,MB-2202,1.6,180,16.1,3728.0,2026-04-06 15:00,accepted,1.2098159509202455,0.2857142857142857,1.0434782608695652,0.9914475566718596,0.9598671464157211,1.0,1.0,0.55,0.32895170058715106,0.27138515298439964,0.03788119270386071,0.03788119270386071,0,pass,-,-,2026-03-28 09:30:13,Zone-A,QR_U-1051,phone_or_ipad
U-1051,bending,B-01,2026-03-28 10:09:13,2026-03-28 10:16:46,completed,7.55,10.74,77.29,27.46,,7.16,3,36,09:33,Q-3011,stainless_steel_304,4.0,MB-2202,1.6,180,16.1,3728.0,2026-04-06 15:00,accepted,0.960763520678685,0.42857142857142855,1.5,0.9906204906204907,1.0013986013986014,1.0,1.0,0.7,0.4084642079766785,0.42888741837551236,0.05792009976549412,0.05792009976549412,0,pass,-,-,2026-03-28 10:16:46,Zone-A,QR_U-1051,phone_or_ipad
U-1051,welding,W-02,2026-03-28 10:38:46,2026-03-28 10:49:51,completed,11.083333333333334,0.58,,1432.39,3.0,10.29,3,17,10:21,Q-3011,stainless_steel_304,4.0,MB-2202,1.6,180,16.1,3728.0,2026-04-06 15:00,accepted,1.1357813834329633,0.42857142857142855,0.7083333333333334,0.9709703331378816,1.0752351097178683,1.0,1.0,1.0,0.5081914550213954,0.7622871825320932,0.13638319824102688,0.13638319824102688,0,pass,-,-,2026-03-28 10:49:51,Zone-C,QR_U-1051,phone_or_ipad
U-1052,laser_cutting,L-03,2026-03-28 08:26:00,2026-03-28 08:37:01,completed,11.016666666666667,22.85,,338.87,15.24,19.27,7,22,08:04,Q-3012,galvanized_steel,4.0,MB-2204,1.61,120,21.8,2491.0,2026-04-02 16:00,open,1.6220858895705523,1.0,0.9565217391304348,1.077385305058341,1.0667035704400776,0.75,1.0,0.55,1.864183427822362,1.1534634959650867,0.3232633194586535,0.3232633194586535,0,pass,-,-,2026-03-28 08:37:01,Zone-A,QR_U-1052,phone_or_ipad
U-1052,bending,B-01,2026-03-28 09:10:01,2026-03-28 09:19:21,completed,9.333333333333334,9.06,84.72,28.07,,7.48,9,24,08:46,Q-3012,galvanized_steel,4.0,MB-2204,1.61,120,21.8,2491.0,2026-04-02 16:00,open,1.1876988335100742,1.2857142857142858,1.0,1.0126262626262628,1.0461538461538462,0.75,1.0,0.7,1.6176908987089267,1.2739315827332798,0.4018057385047929,0.4018057385047929,0,pass,-,-,2026-03-28 09:19:21,Zone-B,QR_U-1052,phone_or_ipad
U-1052,welding,W-01,2026-03-28 09:46:21,2026-03-28 09:58:33,completed,12.2,0.62,,1397.59,3.09,10.35,6,23,09:23,Q-3012,galvanized_steel,4.0,MB-2204,1.61,120,21.8,2491.0,2026-04-02 16:00,open,1.2502134927412467,0.8571428571428571,0.9583333333333334,0.94738055130947,1.0815047021943573,0.75,1.0,1.0,1.0979694815835297,1.235215666781471,0.3757810074214552,0.3757810074214552,1,fail,surface_porosity,high,2026-03-28 09:58:33,Zone-C,QR_U-1052,phone_or_ipad
U-1053,laser_cutting,L-03,2026-03-28 09:34:00,2026-03-28 09:40:37,completed,6.616666666666666,23.67,,320.81,13.52,19.2,10,18,09:16,Q-3000,aluminum_5754,2.0,MB-2224,2.82,120,30.7,3038.0,2026-04-06 14:00,accepted,0.9742331288343559,1.4285714285714286,0.782608695652174,1.0199662989222016,1.0628286742319404,0.55,0.2,0.55,1.5087383818060045,0.5020326965459481,0.07030205088027011,0.07030205088027011,1,fail,edge_burr,high,2026-03-28 09:40:37,Zone-A,QR_U-1053,phone_or_ipad
U-1053,bending,B-02,2026-03-28 10:07:37,2026-03-28 10:14:25,completed,6.8,11.66,80.94,29.58,,6.51,3,20,09:47,Q-3000,aluminum_5754,2.0,MB-2224,2.82,120,30.7,3038.0,2026-04-06 14:00,accepted,0.865323435843054,0.42857142857142855,0.8333333333333334,1.067099567099567,0.9104895104895104,0.55,0.2,0.7,0.36031436027579855,0.1525931315768007,0.027363273796133767,0.027363273796133767,0,pass,-,-,2026-03-28 10:14:25,Zone-A,QR_U-1053,phone_or_ipad
U-1053,welding,W-02,2026-03-28 10:30:25,2026-03-28 10:40:30,completed,10.083333333333334,0.56,,1474.2,3.23,9.97,11,14,10:16,Q-3000,aluminum_5754,2.0,MB-2224,2.82,120,30.7,3038.0,2026-04-06 14:00,accepted,1.0333048676345005,1.5714285714285714,0.5833333333333334,0.9993119646966713,1.0417972831765936,0.55,0.2,1.0,1.6904698450808655,1.0227342562739237,0.2481100666007857,0.2481100666007857,0,pass,-,-,2026-03-28 10:40:30,Zone-C,QR_U-1053,phone_or_ipad
U-1054,laser_cutting,L-02,2026-03-28 08:52:00,2026-03-28 09:00:14,completed,8.233333333333333,21.43,,321.43,14.33,18.29,11,18,08:34,Q-3017,aluminum_5754,2.0,MB-2216,3.04,250,28.1,6304.0,2026-04-08 14:00,accepted,1.2122699386503066,1.5714285714285714,0.782608695652174,1.0219374940387245,1.0124550235261556,0.55,0.2,0.55,1.9710337188989429,0.6558614699636233,0.10463105452642818,0.10463105452642818,0,pass,-,-,2026-03-28 09:00:14,Zone-B,QR_U-1054,phone_or_ipad
U-1054,bending,B-02,2026-03-28 09:39:14,2026-03-28 09:46:15,completed,7.016666666666667,10.65,80.04,28.05,,7.32,6,36,09:03,Q-3017,aluminum_5754,2.0,MB-2216,3.04,250,28.1,6304.0,2026-04-08 14:00,accepted,0.8928950159066807,0.8571428571428571,1.5,1.0119047619047619,1.0237762237762238,0.55,0.2,0.7,0.7928632494607345,0.3357775861466211,0.045110405193462294,0.045110405193462294,0,pass,-,-,2026-03-28 09:46:15,Zone-B,QR_U-1054,phone_or_ipad
U-1054,welding,W-01,2026-03-28 10:04:15,2026-03-28 10:15:01,completed,10.766666666666667,0.63,,1512.37,3.01,9.95,8,13,09:51,Q-3017,aluminum_5754,2.0,MB-2216,3.04,250,28.1,6304.0,2026-04-08 14:00,accepted,1.1033304867634501,1.1428571428571428,0.5416666666666666,1.0251861593055926,1.0397074190177638,0.55,0.2,1.0,1.3440376754129777,0.8131427936248516,0.15423513962974625,0.15423513962974625,0,pass,-,-,2026-03-28 10:15:01,Zone-D,QR_U-1054,phone_or_ipad
U-1055,laser_cutting,L-03,2026-03-28 10:14:00,2026-03-28 10:21:08,completed,7.133333333333334,23.88,,306.51,15.22,17.78,10,11,10:03,Q-3007,stainless_steel_304,2.5,MB-2203,2.74,120,12.3,2980.0,2026-04-09 10:00,open,1.0503067484662578,1.4285714285714286,0.4782608695652174,0.9745016373636856,0.9842236368668699,1.0,0.4,0.55,1.4391116197790328,0.9498136690541616,0.2116432639988622,0.2116432639988622,0,pass,-,-,2026-03-28 10:21:08,Zone-B,QR_U-1055,phone_or_ipad
U-1055,bending,B-02,2026-03-28 10:47:08,2026-03-28 10:53:48,completed,6.666666666666667,11.05,84.79,29.98,,7.23,5,23,10:24,Q-3007,stainless_steel_304,2.5,MB-2203,2.74,120,12.3,2980.0,2026-04-09 10:00,open,0.848356309650053,0.7142857142857143,0.9583333333333334,1.0815295815295816,1.0111888111888112,1.0,0.4,0.7,0.6627060213982305,0.5566730579745136,0.08110314277281526,0.08110314277281526,0,pass,-,-,2026-03-28 10:53:48,Zone-A,QR_U-1055,phone_or_ipad
U-1055,welding,W-02,2026-03-28 11:16:48,2026-03-28 11:26:16,completed,9.466666666666667,0.54,,1424.62,3.0,10.17,2,20,10:56,Q-3007,stainless_steel_304,2.5,MB-2203,2.74,120,12.3,2980.0,2026-04-09 10:00,open,0.9701110162254484,0.2857142857142857,0.8333333333333334,0.9657033042641241,1.0626959247648902,1.0,0.4,1.0,0.28445012208024056,0.3413401464962887,0.04579326363494477,0.04579326363494477,0,pass,-,-,2026-03-28 11:26:16,Zone-D,QR_U-1055,phone_or_ipad
U-1056,laser_cutting,L-01,2026-03-28 09:16:00,2026-03-28 09:24:20,completed,8.333333333333334,18.43,,307.13,12.37,19.39,8,38,08:38,Q-3011,stainless_steel_304,2.0,MB-2219,2.78,180,16.1,3728.0,2026-04-06 15:00,accepted,1.226993865030675,1.1428571428571428,1.6521739130434783,0.9764728324802087,1.0733462496540274,1.0,0.2,0.55,1.469719127266156,0.8891800719960246,0.184430610258702,0.184430610258702,0,pass,-,-,2026-03-28 09:24:20,Zone-B,QR_U-1056,phone_or_ipad
U-1056,bending,B-02,2026-03-28 09:46:20,2026-03-28 09:54:03,completed,7.716666666666667,11.29,89.4,28.79,,7.73,9,20,09:26,Q-3011,stainless_steel_304,2.0,MB-2219,2.78,180,16.1,3728.0,2026-04-06 15:00,accepted,0.9819724284199364,1.2857142857142858,0.8333333333333334,1.0386002886002885,1.0811188811188812,1.0,0.2,0.7,1.4176390066806122,1.0915820351440713,0.2862002853222691,0.2862002853222691,0,pass,-,-,2026-03-28 09:54:03,Zone-B,QR_U-1056,phone_or_ipad
U-1056,welding,W-02,2026-03-28 10:34:03,2026-03-28 10:43:39,completed,9.6,0.52,,1518.41,3.14,10.54,10,33,10:01,Q-3011,stainless_steel_304,2.0,MB-2219,2.78,180,16.1,3728.0,2026-04-06 15:00,accepted,0.9837745516652434,1.4285714285714286,1.375,1.0292804777608686,1.1013584117032391,1.0,0.2,1.0,1.593162050061984,1.7524782550681826,0.7223434711972445,0.7223434711972445,1,fail,surface_porosity,medium,2026-03-28 10:43:39,Zone-D,QR_U-1056,phone_or_ipad
U-1057,laser_cutting,L-01,2026-03-28 09:55:00,2026-03-28 10:01:46,completed,6.766666666666667,20.93,,318.2,13.45,18.74,5,25,09:30,Q-3009,galvanized_steel,1.5,MB-2207,2.73,250,6.8,6606.0,2026-04-03 17:00,open,0.9963190184049081,0.7142857142857143,1.0869565217391304,1.0116682033510318,1.0373650705784667,0.75,0.0,0.55,0.746861557250694,0.30808039236591134,0.04185239312329854,0.04185239312329854,0,pass,-,-,2026-03-28 10:01:46,Zone-B,QR_U-1057,phone_or_ipad
U-1057,bending,B-02,2026-03-28 10:13:46,2026-03-28 10:24:24,completed,10.633333333333333,10.83,76.31,27.46,,7.82,11,8,10:05,Q-3009,galvanized_steel,1.5,MB-2207,2.73,250,6.8,6606.0,2026-04-03 17:00,open,1.3531283138918344,1.5714285714285714,0.3333333333333333,0.9906204906204907,1.0937062937062938,0.75,0.0,0.7,2.303783402041242,1.209486286071652,0.35886430412528364,0.35886430412528364,0,pass,-,-,2026-03-28 10:24:24,Zone-A,QR_U-1057,phone_or_ipad
U-1057,welding,W-02,2026-03-28 10:53:24,2026-03-28 11:00:07,completed,6.716666666666667,0.52,,1440.79,3.29,9.16,6,22,10:31,Q-3009,galvanized_steel,1.5,MB-2207,2.73,250,6.8,6606.0,2026-04-03 17:00,open,0.6883005977796756,0.8571428571428571,0.9166666666666666,0.9766644184068084,0.9571577847439916,0.75,0.0,1.0,0.5515187209725961,0.4136390407294471,0.05561025183249748,0.05561025183249748,0,pass,-,-,2026-03-28 11:00:07,Zone-D,QR_U-1057,phone_or_ipad
U-1058,laser_cutting,L-02,2026-03-28 10:46:00,2026-03-28 10:52:49,completed,6.816666666666666,21.82,,310.79,13.8,19.43,4,14,10:32,Q-3008,stainless_steel_304,2.0,MB-2223,1.28,120,10.7,3066.0,2026-04-07 13:00,accepted,1.003680981595092,0.5714285714285714,0.6086956521739131,0.9881092423616191,1.0755604760586772,1.0,0.2,0.55,0.6095333077216318,0.36876765117158733,0.049306473034970696,0.049306473034970696,0,pass,-,-,2026-03-28 10:52:49,Zone-A,QR_U-1058,phone_or_ipad
U-1058,bending,B-01,2026-03-28 11:15:49,2026-03-28 11:25:02,completed,9.216666666666667,10.29,79.49,27.06,,6.94,5,15,11:00,Q-3008,stainless_steel_304,2.0,MB-2223,1.28,120,10.7,3066.0,2026-04-07 13:00,accepted,1.1728525980911984,0.7142857142857143,0.625,0.9761904761904762,0.9706293706293706,1.0,0.2,0.7,0.7937859242207068,0.6112151616499443,0.09337344931320682,0.09337344931320682,0,pass,-,-,2026-03-28 11:25:02,Zone-B,QR_U-1058,phone_or_ipad
U-1058,welding,W-01,2026-03-28 11:43:02,2026-03-28 11:51:05,completed,8.05,0.59,,1534.31,3.1,8.26,8,11,11:32,Q-3008,stainless_steel_304,2.0,MB-2223,1.28,120,10.7,3066.0,2026-04-07 13:00,accepted,0.824935952177626,1.1428571428571428,0.4583333333333333,1.0400585677341945,0.8631138975966561,1.0,0.2,1.0,0.8463267810033693,0.9309594591037064,0.20287893724076095,0.20287893724076095,1,fail,surface_porosity,low,2026-03-28 11:51:05,Zone-D,QR_U-1058,phone_or_ipad
U-1059,laser_cutting,L-03,2026-03-28 09:08:00,2026-03-28 09:15:31,completed,7.516666666666667,21.23,,317.85,14.47,20.67,7,19,08:49,Q-3006,aluminum_5754,2.0,MB-2216,2.65,120,30.5,2836.0,2026-04-10 17:00,accepted,1.1067484662576688,1.0,0.8260869565217391,1.0105554319142849,1.1442014946028234,0.55,0.2,0.55,1.2797100491888889,0.42582351886760283,0.0574488598740319,0.0574488598740319,0,pass,-,-,2026-03-28 09:15:31,Zone-A,QR_U-1059,phone_or_ipad
U-1059,bending,B-02,2026-03-28 09:28:31,2026-03-28 09:34:12,completed,5.683333333333334,11.51,81.43,26.82,,7.28,2,10,09:18,Q-3006,aluminum_5754,2.0,MB-2216,2.65,120,30.5,2836.0,2026-04-10 17:00,accepted,0.7232237539766703,0.2857142857142857,0.4166666666666667,0.9675324675324676,1.018181818181818,0.55,0.2,0.7,0.20356144385836858,0.0862082714740191,0.022784049659094793,0.022784049659094793,0,pass,-,-,2026-03-28 09:34:12,Zone-A,QR_U-1059,phone_or_ipad
U-1059,welding,W-02,2026-03-28 10:15:12,2026-03-28 10:25:53,completed,10.683333333333334,0.58,,1467.9,3.31,10.44,10,30,09:45,Q-3006,aluminum_5754,2.0,MB-2216,2.65,120,30.5,2836.0,2026-04-10 17:00,accepted,1.0947907771135783,1.4285714285714286,1.25,0.9950414007449762,1.0909090909090908,0.55,0.2,1.0,1.697707244231339,1.0271128827599603,0.2504285442944012,0.2504285442944012,0,pass,-,-,2026-03-28 10:25:53,Zone-C,QR_U-1059,phone_or_ipad
U-1060,laser_cutting,L-03,2026-03-28 10:00:00,2026-03-28 10:09:34,completed,9.566666666666666,24.17,,342.56,14.11,19.99,9,29,09:31,Q-3010,galvanized_steel,2.0,MB-2212,1.23,250,24.9,5316.0,2026-04-08 16:00,open,1.4085889570552148,1.2857142857142858,1.2608695652173914,1.0891170953486156,1.1065596457237754,0.75,0.2,0.55,2.182620108121069,0.9903638740599352,0.2314199868708886,0.2314199868708886,0,pass,-,-,2026-03-28 10:09:34,Zone-B,QR_U-1060,phone_or_ipad
U-1060,bending,B-02,2026-03-28 10:51:34,2026-03-28 10:59:43,completed,8.15,10.18,87.35,29.45,,7.54,8,39,10:12,Q-3010,galvanized_steel,2.0,MB-2212,1.23,250,24.9,5316.0,2026-04-08 16:00,open,1.0371155885471899,1.1428571428571428,1.625,1.0624098124098125,1.0545454545454545,0.75,0.2,0.7,1.3279339868424167,0.7668818774014957,0.13792172439240066,0.13792172439240066,0,pass,-,-,2026-03-28 10:59:43,Zone-A,QR_U-1060,phone_or_ipad
U-1060,welding,W-01,2026-03-28 11:29:43,2026-03-28 11:40:57,completed,11.233333333333333,0.58,,1449.3,2.91,8.64,8,25,11:04,Q-3010,galvanized_steel,2.0,MB-2212,1.23,250,24.9,5316.0,2026-04-08 16:00,open,1.1511528608027326,1.1428571428571428,1.0416666666666667,0.9824330690780665,0.9028213166144201,0.75,0.2,1.0,1.166889471558371,0.9626838140356562,0.21778316355229055,0.21778316355229055,0,pass,-,-,2026-03-28 11:40:57,Zone-D,QR_U-1060,phone_or_ipad
U-1061,laser_cutting,L-02,2026-03-28 10:46:00,2026-03-28 10:53:06,completed,7.1,22.76,,314.53,15.38,20.03,8,13,10:33,Q-3011,aluminum_5754,2.5,MB-2203,1.85,180,16.1,3728.0,2026-04-06 15:00,accepted,1.045398773006135,1.1428571428571428,0.5652173913043478,1.0,1.1087738721284253,0.55,0.4,0.55,1.3246981091020764,0.48086541360405377,0.06648676330792046,0.06648676330792046,1,fail,incomplete_cut,low,2026-03-28 10:53:06,Zone-A,QR_U-1061,phone_or_ipad
U-1061,bending,B-02,2026-03-28 11:21:06,2026-03-28 11:27:31,completed,6.416666666666667,11.09,84.1,29.05,,7.23,2,17,11:04,Q-3011,aluminum_5754,2.5,MB-2203,1.85,180,16.1,3728.0,2026-04-06 15:00,accepted,0.8165429480381761,0.2857142857142857,0.7083333333333334,1.047979797979798,1.0111888111888112,0.55,0.4,0.7,0.24722714542438828,0.11421894118606739,0.024617073695267506,0.024617073695267506,0,pass,-,-,2026-03-28 11:27:31,Zone-A,QR_U-1061,phone_or_ipad
U-1061,welding,W-02,2026-03-28 11:57:31,2026-03-28 12:08:22,completed,10.85,0.54,,1434.52,3.32,9.37,10,22,11:35,Q-3011,aluminum_5754,2.5,MB-2203,1.85,180,16.1,3728.0,2026-04-06 15:00,accepted,1.111870196413322,1.4285714285714286,0.9166666666666666,0.9724141904739309,0.9791013584117031,0.55,0.4,1.0,1.5122896857277768,0.9981111925803328,0.23534194423147037,0.23534194423147037,0,pass,-,-,2026-03-28 12:08:22,Zone-D,QR_U-1061,phone_or_ipad
U-1062,laser_cutting,L-01,2026-03-28 08:41:00,2026-03-28 08:48:08,completed,7.133333333333334,19.92,,297.24,13.28,15.89,3,32,08:09,Q-3004,aluminum_5754,3.0,MB-2224,3.22,60,7.2,1664.0,2026-04-04 14:00,open,1.0503067484662578,0.42857142857142855,1.391304347826087,0.9450290910247037,0.8796014392471632,0.55,0.6,0.55,0.37417130587097835,0.14714286603376228,0.026955810692709373,0.026955810692709373,0,pass,-,-,2026-03-28 08:48:08,Zone-A,QR_U-1062,phone_or_ipad
U-1062,bending,B-01,2026-03-28 09:04:08,2026-03-28 09:12:12,completed,8.066666666666666,9.14,70.6,26.12,,7.99,6,9,08:55,Q-3004,aluminum_5754,3.0,MB-2224,3.22,60,7.2,1664.0,2026-04-04 14:00,open,1.026511134676564,0.8571428571428571,0.375,0.9422799422799424,1.1174825174825174,0.55,0.6,0.7,0.9264832223777837,0.4637048528000808,0.06353575018888476,0.06353575018888476,0,pass,-,-,2026-03-28 09:12:12,Zone-A,QR_U-1062,phone_or_ipad
U-1062,welding,W-02,2026-03-28 09:56:12,2026-03-28 10:05:42,completed,9.5,0.52,,1520.06,3.3,8.91,7,39,09:17,Q-3004,aluminum_5754,3.0,MB-2224,3.22,60,7.2,1664.0,2026-04-04 14:00,open,0.9735269000853971,1.0,1.625,1.0303989587958364,0.9310344827586207,0.55,0.6,1.0,0.9339403384003017,0.6677673419562158,0.10782936058337138,0.10782936058337138,0,pass,-,-,2026-03-28 10:05:42,Zone-D,QR_U-1062,phone_or_ipad
U-1063,laser_cutting,L-03,2026-03-28 11:08:00,2026-03-28 11:14:27,completed,6.45,20.85,,309.92,12.94,17.56,10,30,10:38,Q-3010,galvanized_steel,1.5,MB-2206,1.4,250,24.9,5316.0,2026-04-08 16:00,open,0.9496932515337424,1.4285714285714286,1.3043478260869565,0.9853432105045625,0.9720453916412953,0.75,0.0,0.55,1.2994494392006015,0.5360228936702482,0.07685381767110878,0.07685381767110878,0,pass,-,-,2026-03-28 11:14:27,Zone-A,QR_U-1063,phone_or_ipad
U-1063,bending,B-01,2026-03-28 11:29:27,2026-03-28 11:36:31,completed,7.066666666666666,10.27,73.77,26.47,,6.69,2,11,11:18,Q-3010,galvanized_steel,1.5,MB-2206,1.4,250,24.9,5316.0,2026-04-08 16:00,open,0.8992576882290562,0.2857142857142857,0.4583333333333333,0.9549062049062049,0.9356643356643357,0.75,0.0,0.7,0.22956036494481083,0.12051919159602568,0.025048760124800833,0.025048760124800833,0,pass,-,-,2026-03-28 11:36:31,Zone-A,QR_U-1063,phone_or_ipad
U-1063,welding,W-01,2026-03-28 12:21:31,2026-03-28 12:28:53,completed,7.366666666666666,0.64,,1453.8,3.09,8.9,3,38,11:43,Q-3010,galvanized_steel,1.5,MB-2206,1.4,250,24.9,5316.0,2026-04-08 16:00,open,0.7549103330486764,0.42857142857142855,1.5833333333333333,0.9854834719007058,0.9299895506792059,0.75,0.0,1.0,0.29651454269055516,0.22238590701791638,0.03313950696107518,0.03313950696107518,0,pass,-,-,2026-03-28 12:28:53,Zone-C,QR_U-1063,phone_or_ipad
U-1064,laser_cutting,L-03,2026-03-28 08:49:00,2026-03-28 08:54:20,completed,5.333333333333333,23.18,,304.46,13.77,18.37,6,36,08:13,Q-3013,galvanized_steel,1.5,MB-2203,1.25,40,11.2,722.0,2026-04-04 08:00,accepted,0.7852760736196319,0.8571428571428571,1.565217391304348,0.9679839760913108,1.0168834763354555,0.75,0.0,0.55,0.6625443184707861,0.27329953136919927,0.03807910922020896,0.03807910922020896,0,pass,-,-,2026-03-28 08:54:20,Zone-A,QR_U-1064,phone_or_ipad
U-1064,bending,B-01,2026-03-28 09:22:20,2026-03-28 09:29:16,completed,6.933333333333334,9.02,73.96,29.08,,7.7,2,20,09:02,Q-3013,galvanized_steel,1.5,MB-2203,1.25,40,11.2,722.0,2026-04-04 08:00,accepted,0.8822905620360552,0.2857142857142857,0.8333333333333334,1.049062049062049,1.0769230769230769,0.75,0.0,0.7,0.2847930907315849,0.14951637263408205,0.02713252437061283,0.02713252437061283,0,pass,-,-,2026-03-28 09:29:16,Zone-B,QR_U-1064,phone_or_ipad
U-1064,welding,W-01,2026-03-28 09:58:16,2026-03-28 10:05:34,completed,7.3,0.61,,1463.15,3.21,8.32,4,24,09:34,Q-3013,galvanized_steel,1.5,MB-2203,1.25,40,11.2,722.0,2026-04-04 08:00,accepted,0.7480785653287788,0.5714285714285714,1.0,0.9918215310988567,0.8693834900731453,0.75,0.0,1.0,0.3685989408179086,0.27644920561343145,0.03840689862838285,0.03840689862838285,0,pass,-,-,2026-03-28 10:05:34,Zone-C,QR_U-1064,phone_or_ipad
U-1065,laser_cutting,L-02,2026-03-28 10:01:00,2026-03-28 10:07:21,completed,6.35,20.48,,310.4,13.89,19.73,9,10,09:51,Q-3017,stainless_steel_304,1.5,MB-2222,2.37,250,28.1,6304.0,2026-04-08 14:00,accepted,0.9349693251533743,1.2857142857142858,0.43478260869565216,0.9868692970463867,1.0921671740935512,1.0,0.0,0.55,1.2956586208223495,0.7126122414522923,0.12065761941282285,0.12065761941282285,0,pass,-,-,2026-03-28 10:07:21,Zone-B,QR_U-1065,phone_or_ipad
U-1065,bending,B-01,2026-03-28 10:40:21,2026-03-28 10:46:42,completed,6.35,9.63,80.93,27.19,,6.75,2,31,10:09,Q-3017,stainless_steel_304,1.5,MB-2222,2.37,250,28.1,6304.0,2026-04-08 14:00,accepted,0.8080593849416755,0.2857142857142857,1.2916666666666667,0.980880230880231,0.9440559440559441,1.0,0.0,0.7,0.2137907677701924,0.14965353743913468,0.027142770993786786,0.027142770993786786,0,pass,-,-,2026-03-28 10:46:42,Zone-A,QR_U-1065,phone_or_ipad
U-1065,welding,W-02,2026-03-28 11:28:42,2026-03-28 11:39:13,completed,10.516666666666667,0.54,,1444.77,3.45,9.62,9,34,10:54,Q-3017,stainless_steel_304,1.5,MB-2222,2.37,250,28.1,6304.0,2026-04-08 14:00,accepted,1.0777113578138344,1.2857142857142858,1.4166666666666667,0.9793623302366095,1.005224660397074,1.0,0.0,1.0,1.3641227723994607,1.3641227723994607,0.4643734671179938,0.4643734671179938,1,fail,surface_porosity,medium,2026-03-28 11:39:13,Zone-D,QR_U-1065,phone_or_ipad
U-1066,laser_cutting,L-01,2026-03-28 09:20:00,2026-03-28 09:26:07,completed,6.116666666666666,18.19,,286.48,13.64,18.1,8,12,09:08,Q-3013,aluminum_5754,1.5,MB-2214,1.05,40,11.2,722.0,2026-04-04 08:00,accepted,0.9006134969325154,1.1428571428571428,0.5217391304347826,0.9108193177121421,1.0019374481040688,0.55,0.0,0.55,0.9392976594963524,0.2841375419976466,0.03921844478223864,0.03921844478223864,0,pass,-,-,2026-03-28 09:26:07,Zone-A,QR_U-1066,phone_or_ipad
U-1066,bending,B-01,2026-03-28 09:56:07,2026-03-28 10:03:06,completed,6.983333333333333,9.78,77.41,29.13,,8.0,5,28,09:28,Q-3013,aluminum_5754,1.5,MB-2214,1.05,40,11.2,722.0,2026-04-04 08:00,accepted,0.8886532343584306,0.7142857142857143,1.1666666666666667,1.050865800865801,1.1188811188811187,0.55,0.0,0.7,0.7463378963564886,0.28734009009724815,0.039561322579081,0.039561322579081,0,pass,-,-,2026-03-28 10:03:06,Zone-B,QR_U-1066,phone_or_ipad
U-1066,welding,W-01,2026-03-28 10:42:06,2026-03-28 10:50:40,completed,8.566666666666666,0.58,,1455.19,3.03,9.97,4,35,10:07,Q-3013,aluminum_5754,1.5,MB-2214,1.05,40,11.2,722.0,2026-04-04 08:00,accepted,0.8778821520068318,0.5714285714285714,1.4583333333333333,0.9864257074392545,1.0417972831765936,0.55,0.0,1.0,0.5155203022977216,0.2835361662637469,0.03915437770413661,0.03915437770413661,0,pass,-,-,2026-03-28 10:50:40,Zone-D,QR_U-1066,phone_or_ipad
U-1067,laser_cutting,L-01,2026-03-28 10:24:00,2026-03-28 10:30:04,completed,6.066666666666666,20.67,,285.41,12.36,16.41,10,9,10:15,Q-3016,stainless_steel_304,2.0,MB-2203,2.86,180,25.0,4388.0,2026-04-04 08:00,accepted,0.8932515337423313,1.4285714285714286,0.391304347826087,0.9074174164626587,0.9083863825076115,1.0,0.2,0.55,1.0518491402938823,0.6363687298777989,0.0995754449334186,0.0995754449334186,0,pass,-,-,2026-03-28 10:30:04,Zone-A,QR_U-1067,phone_or_ipad
U-1067,bending,B-01,2026-03-28 11:13:04,2026-03-28 11:19:47,completed,6.716666666666667,9.96,84.17,26.78,,6.52,10,33,10:40,Q-3016,stainless_steel_304,2.0,MB-2203,2.86,180,25.0,4388.0,2026-04-04 08:00,accepted,0.8547189819724285,1.4285714285714286,1.375,0.9660894660894662,0.9118881118881118,1.0,0.2,0.7,1.0756827636914679,0.8282757280424302,0.1599038100423167,0.1599038100423167,0,pass,-,-,2026-03-28 11:19:47,Zone-A,QR_U-1067,phone_or_ipad
U-1067,welding,W-02,2026-03-28 11:43:47,2026-03-28 11:52:42,completed,8.916666666666666,0.5,,1422.5,3.26,8.78,3,18,11:25,Q-3016,stainless_steel_304,2.0,MB-2203,2.86,180,25.0,4388.0,2026-04-04 08:00,accepted,0.9137489325362937,0.42857142857142855,0.75,0.964266225601014,0.9174503657262277,1.0,0.2,1.0,0.34644127708743067,0.38108540479617375,0.050966143842832594,0.050966143842832594,0,pass,-,-,2026-03-28 11:52:42,Zone-D,QR_U-1067,phone_or_ipad
U-1068,laser_cutting,L-02,2026-03-28 09:30:00,2026-03-28 09:37:04,completed,7.066666666666666,19.59,,305.53,15.2,19.24,11,32,08:58,Q-3005,stainless_steel_304,2.5,MB-2222,2.27,40,7.2,963.0,2026-04-06 16:00,accepted,1.0404907975460123,1.5714285714285714,1.391304347826087,0.9713858773407942,1.0650429006365902,1.0,0.4,0.55,1.691577015846555,1.1164408304587263,0.30078305297494096,0.30078305297494096,0,pass,-,-,2026-03-28 09:37:04,Zone-B,QR_U-1068,phone_or_ipad
U-1068,bending,B-01,2026-03-28 10:22:04,2026-03-28 10:30:32,completed,8.466666666666667,9.63,83.92,26.56,,7.25,11,39,09:43,Q-3005,stainless_steel_304,2.5,MB-2222,2.27,40,7.2,963.0,2026-04-06 16:00,accepted,1.0774125132555674,1.5714285714285714,1.625,0.9581529581529582,1.013986013986014,1.0,0.4,0.7,1.6449150337955065,1.3817286283882253,0.476783776516923,0.476783776516923,1,fail,surface_crack,medium,2026-03-28 10:30:32,Zone-B,QR_U-1068,phone_or_ipad
U-1068,welding,W-01,2026-03-28 11:13:32,2026-03-28 11:23:33,completed,10.016666666666667,0.64,,1514.82,3.17,9.58,6,37,10:36,Q-3005,stainless_steel_304,2.5,MB-2222,2.27,40,7.2,963.0,2026-04-06 16:00,accepted,1.026473099914603,0.8571428571428571,1.5416666666666667,1.0268469341756963,1.0010449320794148,1.0,0.4,1.0,0.9043989824660685,1.0852787789592822,0.28257066235797695,0.28257066235797695,0,pass,-,-,2026-03-28 11:23:33,Zone-D,QR_U-1068,phone_or_ipad
U-1069,laser_cutting,L-01,2026-03-28 08:30:00,2026-03-28 08:34:50,completed,4.833333333333333,18.53,,313.31,13.83,16.21,3,9,08:21,Q-3017,stainless_steel_304,2.5,MB-2219,3.45,250,28.1,6304.0,2026-04-08 14:00,accepted,0.7116564417177914,0.42857142857142855,0.391304347826087,0.9961211967061966,0.8973152504843622,1.0,0.4,0.55,0.2726156791542952,0.17992634824183484,0.02949863758408178,0.02949863758408178,0,pass,-,-,2026-03-28 08:34:50,Zone-B,QR_U-1069,phone_or_ipad
U-1069,bending,B-01,2026-03-28 08:57:50,2026-03-28 09:06:43,completed,8.883333333333333,10.47,78.66,27.72,,7.19,9,19,08:38,Q-3017,stainless_steel_304,2.5,MB-2219,3.45,250,28.1,6304.0,2026-04-08 14:00,accepted,1.1304347826086956,1.2857142857142858,0.7916666666666666,1.0,1.0055944055944055,1.0,0.4,0.7,1.4615471485036702,1.2276996047430828,0.3708057617516782,0.3708057617516782,0,pass,-,-,2026-03-28 09:06:43,Zone-A,QR_U-1069,phone_or_ipad
U-1069,welding,W-02,2026-03-28 09:53:43,2026-03-28 10:01:56,completed,8.216666666666667,0.54,,1432.09,3.24,10.48,10,39,09:14,Q-3017,stainless_steel_304,2.5,MB-2219,3.45,250,28.1,6304.0,2026-04-08 14:00,accepted,0.8420153714773698,1.4285714285714286,1.625,0.9707669729497055,1.0950888192267503,1.0,0.4,1.0,1.2787519743048605,1.5345023691658326,0.5840317330359225,0.5840317330359225,0,pass,-,-,2026-03-28 10:01:56,Zone-C,QR_U-1069,phone_or_ipad
U-1070,laser_cutting,L-01,2026-03-28 08:17:00,2026-03-28 08:24:10,completed,7.166666666666667,18.78,,319.31,13.41,16.62,5,15,08:02,Q-3012,aluminum_5754,2.0,MB-2201,1.88,120,21.8,2491.0,2026-04-02 16:00,open,1.0552147239263805,0.7142857142857143,0.6521739130434783,1.0151972784790004,0.9200110711320234,0.55,0.2,0.55,0.703973490448774,0.23424717894682962,0.03423188483241465,0.03423188483241465,0,pass,-,-,2026-03-28 08:24:10,Zone-B,QR_U-1070,phone_or_ipad
U-1070,bending,B-01,2026-03-28 08:54:10,2026-03-28 09:02:48,completed,8.633333333333333,10.05,83.43,28.6,,7.76,10,27,08:27,Q-3012,aluminum_5754,2.0,MB-2201,1.88,120,21.8,2491.0,2026-04-02 16:00,open,1.0986214209968186,1.4285714285714286,1.125,1.0317460317460319,1.0853146853146853,0.55,0.2,0.7,1.7574319164987244,0.7442724166372098,0.13048992073146812,0.13048992073146812,0,pass,-,-,2026-03-28 09:02:48,Zone-B,QR_U-1070,phone_or_ipad
U-1070,welding,W-02,2026-03-28 09:44:48,2026-03-28 09:52:55,completed,8.116666666666667,0.57,,1546.26,3.42,9.67,6,32,09:12,Q-3012,aluminum_5754,2.0,MB-2201,1.88,120,21.8,2491.0,2026-04-02 16:00,open,0.8317677198975236,0.8571428571428571,1.3333333333333333,1.048159081896537,1.0104493207941483,0.55,0.2,1.0,0.7550870293603925,0.45682765276303755,0.062387731622617,0.062387731622617,0,pass,-,-,2026-03-28 09:52:55,Zone-C,QR_U-1070,phone_or_ipad
U-1071,laser_cutting,L-02,2026-03-28 08:48:00,2026-03-28 08:54:24,completed,6.4,21.39,,310.28,13.76,19.33,9,29,08:19,Q-3015,galvanized_steel,1.5,MB-2219,2.81,40,22.2,852.0,2026-04-08 14:00,accepted,0.9423312883435584,1.2857142857142858,1.2608695652173914,0.9864877754109306,1.0700249100470522,0.75,0.0,0.55,1.2788914286817326,0.5275427143312147,0.07516863299568871,0.07516863299568871,0,pass,-,-,2026-03-28 08:54:24,Zone-A,QR_U-1071,phone_or_ipad
U-1071,bending,B-02,2026-03-28 09:21:24,2026-03-28 09:31:12,completed,9.8,10.68,86.82,26.94,,7.33,7,21,09:00,Q-3015,galvanized_steel,1.5,MB-2219,2.81,40,22.2,852.0,2026-04-08 14:00,accepted,1.2470837751855781,1.0,0.875,0.971861471861472,1.0251748251748252,0.75,0.0,0.7,1.2425043769495716,0.6523147978985251,0.10369462569169563,0.10369462569169563,1,fail,angle_deviation,medium,2026-03-28 09:31:12,Zone-A,QR_U-1071,phone_or_ipad
U-1071,welding,W-01,2026-03-28 10:10:12,2026-03-28 10:19:30,completed,9.3,0.62,,1387.45,2.99,9.45,11,30,09:40,Q-3015,galvanized_steel,1.5,MB-2219,2.81,40,22.2,852.0,2026-04-08 14:00,accepted,0.9530315969257046,1.5714285714285714,1.25,0.9405069769491226,0.9874608150470219,0.75,0.0,1.0,1.3908613440438449,1.0431460080328836,0.25904045243053947,0.25904045243053947,0,pass,-,-,2026-03-28 10:19:30,Zone-D,QR_U-1071,phone_or_ipad
U-1072,laser_cutting,L-03,2026-03-28 11:16:00,2026-03-28 11:23:24,completed,7.4,20.14,,306.44,13.54,19.73,2,38,10:38,Q-3019,stainless_steel_304,2.5,MB-2214,1.44,120,29.6,2459.0,2026-04-05 14:00,accepted,1.0895705521472394,0.2857142857142857,1.6521739130434783,0.9742790830763361,1.0921671740935512,1.0,0.4,0.55,0.331252992831706,0.21862697526892597,0.032800402472598654,0.032800402472598654,0,pass,-,-,2026-03-28 11:23:24,Zone-A,QR_U-1072,phone_or_ipad
U-1072,bending,B-02,2026-03-28 12:04:24,2026-03-28 12:12:53,completed,8.483333333333333,10.62,80.92,26.92,,6.69,5,37,11:27,Q-3019,stainless_steel_304,2.5,MB-2214,1.44,120,29.6,2459.0,2026-04-05 14:00,accepted,1.0795334040296924,0.7142857142857143,1.5416666666666667,0.9711399711399712,0.9356643356643357,1.0,0.4,0.7,0.70066424373623,0.5885579647384331,0.08808593932990781,0.08808593932990781,0,pass,-,-,2026-03-28 12:12:53,Zone-B,QR_U-1072,phone_or_ipad
U-1072,welding,W-02,2026-03-28 12:42:53,2026-03-28 12:53:50,completed,10.95,0.51,,1523.5,3.2,8.97,7,20,12:22,Q-3019,stainless_steel_304,2.5,MB-2214,1.44,120,29.6,2459.0,2026-04-05 14:00,accepted,1.1221178479931682,1.0,0.8333333333333334,1.0327308222869207,0.9373040752351097,1.0,0.4,1.0,1.0861907858005753,1.3034289429606902,0.4220208393086044,0.4220208393086044,0,pass,-,-,2026-03-28 12:53:50,Zone-C,QR_U-1072,phone_or_ipad
U-1073,laser_cutting,L-01,2026-03-28 10:50:00,2026-03-28 10:58:46,completed,8.766666666666667,19.45,,298.05,11.77,15.4,10,27,10:23,Q-3005,aluminum_5754,3.0,MB-2217,3.38,40,7.2,963.0,2026-04-06 16:00,accepted,1.2907975460122703,1.4285714285714286,1.173913043478261,0.9476043620640322,0.8524771657902022,0.55,0.6,0.55,1.4896008011702777,0.5857855150602118,0.08745782986348058,0.08745782986348058,0,pass,-,-,2026-03-28 10:58:46,Zone-B,QR_U-1073,phone_or_ipad
U-1073,bending,B-01,2026-03-28 11:29:46,2026-03-28 11:37:24,completed,7.633333333333334,10.86,82.41,25.85,,7.79,7,24,11:05,Q-3005,aluminum_5754,3.0,MB-2217,3.38,40,7.2,963.0,2026-04-06 16:00,accepted,0.9713679745493108,1.0,1.0,0.9325396825396827,1.0895104895104895,0.55,0.6,0.7,0.9869212912691175,0.4939541062801934,0.06882261466000573,0.06882261466000573,0,pass,-,-,2026-03-28 11:37:24,Zone-B,QR_U-1073,phone_or_ipad
U-1073,welding,W-02,2026-03-28 12:11:24,2026-03-28 12:19:31,completed,8.116666666666667,0.55,,1493.86,2.97,8.74,2,28,11:43,Q-3005,aluminum_5754,3.0,MB-2217,3.38,40,7.2,963.0,2026-04-06 16:00,accepted,0.8317677198975236,0.2857142857142857,1.1666666666666667,1.0126388356951357,0.9132706374085684,0.55,0.6,1.0,0.21977996065671054,0.15714267186954806,0.027707976846080846,0.027707976846080846,0,pass,-,-,2026-03-28 12:19:31,Zone-C,QR_U-1073,phone_or_ipad
U-1074,laser_cutting,L-02,2026-03-28 08:46:00,2026-03-28 08:53:24,completed,7.4,22.18,,294.78,12.76,17.21,4,8,08:38,Q-3001,aluminum_5754,4.0,MB-2221,3.13,80,17.9,1707.0,2026-04-09 15:00,accepted,1.0895705521472394,0.5714285714285714,0.34782608695652173,0.9372078974978539,0.952670910600609,0.55,1.0,0.55,0.5558993322381421,0.25223932200305704,0.035955447243166114,0.035955447243166114,0,pass,-,-,2026-03-28 08:53:24,Zone-B,QR_U-1074,phone_or_ipad
U-1074,bending,B-02,2026-03-28 09:09:24,2026-03-28 09:17:43,completed,8.316666666666666,9.93,78.44,26.76,,6.36,10,11,08:58,Q-3001,aluminum_5754,4.0,MB-2221,3.13,80,17.9,1707.0,2026-04-09 15:00,accepted,1.058324496288441,1.4285714285714286,0.4583333333333333,0.9653679653679654,0.8895104895104895,0.55,1.0,0.7,1.2982692343119826,0.74975048281517,0.1322587226008658,0.1322587226008658,0,pass,-,-,2026-03-28 09:17:43,Zone-A,QR_U-1074,phone_or_ipad
U-1074,welding,W-01,2026-03-28 10:00:43,2026-03-28 10:11:25,completed,10.7,0.63,,1561.26,2.92,9.06,8,35,09:25,Q-3001,aluminum_5754,4.0,MB-2221,3.13,80,17.9,1707.0,2026-04-09 15:00,accepted,1.0964987190435525,1.1428571428571428,1.4583333333333333,1.058327091305335,0.9467084639498433,0.55,1.0,1.0,1.255556466040331,1.0358340844832732,0.2550892153033861,0.2550892153033861,1,fail,weak_joint,low,2026-03-28 10:11:25,Zone-C,QR_U-1074,phone_or_ipad
U-1075,laser_cutting,L-03,2026-03-28 09:09:00,2026-03-28 09:16:07,completed,7.116666666666666,23.79,,309.79,14.09,18.05,5,25,08:44,Q-3008,stainless_steel_304,2.0,MB-2210,1.93,120,10.7,3066.0,2026-04-07 13:00,accepted,1.0478527607361963,0.7142857142857143,1.0869565217391304,0.9849298953994851,0.9991696650982564,1.0,0.2,0.55,0.7365746809524591,0.44562768197623787,0.060559477804737354,0.060559477804737354,0,pass,-,-,2026-03-28 09:16:07,Zone-B,QR_U-1075,phone_or_ipad
U-1075,bending,B-02,2026-03-28 10:03:07,2026-03-28 10:09:59,completed,6.866666666666666,11.36,89.6,28.64,,7.94,3,39,09:24,Q-3008,stainless_steel_304,2.0,MB-2210,1.93,120,10.7,3066.0,2026-04-07 13:00,accepted,0.8738069989395546,0.42857142857142855,1.625,1.0331890331890332,1.1104895104895105,1.0,0.2,0.7,0.42966797196321643,0.33084433841167665,0.044512927953116545,0.044512927953116545,0,pass,-,-,2026-03-28 10:09:59,Zone-B,QR_U-1075,phone_or_ipad
U-1075,welding,W-01,2026-03-28 10:47:59,2026-03-28 10:57:19,completed,9.333333333333334,0.57,,1500.81,2.82,9.37,11,28,10:19,Q-3008,stainless_steel_304,2.0,MB-2210,1.93,120,10.7,3066.0,2026-04-07 13:00,accepted,0.9564474807856534,1.5714285714285714,1.1666666666666667,1.017350013387879,0.9791013584117031,1.0,0.2,1.0,1.4971103782709623,1.6468214160980585,0.65862136616465,0.65862136616465,1,fail,surface_porosity,low,2026-03-28 10:57:19,Zone-C,QR_U-1075,phone_or_ipad
U-1076,laser_cutting,L-01,2026-03-28 10:33:00,2026-03-28 10:38:48,completed,5.8,21.87,,292.14,11.76,18.36,6,39,09:54,Q-3012,galvanized_steel,2.5,MB-2215,1.24,120,21.8,2491.0,2026-04-02 16:00,open,0.8539877300613498,0.8571428571428571,1.6956521739130435,0.9288144215178202,1.016329919734293,0.75,0.4,0.55,0.6909848129527836,0.34203748241162785,0.04587955947146687,0.04587955947146687,0,pass,-,-,2026-03-28 10:38:48,Zone-A,QR_U-1076,phone_or_ipad
U-1076,bending,B-01,2026-03-28 11:09:48,2026-03-28 11:16:52,completed,7.066666666666666,10.96,73.75,27.07,,7.25,2,24,10:45,Q-3012,galvanized_steel,2.5,MB-2215,1.24,120,21.8,2491.0,2026-04-02 16:00,open,0.8992576882290562,0.2857142857142857,1.0,0.9765512265512266,1.013986013986014,0.75,0.4,0.7,0.2544152323111434,0.16028159635602032,0.02794825794518001,0.02794825794518001,0,pass,-,-,2026-03-28 11:16:52,Zone-B,QR_U-1076,phone_or_ipad
U-1076,welding,W-02,2026-03-28 11:48:52,2026-03-28 11:58:37,completed,9.75,0.56,,1444.61,3.42,9.57,2,24,11:24,Q-3012,galvanized_steel,2.5,MB-2215,1.24,120,21.8,2491.0,2026-04-02 16:00,open,0.9991460290350128,0.2857142857142857,1.0,0.9792538714695822,1.0,0.75,0.4,1.0,0.27954789059885593,0.2515931015389703,0.03589212030024337,0.03589212030024337,0,pass,-,-,2026-03-28 11:58:37,Zone-C,QR_U-1076,phone_or_ipad
U-1077,laser_cutting,L-02,2026-03-28 09:28:00,2026-03-28 09:32:56,completed,4.933333333333334,20.63,,320.73,14.13,16.48,3,23,09:05,Q-3004,galvanized_steel,2.0,MB-2217,1.74,60,7.2,1664.0,2026-04-04 14:00,open,0.7263803680981596,0.42857142857142855,1.0,1.0197119511652308,0.9122612787157488,0.75,0.2,0.55,0.2895903351097815,0.13140161455606336,0.025811844833591974,0.025811844833591974,0,pass,-,-,2026-03-28 09:32:56,Zone-B,QR_U-1077,phone_or_ipad
U-1077,bending,B-02,2026-03-28 09:51:56,2026-03-28 09:59:25,completed,7.483333333333333,10.01,86.69,27.33,,6.75,11,10,09:41,Q-3004,galvanized_steel,2.0,MB-2217,1.74,60,7.2,1664.0,2026-04-04 14:00,open,0.9522799575821845,1.5714285714285714,0.4166666666666667,0.9859307359307359,0.9440559440559441,0.75,0.2,0.7,1.3928470408549183,0.8043691660937152,0.15102449243942428,0.15102449243942428,0,pass,-,-,2026-03-28 09:59:25,Zone-A,QR_U-1077,phone_or_ipad
U-1077,welding,W-02,2026-03-28 10:19:25,2026-03-28 10:28:05,completed,8.666666666666666,0.59,,1569.91,3.44,9.12,9,15,10:04,Q-3004,galvanized_steel,2.0,MB-2217,1.74,60,7.2,1664.0,2026-04-04 14:00,open,0.888129803586678,1.2857142857142858,0.625,1.064190643397742,0.9529780564263322,0.75,0.2,1.0,1.1580391726576589,0.9553823174425686,0.21428421423052849,0.21428421423052849,0,pass,-,-,2026-03-28 10:28:05,Zone-C,QR_U-1077,phone_or_ipad
U-1078,laser_cutting,L-02,2026-03-28 11:11:00,2026-03-28 11:18:39,completed,7.65,19.01,,297.13,13.9,20.29,11,24,10:47,Q-3013,galvanized_steel,3.0,MB-2210,1.9,40,11.2,722.0,2026-04-04 08:00,accepted,1.1263803680981597,1.5714285714285714,1.0434782608695652,0.9446793628588689,1.1231663437586494,0.75,0.6,0.55,1.8780546542564585,1.0071068083450259,0.23995324953044733,0.23995324953044733,1,fail,edge_burr,low,2026-03-28 11:18:39,Zone-A,QR_U-1078,phone_or_ipad
U-1078,bending,B-01,2026-03-28 11:55:39,2026-03-28 12:07:33,completed,11.9,10.64,76.13,28.37,,7.99,5,30,11:25,Q-3013,galvanized_steel,3.0,MB-2210,1.9,40,11.2,722.0,2026-04-04 08:00,accepted,1.5143160127253448,0.7142857142857143,1.25,1.0234487734487736,1.1174825174825174,0.75,0.6,0.7,1.2370729948094261,0.8443023189574335,0.1660899253936196,0.1660899253936196,0,pass,-,-,2026-03-28 12:07:33,Zone-A,QR_U-1078,phone_or_ipad
U-1078,welding,W-02,2026-03-28 12:31:33,2026-03-28 12:41:52,completed,10.316666666666666,0.53,,1553.28,3.25,10.06,11,15,12:16,Q-3013,galvanized_steel,3.0,MB-2210,1.9,40,11.2,722.0,2026-04-04 08:00,accepted,1.0572160546541418,1.5714285714285714,0.625,1.0529177102998544,1.051201671891327,0.75,0.6,1.0,1.8388185165911934,1.7928480536764138,0.7446622362781986,0.7446622362781986,1,fail,surface_porosity,medium,2026-03-28 12:41:52,Zone-D,QR_U-1078,phone_or_ipad
U-1079,laser_cutting,L-02,2026-03-28 08:55:00,2026-03-28 09:02:32,completed,7.533333333333333,21.48,,309.13,15.11,16.96,3,14,08:41,Q-3010,galvanized_steel,2.0,MB-2207,2.53,250,24.9,5316.0,2026-04-08 16:00,open,1.10920245398773,0.42857142857142855,0.6086956521739131,0.9828315264044766,0.9388319955715474,0.75,0.2,0.55,0.43863269219286416,0.19902958408251215,0.031086083524095805,0.031086083524095805,0,pass,-,-,2026-03-28 09:02:32,Zone-A,QR_U-1079,phone_or_ipad
U-1079,bending,B-01,2026-03-28 09:39:32,2026-03-28 09:48:52,completed,9.333333333333334,9.37,84.15,27.95,,6.57,2,30,09:09,Q-3010,galvanized_steel,2.0,MB-2207,2.53,250,24.9,5316.0,2026-04-08 16:00,open,1.1876988335100742,0.2857142857142857,1.25,1.0082972582972582,0.9188811188811189,0.75,0.2,0.7,0.31440265123866773,0.18156753109033064,0.029631872700914236,0.029631872700914236,0,pass,-,-,2026-03-28 09:48:52,Zone-A,QR_U-1079,phone_or_ipad
U-1079,welding,W-01,2026-03-28 10:14:52,2026-03-28 10:23:31,completed,8.65,0.63,,1437.76,3.29,9.19,10,19,09:55,Q-3010,galvanized_steel,2.0,MB-2207,2.53,250,24.9,5316.0,2026-04-08 16:00,open,0.8864218616567038,1.4285714285714286,0.7916666666666666,0.9746104805062312,0.960292580982236,0.75,0.2,1.0,1.1851602292316914,0.9777571891161454,0.22513623886433543,0.22513623886433543,0,pass,-,-,2026-03-28 10:23:31,Zone-D,QR_U-1079,phone_or_ipad
U-1080,laser_cutting,L-02,2026-03-28 08:31:00,2026-03-28 08:35:52,completed,4.866666666666666,23.09,,333.99,14.44,16.78,3,11,08:20,Q-3008,galvanized_steel,1.5,MB-2214,1.18,120,10.7,3066.0,2026-04-07 13:00,accepted,0.7165644171779141,0.42857142857142855,0.4782608695652174,1.0618700918831274,0.9288679767506229,0.75,0.0,0.55,0.3029031798302763,0.12494756167998898,0.025356592374110323,0.025356592374110323,0,pass,-,-,2026-03-28 08:35:52,Zone-B,QR_U-1080,phone_or_ipad
U-1080,bending,B-01,2026-03-28 08:49:52,2026-03-28 08:57:04,completed,7.2,9.42,76.11,29.07,,6.89,5,9,08:40,Q-3008,galvanized_steel,1.5,MB-2214,1.18,120,10.7,3066.0,2026-04-07 13:00,accepted,0.9162248144220573,0.7142857142857143,0.375,1.0487012987012987,0.9636363636363635,0.75,0.0,0.7,0.6613616376324506,0.34721485975703653,0.046525121218972725,0.046525121218972725,0,pass,-,-,2026-03-28 08:57:04,Zone-A,QR_U-1080,phone_or_ipad
U-1080,welding,W-02,2026-03-28 09:32:04,2026-03-28 09:39:37,completed,7.55,0.51,,1546.9,3.51,10.69,7,25,09:07,Q-3008,galvanized_steel,1.5,MB-2214,1.18,120,10.7,3066.0,2026-04-07 13:00,accepted,0.7736976942783945,1.0,1.0416666666666667,1.0485929169646457,1.1170323928944619,0.75,0.0,1.0,0.9062415911353859,0.6796811933515394,0.11111552841969537,0.11111552841969537,0,pass,-,-,2026-03-28 09:39:37,Zone-C,QR_U-1080,phone_or_ipad
U-1081,laser_cutting,L-02,2026-03-28 10:33:00,2026-03-28 10:42:10,completed,9.166666666666666,21.89,,327.79,12.88,17.28,11,23,10:10,Q-3016,stainless_steel_304,3.0,MB-2202,1.07,180,25.0,4388.0,2026-04-04 08:00,accepted,1.3496932515337423,1.5714285714285714,1.0,1.0421581407178968,0.9565458068087463,1.0,0.6,0.55,2.1143122163676025,1.511733234702836,0.5683004468426337,0.5683004468426337,1,fail,incomplete_cut,high,2026-03-28 10:42:10,Zone-B,QR_U-1081,phone_or_ipad
U-1081,bending,B-02,2026-03-28 11:13:10,2026-03-28 11:23:06,completed,9.933333333333334,10.89,86.08,28.97,,7.39,10,26,10:47,Q-3016,stainless_steel_304,3.0,MB-2202,1.07,180,25.0,4388.0,2026-04-04 08:00,accepted,1.264050901378579,1.4285714285714286,1.0833333333333333,1.045093795093795,1.0335664335664334,1.0,0.6,0.7,1.9505639280604503,1.7750131745350097,0.7349490611633198,0.7349490611633198,1,fail,springback,low,2026-03-28 11:23:06,Zone-B,QR_U-1081,phone_or_ipad
U-1081,welding,W-01,2026-03-28 12:03:06,2026-03-28 12:12:39,completed,9.55,0.62,,1438.78,3.11,8.26,5,36,11:27,Q-3016,stainless_steel_304,3.0,MB-2202,1.07,180,25.0,4388.0,2026-04-04 08:00,accepted,0.9786507258753203,0.7142857142857143,1.5,0.9753019051460294,0.8631138975966561,1.0,0.6,1.0,0.5884463440721621,0.7649802472938108,0.13728320576304567,0.13728320576304567,0,pass,-,-,2026-03-28 12:12:39,Zone-D,QR_U-1081,phone_or_ipad
U-1082,laser_cutting,L-01,2026-03-28 10:57:00,2026-03-28 11:03:00,completed,6.0,19.12,,310.07,13.5,17.48,9,30,10:27,Q-3017,galvanized_steel,2.5,MB-2222,1.82,250,28.1,6304.0,2026-04-08 14:00,accepted,0.883435582822086,1.2857142857142858,1.3043478260869565,0.9858201125488826,0.9676169388319957,0.75,0.4,0.55,1.083478988999525,0.5363220995547648,0.07691390406222483,0.07691390406222483,0,pass,-,-,2026-03-28 11:03:00,Zone-B,QR_U-1082,phone_or_ipad
U-1082,bending,B-01,2026-03-28 11:35:00,2026-03-28 11:41:59,completed,6.983333333333333,10.31,84.84,28.71,,7.64,6,28,11:07,Q-3017,galvanized_steel,2.5,MB-2222,1.82,250,28.1,6304.0,2026-04-08 14:00,accepted,0.8886532343584306,0.8571428571428571,1.1666666666666667,1.0357142857142858,1.0685314685314684,0.75,0.4,0.7,0.842971359802143,0.5310719566753501,0.07586580175295554,0.07586580175295554,0,pass,-,-,2026-03-28 11:41:59,Zone-A,QR_U-1082,phone_or_ipad
U-1082,welding,W-02,2026-03-28 12:11:59,2026-03-28 12:19:20,completed,7.35,0.59,,1529.86,3.24,8.81,3,26,11:45,Q-3017,galvanized_steel,2.5,MB-2222,1.82,250,28.1,6304.0,2026-04-08 14:00,accepted,0.753202391118702,0.42857142857142855,1.0833333333333333,1.0370420582762512,0.9205851619644724,0.75,0.4,1.0,0.3081734677940874,0.27735612101467866,0.03850178335967704,0.03850178335967704,0,pass,-,-,2026-03-28 12:19:20,Zone-D,QR_U-1082,phone_or_ipad
U-1083,laser_cutting,L-02,2026-03-28 09:37:00,2026-03-28 09:40:24,completed,3.4,23.0,,298.96,13.78,16.39,4,26,09:11,Q-3006,aluminum_5754,2.0,MB-2215,1.1,120,30.5,2836.0,2026-04-10 17:00,accepted,0.5006134969325153,0.5714285714285714,1.1304347826086956,0.950497567799574,0.9072792693052866,0.55,0.2,0.55,0.24669281642501453,0.08208703466542361,0.02252585424754301,0.02252585424754301,0,pass,-,-,2026-03-28 09:40:24,Zone-A,QR_U-1083,phone_or_ipad
U-1083,bending,B-02,2026-03-28 10:02:24,2026-03-28 10:11:21,completed,8.95,10.52,87.88,27.66,,7.89,11,13,09:49,Q-3006,aluminum_5754,2.0,MB-2215,1.1,120,30.5,2836.0,2026-04-10 17:00,accepted,1.1389183457051961,1.5714285714285714,0.5416666666666666,0.9978354978354979,1.1034965034965034,0.55,0.2,0.7,1.9706847008467971,0.8345849708086187,0.1623165625961213,0.1623165625961213,0,pass,-,-,2026-03-28 10:11:21,Zone-A,QR_U-1083,phone_or_ipad
U-1083,welding,W-01,2026-03-28 10:37:21,2026-03-28 10:47:45,completed,10.4,0.63,,1434.95,3.2,8.73,8,21,10:16,Q-3006,aluminum_5754,2.0,MB-2215,1.1,120,30.5,2836.0,2026-04-10 17:00,accepted,1.0657557643040136,1.1428571428571428,0.875,0.9727056734103164,0.9122257053291536,0.55,0.2,1.0,1.0807702764596658,0.6538660172580979,0.10410327931123187,0.10410327931123187,0,pass,-,-,2026-03-28 10:47:45,Zone-C,QR_U-1083,phone_or_ipad
U-1084,laser_cutting,L-02,2026-03-28 10:57:00,2026-03-28 11:04:24,completed,7.4,19.19,,305.11,12.73,18.75,6,36,10:21,Q-3011,galvanized_steel,2.0,MB-2212,3.07,180,16.1,3728.0,2026-04-06 15:00,accepted,1.0895705521472394,0.8571428571428571,1.565217391304348,0.9700505516166981,1.0379186271796292,0.75,0.2,0.55,0.9402995765511111,0.42666093286006673,0.05757729874465357,0.05757729874465357,0,pass,-,-,2026-03-28 11:04:24,Zone-B,QR_U-1084,phone_or_ipad
U-1084,bending,B-01,2026-03-28 11:44:24,2026-03-28 11:51:40,completed,7.266666666666667,10.46,79.54,25.88,,7.84,10,34,11:10,Q-3011,galvanized_steel,2.0,MB-2212,3.07,180,16.1,3728.0,2026-04-06 15:00,accepted,0.9247083775185578,1.4285714285714286,1.4166666666666667,0.9336219336219336,1.0965034965034963,0.75,0.2,0.7,1.3523459947830907,0.7809798119872349,0.1427335446703982,0.1427335446703982,0,pass,-,-,2026-03-28 11:51:40,Zone-A,QR_U-1084,phone_or_ipad
U-1084,welding,W-01,2026-03-28 12:10:40,2026-03-28 12:19:31,completed,8.85,0.66,,1495.53,3.02,9.99,7,16,11:54,Q-3011,galvanized_steel,2.0,MB-2212,3.07,180,16.1,3728.0,2026-04-06 15:00,accepted,0.9069171648163963,1.0,0.6666666666666666,1.013770874075982,1.0438871473354232,0.75,0.2,1.0,0.9597563225533325,0.7917989661064995,0.1465205110130103,0.1465205110130103,0,pass,-,-,2026-03-28 12:19:31,Zone-D,QR_U-1084,phone_or_ipad
U-1085,laser_cutting,L-01,2026-03-28 10:40:00,2026-03-28 10:43:50,completed,3.8333333333333335,20.4,,289.48,11.94,19.17,5,12,10:28,Q-3018,galvanized_steel,1.5,MB-2220,1.13,60,6.7,1145.0,2026-04-08 08:00,accepted,0.5644171779141105,0.7142857142857143,0.5217391304347826,0.920357358598544,1.061168004428453,0.75,0.0,0.55,0.3937429794295594,0.16241897901469327,0.0281130291015008,0.0281130291015008,0,pass,-,-,2026-03-28 10:43:50,Zone-B,QR_U-1085,phone_or_ipad
U-1085,bending,B-01,2026-03-28 10:57:50,2026-03-28 11:03:31,completed,5.683333333333334,10.76,79.12,27.47,,7.05,2,9,10:48,Q-3018,galvanized_steel,1.5,MB-2220,1.13,60,6.7,1145.0,2026-04-08 08:00,accepted,0.7232237539766703,0.2857142857142857,0.375,0.990981240981241,0.9860139860139859,0.75,0.0,0.7,0.20190782302583543,0.1060016070885636,0.024064915360816296,0.024064915360816296,0,pass,-,-,2026-03-28 11:03:31,Zone-B,QR_U-1085,phone_or_ipad
U-1085,welding,W-01,2026-03-28 11:40:31,2026-03-28 11:47:59,completed,7.466666666666667,0.59,,1491.94,3.08,9.43,11,27,11:13,Q-3018,galvanized_steel,1.5,MB-2220,1.13,60,6.7,1145.0,2026-04-08 08:00,accepted,0.7651579846285227,1.5714285714285714,1.125,1.0113373304908098,0.9853709508881922,0.75,0.0,1.0,1.1982337636518812,0.8986753227389108,0.18850616124255629,0.18850616124255629,0,pass,-,-,2026-03-28 11:47:59,Zone-C,QR_U-1085,phone_or_ipad
U-1086,laser_cutting,L-03,2026-03-28 10:46:00,2026-03-28 10:53:12,completed,7.2,20.26,,320.0,13.97,19.14,8,35,10:11,Q-3012,galvanized_steel,2.5,MB-2213,2.82,120,21.8,2491.0,2026-04-02 16:00,open,1.0601226993865032,1.1428571428571428,1.5217391304347827,1.017391027882873,1.0595073346249655,0.75,0.4,0.55,1.3059903009670615,0.6464651989786955,0.10216634361589001,0.10216634361589001,0,pass,-,-,2026-03-28 10:53:12,Zone-B,QR_U-1086,phone_or_ipad
U-1086,bending,B-01,2026-03-28 11:16:12,2026-03-28 11:24:08,completed,7.933333333333334,10.27,71.31,26.54,,6.93,2,15,11:01,Q-3012,galvanized_steel,2.5,MB-2213,2.82,120,21.8,2491.0,2026-04-02 16:00,open,1.0095440084835632,0.2857142857142857,0.625,0.9574314574314574,0.9692307692307691,0.75,0.4,0.7,0.2676653145370006,0.16862914815831037,0.028597141494300555,0.028597141494300555,0,pass,-,-,2026-03-28 11:24:08,Zone-A,QR_U-1086,phone_or_ipad
U-1086,welding,W-02,2026-03-28 11:57:08,2026-03-28 12:07:52,completed,10.733333333333333,0.53,,1587.54,3.09,9.69,9,26,11:31,Q-3012,galvanized_steel,2.5,MB-2213,2.82,120,21.8,2491.0,2026-04-02 16:00,open,1.0999146029035012,1.2857142857142858,1.0833333333333333,1.0761414437895491,1.012539184952978,0.75,0.4,1.0,1.540936114367069,1.386842502930362,0.4803945942114477,0.4803945942114477,0,pass,-,-,2026-03-28 12:07:52,Zone-D,QR_U-1086,phone_or_ipad
U-1087,laser_cutting,L-01,2026-03-28 09:19:00,2026-03-28 09:23:39,completed,4.65,18.03,,293.54,11.8,15.76,7,24,08:55,Q-3007,aluminum_5754,1.5,MB-2219,2.0,120,12.3,2980.0,2026-04-09 10:00,open,0.6846625766871167,1.0,1.0434782608695652,0.933265507264808,0.8724052034320511,0.55,0.0,0.55,0.5574424688031668,0.168626346812958,0.028596921302312284,0.028596921302312284,0,pass,-,-,2026-03-28 09:23:39,Zone-A,QR_U-1087,phone_or_ipad
U-1087,bending,B-01,2026-03-28 10:02:39,2026-03-28 10:08:43,completed,6.066666666666666,10.14,78.2,26.68,,7.93,6,28,09:34,Q-3007,aluminum_5754,1.5,MB-2219,2.0,120,12.3,2980.0,2026-04-09 10:00,open,0.7720042417815483,0.8571428571428571,1.1666666666666667,0.9624819624819625,1.109090909090909,0.55,0.0,0.7,0.7063706433994681,0.2719526977087952,0.037939764594438874,0.037939764594438874,0,pass,-,-,2026-03-28 10:08:43,Zone-A,QR_U-1087,phone_or_ipad
U-1087,welding,W-01,2026-03-28 10:46:43,2026-03-28 10:55:53,completed,9.166666666666666,0.58,,1473.15,3.22,9.21,9,28,10:18,Q-3007,aluminum_5754,1.5,MB-2219,2.0,120,12.3,2980.0,2026-04-09 10:00,open,0.9393680614859095,1.2857142857142858,1.1666666666666667,0.9986002040380554,0.9623824451410659,0.55,0.0,1.0,1.160698978918758,0.638384438405317,0.10008799182968692,0.10008799182968692,0,pass,-,-,2026-03-28 10:55:53,Zone-C,QR_U-1087,phone_or_ipad
U-1088,laser_cutting,L-01,2026-03-28 10:33:00,2026-03-28 10:36:58,completed,3.966666666666667,19.69,,301.03,14.06,18.33,2,15,10:18,Q-3014,aluminum_5754,2.0,MB-2223,1.46,80,26.1,1499.0,2026-04-08 17:00,accepted,0.5840490797546013,0.2857142857142857,0.6521739130434783,0.9570788160111913,1.0146692499308054,0.55,0.2,0.55,0.1620516667900325,0.053922692124383324,0.020836344518680414,0.020836344518680414,0,pass,-,-,2026-03-28 10:36:58,Zone-B,QR_U-1088,phone_or_ipad
U-1088,bending,B-01,2026-03-28 10:59:58,2026-03-28 11:09:06,completed,9.133333333333333,9.0,80.13,25.83,,6.75,11,12,10:47,Q-3014,aluminum_5754,2.0,MB-2223,1.46,80,26.1,1499.0,2026-04-08 17:00,accepted,1.1622481442205725,1.5714285714285714,0.5,0.9318181818181818,0.9440559440559441,0.55,0.2,0.7,1.6066542153498675,0.680418060200669,0.1113216273300465,0.1113216273300465,0,pass,-,-,2026-03-28 11:09:06,Zone-A,QR_U-1088,phone_or_ipad
U-1088,welding,W-01,2026-03-28 11:42:06,2026-03-28 11:51:36,completed,9.5,0.57,,1502.91,3.18,9.59,5,25,11:17,Q-3014,aluminum_5754,2.0,MB-2223,1.46,80,26.1,1499.0,2026-04-08 17:00,accepted,0.9735269000853971,0.7142857142857143,1.0416666666666667,1.0187735347051108,1.0020898641588296,0.55,0.2,1.0,0.709911553996237,0.4294964901677234,0.05801420871045343,0.05801420871045343,0,pass,-,-,2026-03-28 11:51:36,Zone-C,QR_U-1088,phone_or_ipad
U-1089,laser_cutting,L-01,2026-03-28 09:42:00,2026-03-28 09:46:52,completed,4.866666666666666,18.32,,298.84,14.15,18.14,2,19,09:23,Q-3005,galvanized_steel,2.0,MB-2201,1.43,40,7.2,963.0,2026-04-06 16:00,accepted,0.7165644171779141,0.2857142857142857,0.8260869565217391,0.9501160461641179,1.0041516745087187,0.75,0.2,0.55,0.1953273974900082,0.08862980661109122,0.0229371046154257,0.0229371046154257,0,pass,-,-,2026-03-28 09:46:52,Zone-A,QR_U-1089,phone_or_ipad
U-1089,bending,B-02,2026-03-28 10:22:52,2026-03-28 10:31:01,completed,8.15,11.21,73.97,28.92,,7.9,3,26,09:56,Q-3005,galvanized_steel,2.0,MB-2201,1.43,40,7.2,963.0,2026-04-06 16:00,accepted,1.0371155885471899,0.42857142857142855,1.0833333333333333,1.0432900432900434,1.1048951048951048,0.75,0.2,0.7,0.5123615005864252,0.29588876658866053,0.04049070928942735,0.04049070928942735,0,pass,-,-,2026-03-28 10:31:01,Zone-B,QR_U-1089,phone_or_ipad
U-1089,welding,W-02,2026-03-28 10:45:01,2026-03-28 10:54:45,completed,9.733333333333333,0.55,,1560.21,3.51,10.5,6,9,10:36,Q-3005,galvanized_steel,2.0,MB-2201,1.43,40,7.2,963.0,2026-04-06 16:00,accepted,0.9974380871050383,0.8571428571428571,0.375,1.0576153306467193,1.09717868338558,0.75,0.2,1.0,0.9920744316237238,0.8184614060895721,0.15620848590234834,0.15620848590234834,0,pass,-,-,2026-03-28 10:54:45,Zone-D,QR_U-1089,phone_or_ipad
U-1090,laser_cutting,L-03,2026-03-28 08:41:00,2026-03-28 08:49:11,completed,8.183333333333334,22.34,,305.82,12.94,18.71,2,30,08:11,Q-3011,galvanized_steel,3.0,MB-2221,2.65,180,16.1,3728.0,2026-04-06 15:00,accepted,1.2049079754601228,0.2857142857142857,1.3043478260869565,0.9723078879598132,1.0357044007749794,0.75,0.6,0.55,0.3466773477355921,0.1859057277232113,0.0299868729423873,0.0299868729423873,0,pass,-,-,2026-03-28 08:49:11,Zone-B,QR_U-1090,phone_or_ipad
U-1090,bending,B-02,2026-03-28 09:28:11,2026-03-28 09:35:21,completed,7.166666666666667,11.77,80.42,26.88,,7.25,6,29,08:59,Q-3011,galvanized_steel,3.0,MB-2221,2.65,180,16.1,3728.0,2026-04-06 15:00,accepted,0.911983032873807,0.8571428571428571,1.2083333333333333,0.9696969696969697,1.013986013986014,0.75,0.6,0.7,0.7686134361156052,0.5245786701489005,0.07458766637459076,0.07458766637459076,0,pass,-,-,2026-03-28 09:35:21,Zone-A,QR_U-1090,phone_or_ipad
U-1090,welding,W-02,2026-03-28 10:21:21,2026-03-28 10:32:06,completed,10.75,0.59,,1565.69,3.47,9.57,3,39,09:42,Q-3011,galvanized_steel,3.0,MB-2221,2.65,180,16.1,3728.0,2026-04-06 15:00,accepted,1.1016225448334758,0.42857142857142855,1.625,1.0613300434174,1.0,0.75,0.6,1.0,0.5010793300018712,0.48855234675182446,0.06784952653385849,0.06784952653385849,0,pass,-,-,2026-03-28 10:32:06,Zone-D,QR_U-1090,phone_or_ipad
U-1091,laser_cutting,L-02,2026-03-28 09:31:00,2026-03-28 09:35:34,completed,4.566666666666666,21.79,,309.59,13.07,18.14,5,35,08:56,Q-3000,galvanized_steel,2.5,MB-2223,2.09,120,30.7,3038.0,2026-04-06 14:00,accepted,0.6723926380368098,0.7142857142857143,1.5217391304347827,0.9842940260070582,1.0041516745087187,0.75,0.4,0.55,0.4746998343070165,0.2349764179819732,0.034300166716874934,0.034300166716874934,0,pass,-,-,2026-03-28 09:35:34,Zone-A,QR_U-1091,phone_or_ipad
U-1091,bending,B-01,2026-03-28 09:48:34,2026-03-28 09:55:04,completed,6.5,9.69,72.61,25.74,,7.43,9,8,09:40,Q-3000,galvanized_steel,2.5,MB-2223,2.09,120,30.7,3038.0,2026-04-06 14:00,accepted,0.8271474019088016,1.2857142857142858,0.3333333333333333,0.9285714285714286,1.0391608391608391,0.75,0.4,0.7,1.0261845411065225,0.6464962608971091,0.10217440596638983,0.10217440596638983,0,pass,-,-,2026-03-28 09:55:04,Zone-B,QR_U-1091,phone_or_ipad
U-1091,welding,W-01,2026-03-28 10:36:04,2026-03-28 10:47:27,completed,11.383333333333333,0.61,,1446.23,2.83,10.32,7,39,09:57,Q-3000,galvanized_steel,2.5,MB-2223,2.09,120,30.7,3038.0,2026-04-06 14:00,accepted,1.1665243381725021,1.0,1.625,0.9803520164857326,1.078369905956113,0.75,0.4,1.0,1.2332286633205058,1.1099057969884552,0.2969085286533334,0.2969085286533334,0,pass,-,-,2026-03-28 10:47:27,Zone-D,QR_U-1091,phone_or_ipad
U-1092,laser_cutting,L-01,2026-03-28 08:42:00,2026-03-28 08:47:51,completed,5.85,18.91,,323.12,13.08,15.88,3,12,08:30,Q-3014,stainless_steel_304,2.0,MB-2214,2.89,80,26.1,1499.0,2026-04-08 17:00,accepted,0.8613496932515338,0.42857142857142855,0.5217391304347826,1.027310590404731,0.8790478826460008,1.0,0.2,0.55,0.33336270810825297,0.2016844384054931,0.03131314153285697,0.03131314153285697,0,pass,-,-,2026-03-28 08:47:51,Zone-A,QR_U-1092,phone_or_ipad
U-1092,bending,B-01,2026-03-28 09:11:51,2026-03-28 09:18:40,completed,6.816666666666666,10.51,77.35,26.67,,7.88,3,13,08:58,Q-3014,stainless_steel_304,2.0,MB-2214,2.89,80,26.1,1499.0,2026-04-08 17:00,accepted,0.8674443266171792,0.42857142857142855,0.5416666666666666,0.9621212121212123,1.102097902097902,1.0,0.2,0.7,0.39419833998065945,0.30353272178510776,0.04133941665671653,0.04133941665671653,0,pass,-,-,2026-03-28 09:18:40,Zone-A,QR_U-1092,phone_or_ipad
U-1092,welding,W-02,2026-03-28 09:34:40,2026-03-28 09:42:13,completed,7.55,0.59,,1516.86,3.41,10.89,6,10,09:24,Q-3014,stainless_steel_304,2.0,MB-2214,2.89,80,26.1,1499.0,2026-04-08 17:00,accepted,0.7736976942783945,0.8571428571428571,0.4166666666666667,1.0282297834552927,1.1379310344827587,1.0,0.2,1.0,0.775944455685966,0.8535389012545627,0.1697414144020394,0.1697414144020394,0,pass,-,-,2026-03-28 09:42:13,Zone-C,QR_U-1092,phone_or_ipad
U-1093,laser_cutting,L-01,2026-03-28 09:23:00,2026-03-28 09:27:13,completed,4.216666666666667,20.21,,306.13,13.68,18.84,6,16,09:07,Q-3010,stainless_steel_304,1.5,MB-2220,3.14,250,24.9,5316.0,2026-04-08 16:00,open,0.6208588957055216,0.8571428571428571,0.6956521739130435,0.9732934855180747,1.0429006365900915,1.0,0.0,0.55,0.5401729937160835,0.29709514654384594,0.040623535713216814,0.040623535713216814,0,pass,-,-,2026-03-28 09:27:13,Zone-B,QR_U-1093,phone_or_ipad
U-1093,bending,B-01,2026-03-28 09:40:13,2026-03-28 09:45:30,completed,5.283333333333333,9.52,73.24,25.85,,6.9,11,9,09:31,Q-3010,stainless_steel_304,1.5,MB-2220,3.14,250,24.9,5316.0,2026-04-08 16:00,open,0.672322375397667,1.5714285714285714,0.375,0.9325396825396827,0.965034965034965,1.0,0.0,0.7,0.9507855675103063,0.6655498972572144,0.10722723996398939,0.10722723996398939,0,pass,-,-,2026-03-28 09:45:30,Zone-A,QR_U-1093,phone_or_ipad
U-1093,welding,W-01,2026-03-28 10:14:30,2026-03-28 10:24:08,completed,9.633333333333333,0.62,,1469.66,2.94,10.34,4,20,09:54,Q-3010,stainless_steel_304,1.5,MB-2220,3.14,250,24.9,5316.0,2026-04-08 16:00,open,0.9871904355251921,0.5714285714285714,0.8333333333333334,0.996234447182275,1.0804597701149425,1.0,0.0,1.0,0.6072017935836617,0.6072017935836617,0.09241654201419199,0.09241654201419199,0,pass,-,-,2026-03-28 10:24:08,Zone-C,QR_U-1093,phone_or_ipad
U-1094,laser_cutting,L-02,2026-03-28 10:14:00,2026-03-28 10:23:42,completed,9.7,21.51,,302.61,13.71,16.38,10,31,09:43,Q-3010,galvanized_steel,1.5,MB-2207,2.23,250,24.9,5316.0,2026-04-08 16:00,open,1.4282208588957055,1.4285714285714286,1.3478260869565217,0.9621021842113631,0.906725712704124,0.75,0.0,0.55,1.7798953304393592,0.7342068238062357,0.12729227936401952,0.12729227936401952,1,fail,heat_mark,high,2026-03-28 10:23:42,Zone-B,QR_U-1094,phone_or_ipad
U-1094,bending,B-01,2026-03-28 10:36:42,2026-03-28 10:41:54,completed,5.2,10.44,78.52,28.7,,6.53,6,9,10:27,Q-3010,galvanized_steel,1.5,MB-2207,2.23,250,24.9,5316.0,2026-04-08 16:00,open,0.6617179215270413,0.8571428571428571,0.375,1.0353535353535355,0.9132867132867133,0.75,0.0,0.7,0.5363174375032083,0.2815666546891843,0.038945259463773425,0.038945259463773425,0,pass,-,-,2026-03-28 10:41:54,Zone-B,QR_U-1094,phone_or_ipad
U-1094,welding,W-02,2026-03-28 11:13:54,2026-03-28 11:22:55,completed,9.016666666666667,0.57,,1490.76,2.9,10.85,6,24,10:49,Q-3010,galvanized_steel,1.5,MB-2207,2.23,250,24.9,5316.0,2026-04-08 16:00,open,0.9239965841161402,0.8571428571428571,1.0,1.0105374470839843,1.1337513061650992,0.75,0.0,1.0,0.9073895807535558,0.6805421855651669,0.11135637762231942,0.11135637762231942,0,pass,-,-,2026-03-28 11:22:55,Zone-D,QR_U-1094,phone_or_ipad
U-1095,laser_cutting,L-02,2026-03-28 10:08:00,2026-03-28 10:15:27,completed,7.45,20.96,,315.55,14.18,18.19,8,33,09:35,Q-3008,stainless_steel_304,2.0,MB-2210,2.0,120,10.7,3066.0,2026-04-07 13:00,accepted,1.0969325153374234,1.1428571428571428,1.434782608695652,1.0032429339013769,1.006919457514531,1.0,0.2,0.55,1.2664052426976746,0.7661751718320934,0.1376841400022141,0.1376841400022141,0,pass,-,-,2026-03-28 10:15:27,Zone-A,QR_U-1095,phone_or_ipad
U-1095,bending,B-01,2026-03-28 10:49:27,2026-03-28 10:56:57,completed,7.5,10.73,85.5,27.08,,7.75,3,24,10:25,Q-3008,stainless_steel_304,2.0,MB-2210,2.0,120,10.7,3066.0,2026-04-07 13:00,accepted,0.9544008483563097,0.42857142857142855,1.0,0.9769119769119768,1.083916083916084,1.0,0.2,0.7,0.43311689618722987,0.333500010064167,0.044833618961126774,0.044833618961126774,0,pass,-,-,2026-03-28 10:56:57,Zone-B,QR_U-1095,phone_or_ipad
U-1095,welding,W-02,2026-03-28 11:15:57,2026-03-28 11:27:40,completed,11.716666666666667,0.59,,1485.46,3.42,10.67,10,15,11:00,Q-3008,stainless_steel_304,2.0,MB-2210,2.0,120,10.7,3066.0,2026-04-07 13:00,accepted,1.2006831767719899,1.4285714285714286,0.625,1.006944750426209,1.114942528735632,1.0,0.2,1.0,1.925699463255091,2.1182694095806003,0.8798629918685472,0.8798629918685472,1,fail,surface_porosity,medium,2026-03-28 11:27:40,Zone-D,QR_U-1095,phone_or_ipad
U-1096,laser_cutting,L-02,2026-03-28 09:36:00,2026-03-28 09:44:25,completed,8.416666666666666,19.03,,333.65,13.22,19.5,4,34,09:02,Q-3015,galvanized_steel,1.5,MB-2219,1.94,40,22.2,852.0,2026-04-08 14:00,accepted,1.2392638036809815,0.5714285714285714,1.4782608695652173,1.0607891139160017,1.0794353722668144,0.75,0.0,0.55,0.8108703418035186,0.33448401599395144,0.04495300278234926,0.04495300278234926,0,pass,-,-,2026-03-28 09:44:25,Zone-B,QR_U-1096,phone_or_ipad
U-1096,bending,B-02,2026-03-28 10:06:25,2026-03-28 10:13:34,completed,7.15,10.51,77.26,30.09,,6.32,3,16,09:50,Q-3015,galvanized_steel,1.5,MB-2219,1.94,40,22.2,852.0,2026-04-08 14:00,accepted,0.9098621420996819,0.42857142857142855,0.6666666666666666,1.0854978354978355,0.8839160839160839,0.75,0.0,0.7,0.3741440198946637,0.19642561044469845,0.030864925641820484,0.030864925641820484,0,pass,-,-,2026-03-28 10:13:34,Zone-A,QR_U-1096,phone_or_ipad
U-1096,welding,W-02,2026-03-28 10:50:34,2026-03-28 11:00:35,completed,10.016666666666667,0.59,,1457.74,2.89,10.3,9,33,10:17,Q-3015,galvanized_steel,1.5,MB-2219,1.94,40,22.2,852.0,2026-04-08 14:00,accepted,1.026473099914603,1.2857142857142858,1.375,0.9881542690387501,1.0762800417972833,0.75,0.0,1.0,1.4035958652119254,1.052696898908944,0.264261181384532,0.264261181384532,0,pass,-,-,2026-03-28 11:00:35,Zone-D,QR_U-1096,phone_or_ipad
U-1097,laser_cutting,L-01,2026-03-28 10:58:00,2026-03-28 11:06:11,completed,8.183333333333334,21.54,,312.3,11.97,17.0,10,38,10:20,Q-3010,aluminum_5754,2.5,MB-2224,1.41,250,24.9,5316.0,2026-04-08 16:00,open,1.2049079754601228,1.4285714285714286,1.6521739130434783,0.9929100562744414,0.9410462219761971,0.55,0.4,0.55,1.6083357065544088,0.5838258614792504,0.08701630821678939,0.08701630821678939,0,pass,-,-,2026-03-28 11:06:11,Zone-A,QR_U-1097,phone_or_ipad
U-1097,bending,B-02,2026-03-28 11:46:11,2026-03-28 11:55:55,completed,9.733333333333333,9.95,78.82,28.6,,7.41,5,37,11:09,Q-3010,aluminum_5754,2.5,MB-2224,1.41,250,24.9,5316.0,2026-04-08 16:00,open,1.2386002120890773,0.7142857142857143,1.5416666666666667,1.0317460317460319,1.0363636363636364,0.55,0.4,0.7,0.9459933592640759,0.43704893198000305,0.059193131584989865,0.059193131584989865,0,pass,-,-,2026-03-28 11:55:55,Zone-B,QR_U-1097,phone_or_ipad
U-1097,welding,W-01,2026-03-28 12:22:55,2026-03-28 12:33:40,completed,10.75,0.62,,1398.79,3.21,8.65,7,23,11:59,Q-3010,aluminum_5754,2.5,MB-2224,1.41,250,24.9,5316.0,2026-04-08 16:00,open,1.1016225448334758,1.0,0.9583333333333334,0.9481939920621739,0.9038662486938349,0.55,0.4,1.0,0.9441351880142247,0.6231292240893883,0.09626665243646239,0.09626665243646239,0,pass,-,-,2026-03-28 12:33:40,Zone-D,QR_U-1097,phone_or_ipad
U-1098,laser_cutting,L-02,2026-03-28 09:25:00,2026-03-28 09:30:43,completed,5.716666666666667,21.7,,303.01,15.02,18.01,11,20,09:05,Q-3005,galvanized_steel,1.5,MB-2220,2.46,40,7.2,963.0,2026-04-06 16:00,accepted,0.8417177914110431,1.5714285714285714,0.8695652173913043,0.9633739229962166,0.9969554386936066,0.75,0.0,0.55,1.2703745522021528,0.5240295027833881,0.07448048127229566,0.07448048127229566,0,pass,-,-,2026-03-28 09:30:43,Zone-B,QR_U-1098,phone_or_ipad
U-1098,bending,B-01,2026-03-28 10:14:43,2026-03-28 10:21:17,completed,6.566666666666666,10.17,83.34,27.58,,6.68,7,36,09:38,Q-3005,galvanized_steel,1.5,MB-2220,2.46,40,7.2,963.0,2026-04-06 16:00,accepted,0.8356309650053022,1.0,1.5,0.9949494949494949,0.9342657342657342,0.75,0.0,0.7,0.7767584408479038,0.40779818144514945,0.05474864413602512,0.05474864413602512,0,pass,-,-,2026-03-28 10:21:17,Zone-B,QR_U-1098,phone_or_ipad
U-1098,welding,W-01,2026-03-28 10:53:17,2026-03-28 11:04:54,completed,11.616666666666667,0.62,,1400.67,3.23,9.23,6,26,10:27,Q-3005,galvanized_steel,1.5,MB-2220,2.46,40,7.2,963.0,2026-04-06 16:00,accepted,1.1904355251921437,0.8571428571428571,1.0833333333333333,0.9494683825747433,0.9644723092998955,0.75,0.0,1.0,0.934392533747062,0.7007944003102965,0.11715453072210207,0.11715453072210207,0,pass,-,-,2026-03-28 11:04:54,Zone-C,QR_U-1098,phone_or_ipad
U-1099,laser_cutting,L-02,2026-03-28 09:28:00,2026-03-28 09:32:51,completed,4.85,19.89,,306.72,13.41,18.73,3,35,08:53,Q-3006,galvanized_steel,2.5,MB-2219,1.32,120,30.5,2836.0,2026-04-10 17:00,accepted,0.7141104294478527,0.42857142857142855,1.5217391304347827,0.9751693002257338,1.0368115139773044,0.75,0.4,0.55,0.30943427877834356,0.15316996799528007,0.027406746928471504,0.027406746928471504,0,pass,-,-,2026-03-28 09:32:51,Zone-A,QR_U-1099,phone_or_ipad
U-1099,bending,B-01,2026-03-28 09:52:51,2026-03-28 10:00:17,completed,7.433333333333334,9.54,77.95,26.65,,6.53,8,15,09:37,Q-3006,galvanized_steel,2.5,MB-2219,1.32,120,30.5,2836.0,2026-04-10 17:00,accepted,0.9459172852598091,1.1428571428571428,0.625,0.9613997113997114,0.9132867132867133,0.75,0.4,0.7,0.9491967346286939,0.5979939428160772,0.09025433528884569,0.09025433528884569,0,pass,-,-,2026-03-28 10:00:17,Zone-B,QR_U-1099,phone_or_ipad
U-1099,welding,W-01,2026-03-28 10:40:17,2026-03-28 10:50:48,completed,10.516666666666667,0.56,,1525.1,3.13,9.44,10,38,10:02,Q-3006,galvanized_steel,2.5,MB-2219,1.32,120,30.5,2836.0,2026-04-10 17:00,accepted,1.0777113578138344,1.4285714285714286,1.5833333333333333,1.0338154099571926,0.9864158829676071,0.75,0.4,1.0,1.570028289414804,1.4130254604733237,0.4989059125969783,0.4989059125969783,1,fail,burn_through,medium,2026-03-28 10:50:48,Zone-D,QR_U-1099,phone_or_ipad
U-1100,laser_cutting,L-02,2026-03-28 09:42:00,2026-03-28 09:48:36,completed,6.6,20.33,,332.4,12.83,20.39,9,16,09:26,Q-3004,aluminum_5754,2.0,MB-2210,3.4,60,7.2,1664.0,2026-04-04 14:00,open,0.9717791411042945,1.2857142857142858,0.6956521739130435,1.0568149302133343,1.1287019097702742,0.55,0.2,0.55,1.4903567617667688,0.4959162124778924,0.0691792631046075,0.0691792631046075,0,pass,-,-,2026-03-28 09:48:36,Zone-A,QR_U-1100,phone_or_ipad
U-1100,bending,B-01,2026-03-28 10:17:36,2026-03-28 10:24:46,completed,7.166666666666667,10.14,84.35,28.96,,7.04,3,19,09:58,Q-3004,aluminum_5754,2.0,MB-2210,3.4,60,7.2,1664.0,2026-04-04 14:00,open,0.911983032873807,0.42857142857142855,0.7916666666666666,1.0447330447330447,0.9846153846153846,0.55,0.2,0.7,0.402051717912951,0.17026890253613478,0.028726312614040368,0.028726312614040368,0,pass,-,-,2026-03-28 10:24:46,Zone-B,QR_U-1100,phone_or_ipad
U-1100,welding,W-02,2026-03-28 10:50:46,2026-03-28 10:59:34,completed,8.8,0.57,,1423.5,2.91,9.89,9,19,10:31,Q-3004,aluminum_5754,2.0,MB-2210,3.4,60,7.2,1664.0,2026-04-04 14:00,open,0.9017933390264732,1.2857142857142858,0.7916666666666666,0.9649440928949339,1.033437826541275,0.55,0.2,1.0,1.1562133996350636,0.6995091067792136,0.11677890454602198,0.11677890454602198,0,pass,-,-,2026-03-28 10:59:34,Zone-C,QR_U-1100,phone_or_ipad
U-1101,laser_cutting,L-03,2026-03-28 10:36:00,2026-03-28 10:42:29,completed,6.483333333333333,21.03,,309.39,14.49,20.45,6,8,10:28,Q-3002,stainless_steel_304,1.5,MB-2202,1.25,180,31.2,4738.0,2026-04-07 09:00,accepted,0.9546012269938651,0.8571428571428571,0.34782608695652173,0.9836581566146314,1.1320232493772489,1.0,0.0,0.55,0.911118243283291,0.5011150338058101,0.07013253010996867,0.07013253010996867,0,pass,-,-,2026-03-28 10:42:29,Zone-B,QR_U-1101,phone_or_ipad
U-1101,bending,B-01,2026-03-28 11:18:29,2026-03-28 11:26:32,completed,8.05,10.27,85.79,26.02,,7.17,5,26,10:52,Q-3002,stainless_steel_304,1.5,MB-2202,1.25,180,31.2,4738.0,2026-04-07 09:00,accepted,1.024390243902439,0.7142857142857143,1.0833333333333333,0.9386724386724387,1.0027972027972027,1.0,0.0,0.7,0.6887547042757686,0.48212829299303794,0.06670889209866802,0.06670889209866802,0,pass,-,-,2026-03-28 11:26:32,Zone-A,QR_U-1101,phone_or_ipad
U-1101,welding,W-01,2026-03-28 12:09:32,2026-03-28 12:17:46,completed,8.233333333333333,0.58,,1447.21,2.73,9.83,3,39,11:30,Q-3002,stainless_steel_304,1.5,MB-2202,1.25,180,31.2,4738.0,2026-04-07 09:00,accepted,0.8437233134073441,0.42857142857142855,1.625,0.981016326433774,1.0271682340647859,1.0,0.0,1.0,0.3643687136465887,0.3643687136465887,0.048726281084112644,0.048726281084112644,0,pass,-,-,2026-03-28 12:17:46,Zone-C,QR_U-1101,phone_or_ipad
U-1102,laser_cutting,L-03,2026-03-28 10:43:00,2026-03-28 10:50:10,completed,7.166666666666667,21.43,,340.18,14.65,19.11,3,23,10:20,Q-3005,stainless_steel_304,2.5,MB-2208,1.18,40,7.2,963.0,2026-04-06 16:00,accepted,1.0552147239263805,0.42857142857142855,1.0,1.0815502495787366,1.0578466648214782,1.0,0.4,0.55,0.5174084061056189,0.3414895480297085,0.045811739169039634,0.045811739169039634,0,pass,-,-,2026-03-28 10:50:10,Zone-A,QR_U-1102,phone_or_ipad
U-1102,bending,B-01,2026-03-28 11:08:10,2026-03-28 11:17:17,completed,9.116666666666667,10.3,81.72,26.76,,7.43,9,15,10:53,Q-3005,stainless_steel_304,2.5,MB-2208,1.18,40,7.2,963.0,2026-04-06 16:00,accepted,1.1601272534464475,1.2857142857142858,0.625,0.9653679653679654,1.0391608391608391,1.0,0.4,0.7,1.4963243859747146,1.2569124842187602,0.3902877377113423,0.3902877377113423,0,pass,-,-,2026-03-28 11:17:17,Zone-A,QR_U-1102,phone_or_ipad
U-1102,welding,W-02,2026-03-28 11:52:17,2026-03-28 12:00:24,completed,8.116666666666667,0.52,,1571.95,3.06,9.42,9,29,11:23,Q-3005,stainless_steel_304,2.5,MB-2208,1.18,40,7.2,963.0,2026-04-06 16:00,accepted,0.8317677198975236,1.2857142857142858,1.2083333333333333,1.0655734926773386,0.9843260188087773,1.0,0.4,1.0,1.1216798149480482,1.3460157779376578,0.45165591510546355,0.45165591510546355,0,pass,-,-,2026-03-28 12:00:24,Zone-D,QR_U-1102,phone_or_ipad
U-1103,laser_cutting,L-02,2026-03-28 09:26:00,2026-03-28 09:32:08,completed,6.133333333333334,20.32,,295.28,12.95,18.06,6,13,09:13,Q-3006,aluminum_5754,1.5,MB-2209,3.04,120,30.5,2836.0,2026-04-10 17:00,accepted,0.9030674846625768,0.8571428571428571,0.5652173913043478,0.9387975709789209,0.9997232216994189,0.55,0.0,0.55,0.7264824934826501,0.2197609542785017,0.03290234747274519,0.03290234747274519,0,pass,-,-,2026-03-28 09:32:08,Zone-B,QR_U-1103,phone_or_ipad
U-1103,bending,B-01,2026-03-28 10:06:08,2026-03-28 10:13:08,completed,7.0,10.81,74.36,28.19,,7.84,7,24,09:42,Q-3006,aluminum_5754,1.5,MB-2209,3.04,120,30.5,2836.0,2026-04-10 17:00,accepted,0.8907741251325557,1.0,1.0,1.016955266955267,1.0965034965034963,0.55,0.0,0.7,0.9932977784129813,0.3824196446889978,0.05114905837911502,0.05114905837911502,0,pass,-,-,2026-03-28 10:13:08,Zone-B,QR_U-1103,phone_or_ipad
U-1103,welding,W-02,2026-03-28 10:50:08,2026-03-28 10:58:49,completed,8.683333333333334,0.52,,1443.4,2.96,10.59,8,35,10:15,Q-3006,aluminum_5754,1.5,MB-2209,3.04,120,30.5,2836.0,2026-04-10 17:00,accepted,0.8898377455166525,1.1428571428571428,1.4583333333333333,0.9784336520439393,1.1065830721003134,0.55,0.0,1.0,1.1010782261014187,0.6055930243557803,0.09203544218823054,0.09203544218823054,0,pass,-,-,2026-03-28 10:58:49,Zone-C,QR_U-1103,phone_or_ipad
U-1104,laser_cutting,L-03,2026-03-28 10:58:00,2026-03-28 11:04:19,completed,6.316666666666666,20.6,,322.12,13.53,17.74,10,9,10:49,Q-3010,stainless_steel_304,2.5,MB-2224,2.57,250,24.9,5316.0,2026-04-08 16:00,open,0.9300613496932516,1.4285714285714286,0.391304347826087,1.024131243442597,0.9820094104622198,1.0,0.4,0.55,1.336241088703989,0.8819191185446328,0.18136031416460996,0.18136031416460996,0,pass,-,-,2026-03-28 11:04:19,Zone-A,QR_U-1104,phone_or_ipad
U-1104,bending,B-02,2026-03-28 11:25:19,2026-03-28 11:34:00,completed,8.683333333333334,11.11,88.22,29.06,,7.26,6,11,11:14,Q-3010,stainless_steel_304,2.5,MB-2224,2.57,250,24.9,5316.0,2026-04-08 16:00,open,1.1049840933191941,0.8571428571428571,0.4583333333333333,1.0483405483405484,1.0153846153846153,1.0,0.4,0.7,1.00818956834712,0.8468792374115808,0.16710228405716726,0.16710228405716726,0,pass,-,-,2026-03-28 11:34:00,Zone-A,QR_U-1104,phone_or_ipad
U-1104,welding,W-01,2026-03-28 12:15:00,2026-03-28 12:25:26,completed,10.433333333333334,0.57,,1416.54,2.79,10.12,8,32,11:43,Q-3010,stainless_steel_304,2.5,MB-2224,2.57,250,24.9,5316.0,2026-04-08 16:00,open,1.0691716481639626,1.1428571428571428,1.3333333333333333,0.9602261365292516,1.057471264367816,1.0,0.4,1.0,1.2407419850546422,1.4888903820655706,0.5523785774245646,0.5523785774245646,0,pass,-,-,2026-03-28 12:25:26,Zone-C,QR_U-1104,phone_or_ipad
U-1105,laser_cutting,L-01,2026-03-28 10:54:00,2026-03-28 11:00:51,completed,6.85,18.23,,322.35,14.15,18.64,8,19,10:35,Q-3016,aluminum_5754,2.0,MB-2209,1.44,180,25.0,4388.0,2026-04-04 08:00,accepted,1.0085889570552147,1.1428571428571428,0.8260869565217391,1.024862493243888,1.0318295045668422,0.55,0.2,0.55,1.2189326146366333,0.4055998275203398,0.05442762552167496,0.05442762552167496,0,pass,-,-,2026-03-28 11:00:51,Zone-A,QR_U-1105,phone_or_ipad
U-1105,bending,B-02,2026-03-28 11:21:51,2026-03-28 11:28:49,completed,6.966666666666667,10.35,85.7,28.86,,7.87,7,16,11:05,Q-3016,aluminum_5754,2.0,MB-2209,1.44,180,25.0,4388.0,2026-04-04 08:00,accepted,0.8865323435843054,1.0,0.6666666666666666,1.0411255411255411,1.1006993006993007,0.55,0.2,0.7,1.0159360611110346,0.4302489218805232,0.05813066662218182,0.05813066662218182,0,pass,-,-,2026-03-28 11:28:49,Zone-B,QR_U-1105,phone_or_ipad
U-1105,welding,W-01,2026-03-28 11:47:49,2026-03-28 11:58:16,completed,10.45,0.62,,1450.67,3.1,8.68,6,15,11:32,Q-3016,aluminum_5754,2.0,MB-2209,1.44,180,25.0,4388.0,2026-04-04 08:00,accepted,1.0708795900939367,0.8571428571428571,0.625,0.9833617472707368,0.9070010449320793,0.55,0.2,1.0,0.818681448771703,0.4953022765068804,0.06906748556917806,0.06906748556917806,0,pass,-,-,2026-03-28 11:58:16,Zone-D,QR_U-1105,phone_or_ipad
U-1106,laser_cutting,L-02,2026-03-28 11:23:00,2026-03-28 11:30:24,completed,7.4,20.87,,330.37,14.58,16.48,9,29,10:54,Q-3017,aluminum_5754,4.0,MB-2218,2.03,250,28.1,6304.0,2026-04-08 14:00,accepted,1.0895705521472394,1.2857142857142858,1.2608695652173914,1.0503608558802022,0.9122612787157488,0.55,1.0,0.55,1.3423247452560823,0.6090798531599474,0.09286322640008612,0.09286322640008612,0,pass,-,-,2026-03-28 11:30:24,Zone-B,QR_U-1106,phone_or_ipad
U-1106,bending,B-01,2026-03-28 11:50:24,2026-03-28 12:01:30,completed,11.1,10.06,73.97,27.41,,7.49,3,13,11:37,Q-3017,aluminum_5754,4.0,MB-2218,2.03,250,28.1,6304.0,2026-04-08 14:00,accepted,1.4125132555673383,0.42857142857142855,0.5416666666666666,0.9888167388167388,1.0475524475524476,0.55,1.0,0.7,0.6270574504065297,0.3621256776097709,0.04843293793367812,0.04843293793367812,0,pass,-,-,2026-03-28 12:01:30,Zone-B,QR_U-1106,phone_or_ipad
U-1106,welding,W-02,2026-03-28 12:44:30,2026-03-28 12:53:55,completed,9.416666666666666,0.58,,1489.39,3.23,9.58,7,37,12:07,Q-3017,aluminum_5754,4.0,MB-2218,2.03,250,28.1,6304.0,2026-04-08 14:00,accepted,0.9649871904355252,1.0,1.5416666666666667,1.009608768891314,1.0010449320794148,0.55,1.0,1.0,0.9752775643673726,0.8046039906030824,0.15110970451607486,0.15110970451607486,0,pass,-,-,2026-03-28 12:53:55,Zone-D,QR_U-1106,phone_or_ipad
U-1107,laser_cutting,L-01,2026-03-28 09:32:00,2026-03-28 09:37:40,completed,5.666666666666667,19.57,,310.71,11.98,18.01,3,18,09:14,Q-3006,aluminum_5754,2.0,MB-2205,3.33,120,30.5,2836.0,2026-04-10 17:00,accepted,0.834355828220859,0.42857142857142855,0.782608695652174,0.9878548946046483,0.9969554386936066,0.55,0.2,0.55,0.35216275407976433,0.11718215642004161,0.024819199235333652,0.024819199235333652,0,pass,-,-,2026-03-28 09:37:40,Zone-A,QR_U-1107,phone_or_ipad
U-1107,bending,B-02,2026-03-28 10:23:40,2026-03-28 10:31:58,completed,8.3,11.15,78.06,28.19,,7.34,11,37,09:46,Q-3006,aluminum_5754,2.0,MB-2205,3.33,120,30.5,2836.0,2026-04-10 17:00,accepted,1.056203605514316,1.5714285714285714,1.5416666666666667,1.016955266955267,1.0265734265734265,0.55,0.2,0.7,1.732743023274761,0.7338166703568614,0.12716969301347691,0.12716969301347691,0,pass,-,-,2026-03-28 10:31:58,Zone-B,QR_U-1107,phone_or_ipad
U-1107,welding,W-02,2026-03-28 11:01:58,2026-03-28 11:10:26,completed,8.466666666666667,0.58,,1575.34,3.48,10.83,5,19,10:42,Q-3006,aluminum_5754,2.0,MB-2205,3.33,120,30.5,2836.0,2026-04-10 17:00,accepted,0.8676345004269855,0.7142857142857143,0.7916666666666666,1.0678714628037267,1.1316614420062696,0.55,0.2,1.0,0.7489352585246986,0.4531058314074427,0.06177454645796544,0.06177454645796544,0,pass,-,-,2026-03-28 11:10:26,Zone-C,QR_U-1107,phone_or_ipad
U-1108,laser_cutting,L-02,2026-03-28 09:49:00,2026-03-28 09:55:30,completed,6.5,20.55,,328.93,14.76,17.59,3,30,09:19,Q-3014,galvanized_steel,3.0,MB-2209,2.89,80,26.1,1499.0,2026-04-08 17:00,accepted,0.9570552147239265,0.42857142857142855,1.3043478260869565,1.0457825962547294,0.9737060614447829,0.75,0.6,0.55,0.41766635510051875,0.22397358292265324,0.033283750799294465,0.033283750799294465,0,pass,-,-,2026-03-28 09:55:30,Zone-A,QR_U-1108,phone_or_ipad
U-1108,bending,B-01,2026-03-28 10:28:30,2026-03-28 10:34:43,completed,6.216666666666667,10.53,83.54,27.77,,7.76,5,31,09:57,Q-3014,galvanized_steel,3.0,MB-2209,2.89,80,26.1,1499.0,2026-04-08 17:00,accepted,0.7910922587486745,0.7142857142857143,1.2916666666666667,1.001803751803752,1.0853146853146853,0.75,0.6,0.7,0.6143805131286368,0.41931470021029466,0.05645970230446387,0.05645970230446387,0,pass,-,-,2026-03-28 10:34:43,Zone-A,QR_U-1108,phone_or_ipad
U-1108,welding,W-01,2026-03-28 11:17:43,2026-03-28 11:28:01,completed,10.3,0.62,,1419.36,2.89,10.01,11,38,10:39,Q-3014,galvanized_steel,3.0,MB-2209,2.89,80,26.1,1499.0,2026-04-08 17:00,accepted,1.0555081127241674,1.5714285714285714,1.5833333333333333,0.9621377222981056,1.0459770114942528,0.75,0.6,1.0,1.6692277760509786,1.6274970816497043,0.6462229784707467,0.6462229784707467,0,pass,-,-,2026-03-28 11:28:01,Zone-D,QR_U-1108,phone_or_ipad
U-1109,laser_cutting,L-01,2026-03-28 10:53:00,2026-03-28 10:59:51,completed,6.85,20.65,,289.62,12.45,16.99,4,19,10:34,Q-3018,aluminum_5754,2.5,MB-2222,3.07,60,6.7,1145.0,2026-04-08 08:00,accepted,1.0085889570552147,0.5714285714285714,0.8260869565217391,0.9208024671732427,0.9404926653750346,0.55,0.4,0.55,0.4991120410689019,0.18117767090801143,0.029600170190281546,0.029600170190281546,0,pass,-,-,2026-03-28 10:59:51,Zone-B,QR_U-1109,phone_or_ipad
U-1109,bending,B-01,2026-03-28 11:41:51,2026-03-28 11:47:04,completed,5.216666666666667,10.03,77.71,27.88,,6.46,2,39,11:02,Q-3018,aluminum_5754,2.5,MB-2222,3.07,60,6.7,1145.0,2026-04-08 08:00,accepted,0.6638388123011665,0.2857142857142857,1.625,1.0057720057720059,0.9034965034965035,0.55,0.4,0.7,0.17235370188504012,0.07962741027088853,0.022373123211339864,0.022373123211339864,0,pass,-,-,2026-03-28 11:47:04,Zone-A,QR_U-1109,phone_or_ipad
U-1109,welding,W-02,2026-03-28 12:25:04,2026-03-28 12:34:13,completed,9.15,0.56,,1470.01,3.3,9.12,5,36,11:49,Q-3018,aluminum_5754,2.5,MB-2222,3.07,60,6.7,1145.0,2026-04-08 08:00,accepted,0.9376601195559352,0.7142857142857143,1.5,0.996471700735147,0.9529780564263322,0.55,0.4,1.0,0.6360119554630741,0.4197678906056289,0.05652805273207872,0.05652805273207872,0,pass,-,-,2026-03-28 12:34:13,Zone-C,QR_U-1109,phone_or_ipad
U-1110,laser_cutting,L-01,2026-03-28 11:00:00,2026-03-28 11:04:33,completed,4.55,18.11,,317.75,13.65,16.27,5,27,10:33,Q-3019,stainless_steel_304,1.5,MB-2219,3.4,120,29.6,2459.0,2026-04-05 14:00,accepted,0.6699386503067485,0.7142857142857143,1.173913043478261,1.0102374972180714,0.9006365900913369,1.0,0.0,0.55,0.4353916237104138,0.23946539304072761,0.03472339116285298,0.03472339116285298,0,pass,-,-,2026-03-28 11:04:33,Zone-B,QR_U-1110,phone_or_ipad
U-1110,bending,B-01,2026-03-28 11:35:33,2026-03-28 11:43:48,completed,8.25,9.86,75.29,28.6,,6.55,9,26,11:09,Q-3019,stainless_steel_304,1.5,MB-2219,3.4,120,29.6,2459.0,2026-04-05 14:00,accepted,1.0498409331919407,1.2857142857142858,1.0833333333333333,1.0317460317460319,0.916083916083916,1.0,0.0,0.7,1.275780725864047,0.8930465081048329,0.18608187551595054,0.18608187551595054,0,pass,-,-,2026-03-28 11:43:48,Zone-A,QR_U-1110,phone_or_ipad
U-1110,welding,W-01,2026-03-28 12:05:48,2026-03-28 12:15:12,completed,9.4,0.64,,1453.08,3.16,9.95,8,14,11:51,Q-3019,stainless_steel_304,1.5,MB-2219,3.4,120,29.6,2459.0,2026-04-05 14:00,accepted,0.9632792485055509,1.1428571428571428,0.5833333333333334,0.9849954074490835,1.0397074190177638,1.0,0.0,1.0,1.127429774819677,1.127429774819677,0.30736264710101996,0.30736264710101996,1,fail,burn_through,low,2026-03-28 12:15:12,Zone-D,QR_U-1110,phone_or_ipad
U-1111,laser_cutting,L-03,2026-03-28 09:01:00,2026-03-28 09:10:27,completed,9.45,20.71,,306.96,12.79,20.43,8,21,08:40,Q-3003,galvanized_steel,4.0,MB-2220,2.69,180,22.1,4341.0,2026-04-10 08:00,accepted,1.3914110429447852,1.1428571428571428,0.9130434782608695,0.9759323434966458,1.130916136174924,0.75,1.0,0.55,1.755082374303894,1.0859572191005344,0.28295998834682173,0.28295998834682173,0,pass,-,-,2026-03-28 09:10:27,Zone-A,QR_U-1111,phone_or_ipad
U-1111,bending,B-01,2026-03-28 09:38:27,2026-03-28 09:48:00,completed,9.55,10.62,83.24,26.82,,7.51,4,22,09:16,Q-3003,galvanized_steel,4.0,MB-2220,2.69,180,22.1,4341.0,2026-04-10 08:00,accepted,1.2152704135737011,0.5714285714285714,0.9166666666666666,0.9675324675324676,1.0503496503496503,0.75,1.0,0.7,0.7057230769671033,0.5557569231115939,0.08091016523351909,0.08091016523351909,0,pass,-,-,2026-03-28 09:48:00,Zone-B,QR_U-1111,phone_or_ipad
U-1111,welding,W-02,2026-03-28 10:16:00,2026-03-28 10:28:57,completed,12.95,0.55,,1455.41,3.15,8.64,10,24,09:52,Q-3003,galvanized_steel,4.0,MB-2220,2.69,180,22.1,4341.0,2026-04-10 08:00,accepted,1.3270708795900938,1.4285714285714286,1.0,0.9865748382439169,0.9028213166144201,0.75,1.0,1.0,1.688604409540999,1.899679960733624,0.7978043695079291,0.7978043695079291,1,fail,surface_porosity,low,2026-03-28 10:28:57,Zone-D,QR_U-1111,phone_or_ipad
U-1112,laser_cutting,L-01,2026-03-28 09:37:00,2026-03-28 09:42:39,completed,5.65,19.67,,305.38,11.84,19.44,10,36,09:01,Q-3000,galvanized_steel,1.5,MB-2212,1.23,120,30.7,3038.0,2026-04-06 14:00,accepted,0.8319018404907976,1.4285714285714286,1.565217391304348,0.9709089752964741,1.0761140326598397,0.75,0.0,0.55,1.24168334430465,0.5121943795256682,0.0722047005819137,0.0722047005819137,1,fail,incomplete_cut,medium,2026-03-28 09:42:39,Zone-B,QR_U-1112,phone_or_ipad
U-1112,bending,B-01,2026-03-28 10:16:39,2026-03-28 10:22:10,completed,5.516666666666667,10.46,85.28,26.44,,7.46,4,29,09:47,Q-3000,galvanized_steel,1.5,MB-2212,1.23,120,30.7,3038.0,2026-04-06 14:00,accepted,0.7020148462354189,0.5714285714285714,1.2083333333333333,0.9538239538239539,1.0433566433566432,0.75,0.0,0.7,0.3992172131104248,0.209589036882973,0.03199872873103333,0.03199872873103333,0,pass,-,-,2026-03-28 10:22:10,Zone-B,QR_U-1112,phone_or_ipad
U-1112,welding,W-01,2026-03-28 11:05:10,2026-03-28 11:13:52,completed,8.7,0.58,,1438.82,3.13,9.94,8,33,10:32,Q-3000,galvanized_steel,1.5,MB-2212,1.23,120,30.7,3038.0,2026-04-06 14:00,accepted,0.8915456874466268,1.1428571428571428,1.375,0.9753290198377862,1.038662486938349,0.75,0.0,1.0,1.0321935562789146,0.7741451672091859,0.14038354070458595,0.14038354070458595,1,fail,burn_through,low,2026-03-28 11:13:52,Zone-C,QR_U-1112,phone_or_ipad
U-1113,laser_cutting,L-02,2026-03-28 09:07:00,2026-03-28 09:12:02,completed,5.033333333333333,21.38,,321.14,12.82,18.65,6,29,08:38,Q-3016,galvanized_steel,2.0,MB-2216,3.37,180,25.0,4388.0,2026-04-04 08:00,accepted,0.7411042944785277,0.8571428571428571,1.2608695652173914,1.0210154834197056,1.0323830611680045,0.75,0.2,0.55,0.6695850347324281,0.3038242095098393,0.0413721151893384,0.0413721151893384,0,pass,-,-,2026-03-28 09:12:02,Zone-B,QR_U-1113,phone_or_ipad
U-1113,bending,B-02,2026-03-28 10:01:02,2026-03-28 10:08:36,completed,7.566666666666666,11.04,78.21,28.89,,7.14,3,38,09:23,Q-3016,galvanized_steel,2.0,MB-2216,3.37,180,25.0,4388.0,2026-04-04 08:00,accepted,0.9628844114528101,0.42857142857142855,1.5833333333333333,1.0422077922077924,0.9986013986013985,0.75,0.2,0.7,0.429480901822558,0.24802522080252726,0.03554441139857238,0.03554441139857238,0,pass,-,-,2026-03-28 10:08:36,Zone-A,QR_U-1113,phone_or_ipad
U-1113,welding,W-01,2026-03-28 10:30:36,2026-03-28 10:39:49,completed,9.216666666666667,0.55,,1474.36,3.01,8.93,6,12,10:18,Q-3016,galvanized_steel,2.0,MB-2216,3.37,180,25.0,4388.0,2026-04-04 08:00,accepted,0.9444918872758327,0.8571428571428571,0.5,0.9994204234636983,0.9331243469174503,0.75,0.2,1.0,0.7549864956307581,0.6228638588953754,0.09620134795826003,0.09620134795826003,0,pass,-,-,2026-03-28 10:39:49,Zone-C,QR_U-1113,phone_or_ipad
U-1114,laser_cutting,L-02,2026-03-28 10:28:00,2026-03-28 10:37:12,completed,9.2,21.9,,313.11,15.18,19.33,9,22,10:06,Q-3017,stainless_steel_304,4.0,MB-2214,3.44,250,28.1,6304.0,2026-04-08 14:00,accepted,1.354601226993865,1.2857142857142858,0.9565217391304348,0.9954853273137699,1.0700249100470522,1.0,1.0,0.55,1.8551741552779664,1.5305186781043223,0.5812907664789209,0.5812907664789209,0,pass,-,-,2026-03-28 10:37:12,Zone-B,QR_U-1114,phone_or_ipad
U-1114,bending,B-02,2026-03-28 11:15:12,2026-03-28 11:25:14,completed,10.033333333333333,10.21,77.3,29.02,,6.58,10,36,10:39,Q-3017,stainless_steel_304,4.0,MB-2214,3.44,250,28.1,6304.0,2026-04-08 14:00,accepted,1.2767762460233298,1.4285714285714286,1.5,1.046897546897547,0.9202797202797203,1.0,1.0,0.7,1.7572792793076222,1.8451432432730033,0.7717667752415253,0.7717667752415253,1,fail,angle_deviation,medium,2026-03-28 11:25:14,Zone-A,QR_U-1114,phone_or_ipad
U-1114,welding,W-01,2026-03-28 11:46:14,2026-03-28 11:58:15,completed,12.016666666666667,0.62,,1459.56,3.03,8.8,2,19,11:27,Q-3017,stainless_steel_304,4.0,MB-2214,3.44,250,28.1,6304.0,2026-04-08 14:00,accepted,1.2314261315115287,0.2857142857142857,0.7916666666666666,0.9893879875136843,0.9195402298850576,1.0,1.0,1.0,0.3200941141616954,0.48014117124254313,0.06635968592086659,0.06635968592086659,0,pass,-,-,2026-03-28 11:58:15,Zone-C,QR_U-1114,phone_or_ipad
U-1115,laser_cutting,L-01,2026-03-28 10:43:00,2026-03-28 10:45:28,completed,2.466666666666667,21.36,,285.45,13.53,19.42,4,18,10:25,Q-3011,aluminum_5754,2.5,MB-2215,2.76,180,16.1,3728.0,2026-04-06 15:00,accepted,0.3631901840490798,0.5714285714285714,0.782608695652174,0.907544590341144,1.0750069194575147,0.55,0.4,0.55,0.20247680802282755,0.07349908131228641,0.021996971182167493,0.021996971182167493,0,pass,-,-,2026-03-28 10:45:28,Zone-A,QR_U-1115,phone_or_ipad
U-1115,bending,B-02,2026-03-28 11:27:28,2026-03-28 11:33:32,completed,6.066666666666666,11.0,85.38,28.54,,7.25,9,34,10:53,Q-3011,aluminum_5754,2.5,MB-2215,2.76,180,16.1,3728.0,2026-04-06 15:00,accepted,0.7720042417815483,1.2857142857142858,1.4166666666666667,1.0295815295815296,1.013986013986014,0.55,0.4,0.7,1.0362316753910314,0.47873903403065654,0.06611430441940976,0.06611430441940976,0,pass,-,-,2026-03-28 11:33:32,Zone-A,QR_U-1115,phone_or_ipad
U-1115,welding,W-02,2026-03-28 12:06:32,2026-03-28 12:15:17,completed,8.75,0.54,,1426.51,3.43,8.92,4,26,11:40,Q-3011,aluminum_5754,2.5,MB-2215,2.76,180,16.1,3728.0,2026-04-06 15:00,accepted,0.89666951323655,0.5714285714285714,1.0833333333333333,0.9669844734496327,0.9320794148380355,0.55,0.4,1.0,0.4618136578157469,0.30479701415839294,0.041481421750635204,0.041481421750635204,0,pass,-,-,2026-03-28 12:15:17,Zone-C,QR_U-1115,phone_or_ipad
U-1116,laser_cutting,L-03,2026-03-28 11:22:00,2026-03-28 11:28:49,completed,6.816666666666666,23.39,,324.86,12.8,17.61,3,31,10:51,Q-3010,galvanized_steel,3.0,MB-2206,3.17,250,24.9,5316.0,2026-04-08 16:00,open,1.003680981595092,0.42857142857142855,1.3478260869565217,1.032842654118844,0.9748131746471077,0.75,0.6,0.55,0.43308631894986865,0.2322425385368671,0.03404485640773472,0.03404485640773472,0,pass,-,-,2026-03-28 11:28:49,Zone-A,QR_U-1116,phone_or_ipad
U-1116,bending,B-02,2026-03-28 12:08:49,2026-03-28 12:17:33,completed,8.733333333333333,10.31,74.12,28.02,,6.63,9,35,11:33,Q-3010,galvanized_steel,3.0,MB-2206,3.17,250,24.9,5316.0,2026-04-08 16:00,open,1.1113467656415694,1.2857142857142858,1.4583333333333333,1.0108225108225108,0.9272727272727272,0.75,0.6,0.7,1.3392956274558236,0.9140692657385997,0.19525980815203173,0.19525980815203173,0,pass,-,-,2026-03-28 12:17:33,Zone-B,QR_U-1116,phone_or_ipad
U-1116,welding,W-02,2026-03-28 12:31:33,2026-03-28 12:40:34,completed,9.016666666666667,0.58,,1478.82,2.92,10.41,2,12,12:19,Q-3010,galvanized_steel,3.0,MB-2206,3.17,250,24.9,5316.0,2026-04-08 16:00,open,0.9239965841161402,0.2857142857142857,0.5,1.002443711594581,1.0877742946708464,0.75,0.6,1.0,0.2878731161243958,0.28067628822128593,0.03885107449119131,0.03885107449119131,0,pass,-,-,2026-03-28 12:40:34,Zone-C,QR_U-1116,phone_or_ipad
U-1117,laser_cutting,L-02,2026-03-28 10:13:00,2026-03-28 10:17:37,completed,4.616666666666666,23.02,,326.13,14.65,16.72,8,11,10:02,Q-3019,galvanized_steel,2.0,MB-2202,1.99,120,29.6,2459.0,2026-04-05 14:00,accepted,0.6797546012269938,1.1428571428571428,0.4782608695652174,1.0368804247607541,0.925546637143648,0.75,0.2,0.55,0.7455402340439556,0.33828888119744494,0.045417481524911096,0.045417481524911096,0,pass,-,-,2026-03-28 10:17:37,Zone-B,QR_U-1117,phone_or_ipad
U-1117,bending,B-01,2026-03-28 11:01:37,2026-03-28 11:07:33,completed,5.933333333333334,9.2,74.53,26.62,,7.06,7,36,10:25,Q-3019,galvanized_steel,2.0,MB-2202,1.99,120,29.6,2459.0,2026-04-05 14:00,accepted,0.7550371155885472,1.0,1.5,0.9603174603174603,0.9874125874125873,0.75,0.2,0.7,0.7159485030110693,0.4134602604888925,0.055583690950211644,0.055583690950211644,0,pass,-,-,2026-03-28 11:07:33,Zone-A,QR_U-1117,phone_or_ipad
U-1117,welding,W-02,2026-03-28 11:49:33,2026-03-28 11:59:03,completed,9.5,0.54,,1542.74,3.33,9.55,6,35,11:14,Q-3019,galvanized_steel,2.0,MB-2202,1.99,120,29.6,2459.0,2026-04-05 14:00,accepted,0.9735269000853971,0.8571428571428571,1.4583333333333333,1.0457729890219392,0.9979101358411704,0.75,0.2,1.0,0.8708232602478889,0.7184291897045084,0.12241486585511345,0.12241486585511345,0,pass,-,-,2026-03-28 11:59:03,Zone-C,QR_U-1117,phone_or_ipad
U-1118,laser_cutting,L-03,2026-03-28 09:27:00,2026-03-28 09:32:09,completed,5.15,22.07,,334.79,14.37,18.67,4,17,09:10,Q-3014,galvanized_steel,2.0,MB-2213,2.45,80,26.1,1499.0,2026-04-08 17:00,accepted,0.7582822085889571,0.5714285714285714,0.7391304347826086,1.0644135694528345,1.0334901743703295,0.75,0.2,0.55,0.47666094771358464,0.21628490502503905,0.03259081489112085,0.03259081489112085,0,pass,-,-,2026-03-28 09:32:09,Zone-A,QR_U-1118,phone_or_ipad
U-1118,bending,B-01,2026-03-28 10:07:09,2026-03-28 10:15:12,completed,8.05,9.59,71.64,27.75,,7.39,7,27,09:40,Q-3014,galvanized_steel,2.0,MB-2213,2.45,80,26.1,1499.0,2026-04-08 17:00,accepted,1.024390243902439,1.0,1.125,1.001082251082251,1.0335664335664334,0.75,0.2,0.7,1.0599212317615863,0.6121045113423161,0.09358669647909008,0.09358669647909008,0,pass,-,-,2026-03-28 10:15:12,Zone-B,QR_U-1118,phone_or_ipad
U-1118,welding,W-02,2026-03-28 10:27:12,2026-03-28 10:37:38,completed,10.433333333333334,0.57,,1472.82,3.24,9.62,6,9,10:18,Q-3014,galvanized_steel,2.0,MB-2213,2.45,80,26.1,1499.0,2026-04-08 17:00,accepted,1.0691716481639626,0.8571428571428571,0.375,0.9983765078310618,1.005224660397074,0.75,0.2,1.0,0.9197252967523623,0.758773369820699,0.13521637724981603,0.13521637724981603,0,pass,-,-,2026-03-28 10:37:38,Zone-C,QR_U-1118,phone_or_ipad
U-1119,laser_cutting,L-02,2026-03-28 09:06:00,2026-03-28 09:14:22,completed,8.366666666666667,19.39,,312.6,14.31,17.16,5,8,08:58,Q-3002,aluminum_5754,2.0,MB-2213,3.27,180,31.2,4738.0,2026-04-07 09:00,accepted,1.2319018404907978,0.7142857142857143,0.34782608695652173,0.9938638603630816,0.9499031275947967,0.55,0.2,0.55,0.8307192698683427,0.27642183704869105,0.03840403872370004,0.03840403872370004,0,pass,-,-,2026-03-28 09:14:22,Zone-B,QR_U-1119,phone_or_ipad
U-1119,bending,B-02,2026-03-28 09:52:22,2026-03-28 09:58:07,completed,5.75,11.6,84.05,27.96,,6.39,6,34,09:18,Q-3002,aluminum_5754,2.0,MB-2213,3.27,180,31.2,4738.0,2026-04-07 09:00,accepted,0.7317073170731707,0.8571428571428571,1.4166666666666667,1.0086580086580088,0.8937062937062936,0.55,0.2,0.7,0.5653655815201587,0.23943232377378723,0.03472025503284861,0.03472025503284861,0,pass,-,-,2026-03-28 09:58:07,Zone-A,QR_U-1119,phone_or_ipad
U-1119,welding,W-01,2026-03-28 10:17:07,2026-03-28 10:28:54,completed,11.783333333333333,0.65,,1419.06,3.14,9.49,10,11,10:06,Q-3002,aluminum_5754,2.0,MB-2213,3.27,180,31.2,4738.0,2026-04-07 09:00,accepted,1.2075149444918873,1.4285714285714286,0.4583333333333333,0.9619343621099296,0.9916405433646813,0.55,0.2,1.0,1.6454859857542055,0.9955190213812944,0.23402459596749534,0.23402459596749534,0,pass,-,-,2026-03-28 10:28:54,Zone-D,QR_U-1119,phone_or_ipad
U-1120,laser_cutting,L-02,2026-03-28 11:12:00,2026-03-28 11:18:30,completed,6.5,18.93,,311.97,12.86,19.57,2,17,10:55,Q-3014,galvanized_steel,3.0,MB-2212,2.2,80,26.1,1499.0,2026-04-08 17:00,accepted,0.9570552147239265,0.2857142857142857,0.7391304347826086,0.9918608717769372,1.0833102684749518,0.75,0.6,0.55,0.2938140552111093,0.1575577871069574,0.027739637919569828,0.027739637919569828,0,pass,-,-,2026-03-28 11:18:30,Zone-A,QR_U-1120,phone_or_ipad
U-1120,bending,B-01,2026-03-28 11:57:30,2026-03-28 12:07:13,completed,9.716666666666667,9.02,79.4,27.8,,7.42,10,34,11:23,Q-3014,galvanized_steel,3.0,MB-2212,2.2,80,26.1,1499.0,2026-04-08 17:00,accepted,1.2364793213149523,1.4285714285714286,1.4166666666666667,1.002886002886003,1.0377622377622377,0.75,0.6,0.7,1.8383925488909585,1.254702914618079,0.3888010053355024,0.3888010053355024,1,fail,surface_crack,low,2026-03-28 12:07:13,Zone-B,QR_U-1120,phone_or_ipad
U-1120,welding,W-02,2026-03-28 12:38:13,2026-03-28 12:47:27,completed,9.233333333333333,0.51,,1439.46,3.44,10.3,5,20,12:18,Q-3014,galvanized_steel,3.0,MB-2212,2.2,80,26.1,1499.0,2026-04-08 17:00,accepted,0.9461998292058069,0.7142857142857143,0.8333333333333334,0.975762854905895,1.0762800417972833,0.75,0.6,1.0,0.7097810464674192,0.6920365203057337,0.11461569598024694,0.11461569598024694,0,pass,-,-,2026-03-28 12:47:27,Zone-D,QR_U-1120,phone_or_ipad
U-1121,laser_cutting,L-03,2026-03-28 08:49:00,2026-03-28 08:55:33,completed,6.55,20.75,,328.84,14.27,17.87,3,10,08:39,Q-3006,galvanized_steel,4.0,MB-2203,1.28,120,30.5,2836.0,2026-04-10 17:00,accepted,0.9644171779141105,0.42857142857142855,0.43478260869565216,1.0454964550281372,0.989205646277332,0.75,1.0,0.55,0.427461793109942,0.26449198448677663,0.03717670217082476,0.03717670217082476,0,pass,-,-,2026-03-28 08:55:33,Zone-B,QR_U-1121,phone_or_ipad
U-1121,bending,B-02,2026-03-28 09:16:33,2026-03-28 09:25:33,completed,9.0,10.74,81.89,27.63,,7.68,3,13,09:03,Q-3006,galvanized_steel,4.0,MB-2203,1.28,120,30.5,2836.0,2026-04-10 17:00,accepted,1.1452810180275717,0.42857142857142855,0.5416666666666666,0.9967532467532467,1.0741258741258741,0.75,1.0,0.7,0.5255065271867133,0.41383639015953666,0.05563958535760542,0.05563958535760542,0,pass,-,-,2026-03-28 09:25:33,Zone-B,QR_U-1121,phone_or_ipad
U-1121,welding,W-02,2026-03-28 09:59:33,2026-03-28 10:07:58,completed,8.416666666666666,0.58,,1483.22,3.01,10.45,9,26,09:33,Q-3006,galvanized_steel,4.0,MB-2203,1.28,120,30.5,2836.0,2026-04-10 17:00,accepted,0.8625106746370623,1.2857142857142858,1.0833333333333333,1.0054263276878286,1.0919540229885056,0.75,1.0,1.0,1.2174848175107857,1.3696704196996339,0.4682799580786242,0.4682799580786242,0,pass,-,-,2026-03-28 10:07:58,Zone-D,QR_U-1121,phone_or_ipad
U-1122,laser_cutting,L-01,2026-03-28 10:04:00,2026-03-28 10:11:31,completed,7.516666666666667,20.67,,315.71,12.88,17.98,7,12,09:52,Q-3013,stainless_steel_304,2.0,MB-2208,1.14,40,11.2,722.0,2026-04-04 08:00,accepted,1.1067484662576688,1.0,0.5217391304347826,1.0037516294153181,0.9952947688901191,1.0,0.2,0.55,1.1056735324071703,0.6689324871063381,0.10814693166299115,0.10814693166299115,0,pass,-,-,2026-03-28 10:11:31,Zone-A,QR_U-1122,phone_or_ipad
U-1122,bending,B-02,2026-03-28 10:47:31,2026-03-28 10:53:34,completed,6.05,11.33,89.16,26.83,,7.74,5,25,10:22,Q-3013,stainless_steel_304,2.0,MB-2208,1.14,40,11.2,722.0,2026-04-04 08:00,accepted,0.7698833510074231,0.7142857142857143,1.0416666666666667,0.9678932178932179,1.0825174825174826,1.0,0.2,0.7,0.5761814310519053,0.44365970190996706,0.06024345090909017,0.06024345090909017,0,pass,-,-,2026-03-28 10:53:34,Zone-A,QR_U-1122,phone_or_ipad
U-1122,welding,W-02,2026-03-28 11:32:34,2026-03-28 11:43:49,completed,11.25,0.52,,1514.43,3.14,9.67,11,32,11:00,Q-3013,stainless_steel_304,2.0,MB-2208,1.14,40,11.2,722.0,2026-04-04 08:00,accepted,1.1528608027327072,1.5714285714285714,1.3333333333333333,1.0265825659310677,1.0104493207941483,1.0,0.2,1.0,1.8792300108319868,2.0671530119151855,0.8637153962152455,0.8637153962152455,1,fail,surface_porosity,medium,2026-03-28 11:43:49,Zone-C,QR_U-1122,phone_or_ipad
U-1123,laser_cutting,L-01,2026-03-28 10:13:00,2026-03-28 10:19:07,completed,6.116666666666666,18.45,,305.14,13.74,19.31,7,13,10:00,Q-3004,aluminum_5754,3.0,MB-2217,2.7,60,7.2,1664.0,2026-04-04 14:00,open,0.9006134969325154,1.0,0.5652173913043478,0.970145932025562,1.0689177968447274,0.55,0.6,0.55,0.9339418272055467,0.3672726235485813,0.04910855730257622,0.04910855730257622,0,pass,-,-,2026-03-28 10:19:07,Zone-B,QR_U-1123,phone_or_ipad
U-1123,bending,B-01,2026-03-28 10:42:07,2026-03-28 10:49:56,completed,7.816666666666666,10.65,77.16,28.48,,6.31,4,20,10:22,Q-3004,aluminum_5754,3.0,MB-2217,2.7,60,7.2,1664.0,2026-04-04 14:00,open,0.9946977730646871,0.5714285714285714,0.8333333333333334,1.0274170274170276,0.8825174825174824,0.55,0.6,0.7,0.5153747930572379,0.2579450839251476,0.03651927484581163,0.03651927484581163,1,fail,springback,medium,2026-03-28 10:49:56,Zone-B,QR_U-1123,phone_or_ipad
U-1123,welding,W-01,2026-03-28 11:28:56,2026-03-28 11:40:36,completed,11.666666666666666,0.63,,1391.95,3.22,9.96,10,28,11:00,Q-3004,aluminum_5754,3.0,MB-2217,2.7,60,7.2,1664.0,2026-04-04 14:00,open,1.1955593509820666,1.4285714285714286,1.1666666666666667,0.943557379771762,1.0407523510971788,0.55,0.6,1.0,1.6772153055380954,1.1992089434597384,0.35220135866049607,0.35220135866049607,0,pass,-,-,2026-03-28 11:40:36,Zone-C,QR_U-1123,phone_or_ipad
U-1124,laser_cutting,L-01,2026-03-28 09:56:00,2026-03-28 10:01:59,completed,5.983333333333333,19.42,,304.72,14.15,19.02,5,21,09:35,Q-3014,aluminum_5754,2.0,MB-2212,3.41,80,26.1,1499.0,2026-04-08 17:00,accepted,0.8809815950920247,0.7142857142857143,0.9130434782608695,0.9688106063014659,1.052864655411016,0.55,0.2,0.55,0.6418746604964151,0.21358379328018218,0.032350704107721166,0.032350704107721166,0,pass,-,-,2026-03-28 10:01:59,Zone-B,QR_U-1124,phone_or_ipad
U-1124,bending,B-01,2026-03-28 10:19:59,2026-03-28 10:26:06,completed,6.116666666666666,9.39,83.6,28.03,,7.77,4,14,10:05,Q-3014,aluminum_5754,2.0,MB-2212,3.41,80,26.1,1499.0,2026-04-08 17:00,accepted,0.7783669141039236,0.5714285714285714,0.5833333333333334,1.0111832611832612,1.0867132867132867,0.55,0.2,0.7,0.48875494825557486,0.206987720586236,0.031771522159939294,0.031771522159939294,0,pass,-,-,2026-03-28 10:26:06,Zone-A,QR_U-1124,phone_or_ipad
U-1124,welding,W-02,2026-03-28 11:11:06,2026-03-28 11:20:54,completed,9.8,0.54,,1518.32,2.98,10.15,4,37,10:34,Q-3014,aluminum_5754,2.0,MB-2212,3.41,80,26.1,1499.0,2026-04-08 17:00,accepted,1.004269854824936,0.5714285714285714,1.5416666666666667,1.029219469704416,1.0606060606060606,0.55,0.2,1.0,0.6264327802563947,0.3789918320551188,0.05068037750948183,0.05068037750948183,0,pass,-,-,2026-03-28 11:20:54,Zone-D,QR_U-1124,phone_or_ipad
U-1125,laser_cutting,L-01,2026-03-28 08:59:00,2026-03-28 09:05:21,completed,6.35,21.45,,305.74,13.75,16.56,8,15,08:44,Q-3004,stainless_steel_304,3.0,MB-2211,2.32,60,7.2,1664.0,2026-04-04 14:00,open,0.9349693251533743,1.1428571428571428,0.6521739130434783,0.9720535402028424,0.9166897315250485,1.0,0.6,0.55,0.9521423061636398,0.6807817489070025,0.11142347290369858,0.11142347290369858,0,pass,-,-,2026-03-28 09:05:21,Zone-A,QR_U-1125,phone_or_ipad
U-1125,bending,B-01,2026-03-28 09:49:21,2026-03-28 09:56:46,completed,7.416666666666667,9.33,84.1,26.5,,6.92,2,37,09:12,Q-3004,stainless_steel_304,3.0,MB-2211,2.32,60,7.2,1664.0,2026-04-04 14:00,open,0.943796394485684,0.2857142857142857,1.5416666666666667,0.955988455988456,0.9678321678321677,1.0,0.6,0.7,0.24949564551002346,0.22704103741412135,0.03356415465775265,0.03356415465775265,0,pass,-,-,2026-03-28 09:56:46,Zone-B,QR_U-1125,phone_or_ipad
U-1125,welding,W-02,2026-03-28 10:36:46,2026-03-28 10:46:52,completed,10.1,0.52,,1452.56,3.09,10.33,8,30,10:06,Q-3004,stainless_steel_304,3.0,MB-2211,2.32,60,7.2,1664.0,2026-04-04 14:00,open,1.0350128095644748,1.1428571428571428,1.25,0.9846429164562452,1.0794148380355277,1.0,0.6,1.0,1.257201285463082,1.6343616711020068,0.6506508573319955,0.6506508573319955,0,pass,-,-,2026-03-28 10:46:52,Zone-C,QR_U-1125,phone_or_ipad
U-1126,laser_cutting,L-03,2026-03-28 09:33:00,2026-03-28 09:39:25,completed,6.416666666666667,23.12,,340.25,14.5,18.05,10,22,09:11,Q-3008,stainless_steel_304,2.5,MB-2218,3.42,120,10.7,3066.0,2026-04-07 13:00,accepted,0.9447852760736197,1.4285714285714286,0.9565217391304348,1.081772803866086,0.9991696650982564,1.0,0.4,0.55,1.458849113087616,0.9628404146378267,0.21785865776790894,0.21785865776790894,0,pass,-,-,2026-03-28 09:39:25,Zone-B,QR_U-1126,phone_or_ipad
U-1126,bending,B-01,2026-03-28 09:50:25,2026-03-28 09:59:07,completed,8.7,10.26,78.51,26.06,,7.36,7,8,09:42,Q-3008,stainless_steel_304,2.5,MB-2218,3.42,120,10.7,3066.0,2026-04-07 13:00,accepted,1.1071049840933191,1.0,0.3333333333333333,0.9401154401154401,1.0293706293706293,1.0,0.4,0.7,1.0713756310208638,0.8999555300575254,0.18906090880416082,0.18906090880416082,0,pass,-,-,2026-03-28 09:59:07,Zone-B,QR_U-1126,phone_or_ipad
U-1126,welding,W-02,2026-03-28 10:40:07,2026-03-28 10:50:58,completed,10.85,0.55,,1423.16,3.37,10.16,9,33,10:07,Q-3008,stainless_steel_304,2.5,MB-2218,3.42,120,10.7,3066.0,2026-04-07 13:00,accepted,1.111870196413322,1.2857142857142858,1.375,0.9647136180150012,1.0616509926854754,1.0,0.4,1.0,1.4641269606772032,1.7569523528126438,0.7248753626458638,0.7248753626458638,1,fail,surface_porosity,high,2026-03-28 10:50:58,Zone-D,QR_U-1126,phone_or_ipad
U-1127,laser_cutting,L-03,2026-03-28 10:28:00,2026-03-28 10:36:24,completed,8.4,22.83,,314.54,12.63,19.46,6,18,10:10,Q-3011,galvanized_steel,2.5,MB-2221,2.14,180,16.1,3728.0,2026-04-06 15:00,accepted,1.2368098159509204,0.8571428571428571,0.782608695652174,1.0000317934696215,1.0772211458621646,0.75,0.4,0.55,1.142022896703545,0.5653013338682549,0.08294131217164782,0.08294131217164782,0,pass,-,-,2026-03-28 10:36:24,Zone-B,QR_U-1127,phone_or_ipad
U-1127,bending,B-02,2026-03-28 11:21:24,2026-03-28 11:28:22,completed,6.966666666666667,11.71,87.63,28.37,,6.88,2,36,10:45,Q-3011,galvanized_steel,2.5,MB-2221,2.14,180,16.1,3728.0,2026-04-06 15:00,accepted,0.8865323435843054,0.2857142857142857,1.5,1.0234487734487736,0.9622377622377621,0.75,0.4,0.7,0.24944513985568376,0.15715043810908075,0.027708568859170918,0.027708568859170918,0,pass,-,-,2026-03-28 11:28:22,Zone-B,QR_U-1127,phone_or_ipad
U-1127,welding,W-01,2026-03-28 11:48:22,2026-03-28 11:59:30,completed,11.133333333333333,0.65,,1465.4,2.75,8.97,3,16,11:32,Q-3011,galvanized_steel,2.5,MB-2221,2.14,180,16.1,3728.0,2026-04-06 15:00,accepted,1.1409052092228864,0.42857142857142855,0.6666666666666666,0.9933467325101765,0.9373040752351097,0.75,0.4,1.0,0.4552543986259731,0.4097289587633758,0.055032059879275605,0.055032059879275605,0,pass,-,-,2026-03-28 11:59:30,Zone-C,QR_U-1127,phone_or_ipad
U-1128,laser_cutting,L-03,2026-03-28 11:04:00,2026-03-28 11:09:47,completed,5.783333333333333,19.98,,323.94,13.11,19.54,3,39,10:25,Q-3005,aluminum_5754,1.5,MB-2216,1.7,40,7.2,963.0,2026-04-06 16:00,accepted,0.8515337423312884,0.42857142857142855,1.6956521739130435,1.0299176549136808,1.0816495986714643,0.55,0.0,0.55,0.40655019416098936,0.1229814337336993,0.02521946741317475,0.02521946741317475,0,pass,-,-,2026-03-28 11:09:47,Zone-A,QR_U-1128,phone_or_ipad
U-1128,bending,B-01,2026-03-28 11:20:47,2026-03-28 11:28:48,completed,8.016666666666667,10.03,85.63,26.46,,7.95,3,9,11:11,Q-3005,aluminum_5754,1.5,MB-2216,1.7,40,7.2,963.0,2026-04-06 16:00,accepted,1.0201484623541888,0.42857142857142855,0.375,0.9545454545454546,1.1118881118881119,0.55,0.0,0.7,0.4640281149487743,0.1786508242552781,0.02939548885104927,0.02939548885104927,0,pass,-,-,2026-03-28 11:28:48,Zone-B,QR_U-1128,phone_or_ipad
U-1128,welding,W-01,2026-03-28 12:05:48,2026-03-28 12:12:48,completed,7.0,0.55,,1514.96,3.07,9.69,4,26,11:39,Q-3005,aluminum_5754,1.5,MB-2216,1.7,40,7.2,963.0,2026-04-06 16:00,accepted,0.71733561058924,0.5714285714285714,1.0833333333333333,1.0269418355968452,1.012539184952978,0.55,0.0,1.0,0.4262280509141635,0.23442542800278993,0.03424856296497069,0.03424856296497069,0,pass,-,-,2026-03-28 12:12:48,Zone-C,QR_U-1128,phone_or_ipad
U-1129,laser_cutting,L-03,2026-03-28 10:23:00,2026-03-28 10:26:55,completed,3.9166666666666665,23.51,,319.53,14.37,16.63,3,37,09:46,Q-3003,galvanized_steel,1.5,MB-2204,1.84,180,22.1,4341.0,2026-04-10 08:00,accepted,0.5766871165644172,0.42857142857142855,1.608695652173913,1.01589673481067,0.9205646277331858,0.75,0.0,0.55,0.23113585018226893,0.09534353820018594,0.02336672035615329,0.02336672035615329,0,pass,-,-,2026-03-28 10:26:55,Zone-B,QR_U-1129,phone_or_ipad
U-1129,bending,B-01,2026-03-28 10:46:55,2026-03-28 10:54:33,completed,7.633333333333334,10.53,79.31,28.39,,7.62,10,11,10:35,Q-3003,galvanized_steel,1.5,MB-2204,1.84,180,22.1,4341.0,2026-04-10 08:00,accepted,0.9713679745493108,1.4285714285714286,0.4583333333333333,1.0241702741702743,1.0657342657342657,0.75,0.0,0.7,1.5146309851519808,0.7951812672047899,0.14772135505461476,0.14772135505461476,0,pass,-,-,2026-03-28 10:54:33,Zone-A,QR_U-1129,phone_or_ipad
U-1129,welding,W-01,2026-03-28 11:22:33,2026-03-28 11:33:14,completed,10.683333333333334,0.61,,1517.41,2.8,8.54,6,26,10:56,Q-3003,galvanized_steel,1.5,MB-2204,1.84,180,22.1,4341.0,2026-04-10 08:00,accepted,1.0947907771135783,0.8571428571428571,1.0833333333333333,1.0286026104669488,0.8923719958202716,0.75,0.0,1.0,0.8613465044075753,0.6460098783056815,0.102048226459121,0.102048226459121,0,pass,-,-,2026-03-28 11:33:14,Zone-D,QR_U-1129,phone_or_ipad
U-1130,laser_cutting,L-02,2026-03-28 10:59:00,2026-03-28 11:07:06,completed,8.1,22.09,,318.57,14.43,20.2,2,23,10:36,Q-3002,galvanized_steel,2.0,MB-2205,1.66,180,31.2,4738.0,2026-04-07 09:00,accepted,1.192638036809816,0.2857142857142857,1.0,1.0128445617270214,1.1181843343481872,0.75,0.2,0.55,0.3859195822034809,0.17511101042482946,0.029111061072191417,0.029111061072191417,0,pass,-,-,2026-03-28 11:07:06,Zone-B,QR_U-1130,phone_or_ipad
U-1130,bending,B-02,2026-03-28 11:54:06,2026-03-28 12:03:30,completed,9.4,11.48,78.24,27.34,,6.85,11,36,11:18,Q-3002,galvanized_steel,2.0,MB-2205,1.66,180,31.2,4738.0,2026-04-07 09:00,accepted,1.1961823966065748,1.5714285714285714,1.5,0.9862914862914863,0.9580419580419579,0.75,0.2,0.7,1.7761591032307587,1.0257318821157633,0.2496957512249836,0.2496957512249836,0,pass,-,-,2026-03-28 12:03:30,Zone-A,QR_U-1130,phone_or_ipad
U-1130,welding,W-01,2026-03-28 12:49:30,2026-03-28 12:57:15,completed,7.75,0.64,,1514.04,3.15,9.36,3,37,12:12,Q-3002,galvanized_steel,2.0,MB-2205,1.66,180,31.2,4738.0,2026-04-07 09:00,accepted,0.7941929974380871,0.42857142857142855,1.5416666666666667,1.0263181976864388,0.9780564263322883,0.75,0.2,1.0,0.3416608433936918,0.2818701957997957,0.03897741877299148,0.03897741877299148,0,pass,-,-,2026-03-28 12:57:15,Zone-C,QR_U-1130,phone_or_ipad
U-1131,laser_cutting,L-03,2026-03-28 10:06:00,2026-03-28 10:12:41,completed,6.683333333333334,23.3,,315.31,14.54,17.39,3,37,09:29,Q-3017,aluminum_5754,2.5,MB-2201,2.34,250,28.1,6304.0,2026-04-08 14:00,accepted,0.9840490797546013,0.42857142857142855,1.608695652173913,1.0024798906304646,0.9626349294215335,0.55,0.4,0.55,0.40698392883175016,0.1477351661659253,0.02699980389867674,0.02699980389867674,0,pass,-,-,2026-03-28 10:12:41,Zone-A,QR_U-1131,phone_or_ipad
U-1131,bending,B-01,2026-03-28 10:56:41,2026-03-28 11:02:07,completed,5.433333333333334,9.54,73.18,28.09,,6.68,2,37,10:19,Q-3017,aluminum_5754,2.5,MB-2201,2.34,250,28.1,6304.0,2026-04-08 14:00,accepted,0.6914103923647933,0.2857142857142857,1.5416666666666667,1.0133477633477634,0.9342657342657342,0.55,0.4,0.7,0.1870237637049828,0.08640497883170205,0.02279644538346921,0.02279644538346921,0,pass,-,-,2026-03-28 11:02:07,Zone-B,QR_U-1131,phone_or_ipad
U-1131,welding,W-01,2026-03-28 11:49:07,2026-03-28 11:59:32,completed,10.416666666666666,0.63,,1412.89,2.75,9.67,5,39,11:10,Q-3017,aluminum_5754,2.5,MB-2201,2.34,250,28.1,6304.0,2026-04-08 14:00,accepted,1.067463706233988,0.7142857142857143,1.625,0.9577519209064441,1.0104493207941483,0.55,0.4,1.0,0.7378917423822795,0.4870085499723045,0.06757377514275156,0.06757377514275156,0,pass,-,-,2026-03-28 11:59:32,Zone-D,QR_U-1131,phone_or_ipad
U-1132,laser_cutting,L-01,2026-03-28 09:05:00,2026-03-28 09:12:58,completed,7.966666666666667,19.06,,301.19,14.01,18.8,6,38,08:27,Q-3017,aluminum_5754,2.5,MB-2214,1.41,250,28.1,6304.0,2026-04-08 14:00,accepted,1.1730061349693253,0.8571428571428571,1.6521739130434783,0.9575875115251328,1.0406864101854416,0.55,0.4,0.55,1.00196338388358,0.36371270834973957,0.04864031506135721,0.04864031506135721,0,pass,-,-,2026-03-28 09:12:58,Zone-A,QR_U-1132,phone_or_ipad
U-1132,bending,B-01,2026-03-28 09:40:58,2026-03-28 09:49:36,completed,8.633333333333333,10.78,75.27,28.81,,8.04,9,21,09:19,Q-3017,aluminum_5754,2.5,MB-2214,1.41,250,28.1,6304.0,2026-04-08 14:00,accepted,1.0986214209968186,1.2857142857142858,0.875,1.0393217893217894,1.1244755244755242,0.55,0.4,0.7,1.6507928204062396,0.7626662830276828,0.13650959041181687,0.13650959041181687,0,pass,-,-,2026-03-28 09:49:36,Zone-B,QR_U-1132,phone_or_ipad
U-1132,welding,W-02,2026-03-28 10:11:36,2026-03-28 10:21:55,completed,10.316666666666666,0.52,,1511.83,2.92,8.78,3,15,09:56,Q-3017,aluminum_5754,2.5,MB-2214,1.41,250,28.1,6304.0,2026-04-08 14:00,accepted,1.0572160546541418,0.42857142857142855,0.625,1.024820110966876,0.9174503657262277,0.55,0.4,1.0,0.4260074379597549,0.2811649090534382,0.03890273481124351,0.03890273481124351,0,pass,-,-,2026-03-28 10:21:55,Zone-D,QR_U-1132,phone_or_ipad
U-1133,laser_cutting,L-03,2026-03-28 10:26:00,2026-03-28 10:33:40,completed,7.666666666666667,19.98,,321.11,12.96,16.3,4,38,09:48,Q-3018,aluminum_5754,3.0,MB-2202,2.53,60,6.7,1145.0,2026-04-08 08:00,accepted,1.128834355828221,0.5714285714285714,1.6521739130434783,1.0209201030108417,0.9022972598948243,0.55,0.6,0.55,0.5942012540555769,0.23366964315735567,0.03417790064965045,0.03417790064965045,0,pass,-,-,2026-03-28 10:33:40,Zone-A,QR_U-1133,phone_or_ipad
U-1133,bending,B-01,2026-03-28 10:57:40,2026-03-28 11:04:46,completed,7.1,9.03,71.45,26.75,,6.33,7,18,10:39,Q-3018,aluminum_5754,3.0,MB-2202,2.53,60,6.7,1145.0,2026-04-08 08:00,accepted,0.9034994697773064,1.0,0.75,0.9650072150072151,0.8853146853146853,0.55,0.6,0.7,0.7718912727107078,0.38633158199170925,0.051688942599361985,0.051688942599361985,0,pass,-,-,2026-03-28 11:04:46,Zone-B,QR_U-1133,phone_or_ipad
U-1133,welding,W-01,2026-03-28 11:22:46,2026-03-28 11:34:58,completed,12.2,0.65,,1455.69,2.94,8.98,11,10,11:12,Q-3018,aluminum_5754,3.0,MB-2202,2.53,60,6.7,1145.0,2026-04-08 08:00,accepted,1.2502134927412467,1.5714285714285714,0.4166666666666667,0.9867646410862145,0.9383490073145245,0.55,0.6,1.0,1.8191009666083269,1.300657191124954,0.4201090186193793,0.4201090186193793,0,pass,-,-,2026-03-28 11:34:58,Zone-C,QR_U-1133,phone_or_ipad
U-1134,laser_cutting,L-01,2026-03-28 09:18:00,2026-03-28 09:24:33,completed,6.55,20.7,,290.4,13.2,17.72,4,18,09:00,Q-3012,aluminum_5754,3.0,MB-2223,1.11,120,21.8,2491.0,2026-04-02 16:00,open,0.9644171779141105,0.5714285714285714,0.782608695652174,0.9232823578037072,0.9809022972598949,0.55,0.6,0.55,0.4990995489081875,0.19627089760814476,0.03085183378677061,0.03085183378677061,0,pass,-,-,2026-03-28 09:24:33,Zone-A,QR_U-1134,phone_or_ipad
U-1134,bending,B-01,2026-03-28 10:05:33,2026-03-28 10:14:54,completed,9.35,9.42,85.73,29.09,,7.44,6,38,09:27,Q-3012,aluminum_5754,3.0,MB-2223,1.11,120,21.8,2491.0,2026-04-02 16:00,open,1.1898197242841992,0.8571428571428571,1.5833333333333333,1.0494227994227994,1.0405594405594405,0.55,0.6,0.7,1.113657801068799,0.5573857294349339,0.08125355223652303,0.08125355223652303,0,pass,-,-,2026-03-28 10:14:54,Zone-B,QR_U-1134,phone_or_ipad
U-1134,welding,W-02,2026-03-28 10:29:54,2026-03-28 10:38:42,completed,8.8,0.56,,1411.48,3.17,10.15,5,13,10:16,Q-3012,aluminum_5754,3.0,MB-2223,1.11,120,21.8,2491.0,2026-04-02 16:00,open,0.9017933390264732,0.7142857142857143,0.5416666666666666,0.9567961280220171,1.0606060606060606,0.55,0.6,1.0,0.6536608901943756,0.46736753648897855,0.06415517456151025,0.06415517456151025,0,pass,-,-,2026-03-28 10:38:42,Zone-C,QR_U-1134,phone_or_ipad
U-1135,laser_cutting,L-01,2026-03-28 09:44:00,2026-03-28 09:52:58,completed,8.966666666666667,20.76,,312.19,13.39,16.47,6,30,09:14,Q-3019,galvanized_steel,3.0,MB-2217,3.47,120,29.6,2459.0,2026-04-05 14:00,accepted,1.3202453987730063,0.8571428571428571,1.3043478260869565,0.9925603281086066,0.9117077221145863,0.75,0.6,0.55,1.0240482482756483,0.5491458731378165,0.07952996529549157,0.07952996529549157,0,pass,-,-,2026-03-28 09:52:58,Zone-A,QR_U-1135,phone_or_ipad
U-1135,bending,B-01,2026-03-28 10:07:58,2026-03-28 10:17:12,completed,9.233333333333333,9.83,73.38,25.8,,7.31,8,11,09:56,Q-3019,galvanized_steel,3.0,MB-2217,3.47,120,29.6,2459.0,2026-04-05 14:00,accepted,1.1749734888653234,1.1428571428571428,0.4583333333333333,0.9307359307359307,1.0223776223776222,0.75,0.6,0.7,1.2777851300389205,0.8720883512515631,0.1772669836139451,0.1772669836139451,0,pass,-,-,2026-03-28 10:17:12,Zone-B,QR_U-1135,phone_or_ipad
U-1135,welding,W-02,2026-03-28 10:43:12,2026-03-28 10:52:55,completed,9.716666666666667,0.5,,1434.12,3.17,9.63,3,23,10:20,Q-3019,galvanized_steel,3.0,MB-2217,3.47,120,29.6,2459.0,2026-04-05 14:00,accepted,0.9957301451750641,0.42857142857142855,0.9583333333333334,0.9721430435563628,1.006269592476489,0.75,0.6,1.0,0.4174547357533934,0.4070183673595586,0.05463456674103531,0.05463456674103531,0,pass,-,-,2026-03-28 10:52:55,Zone-C,QR_U-1135,phone_or_ipad
U-1136,laser_cutting,L-03,2026-03-28 11:18:00,2026-03-28 11:24:58,completed,6.966666666666667,21.57,,310.39,14.2,17.45,9,33,10:45,Q-3006,aluminum_5754,2.0,MB-2217,3.07,120,30.5,2836.0,2026-04-10 17:00,accepted,1.0257668711656442,1.2857142857142858,1.434782608695652,0.9868375035767654,0.9659562690285083,0.55,0.2,0.55,1.2571764860906862,0.41832547574667595,0.05631077674263042,0.05631077674263042,0,pass,-,-,2026-03-28 11:24:58,Zone-A,QR_U-1136,phone_or_ipad
U-1136,bending,B-02,2026-03-28 11:51:58,2026-03-28 12:00:42,completed,8.733333333333333,10.01,74.32,28.14,,6.45,9,18,11:33,Q-3006,aluminum_5754,2.0,MB-2217,3.07,120,30.5,2836.0,2026-04-10 17:00,accepted,1.1113467656415694,1.2857142857142858,0.75,1.0151515151515151,0.9020979020979021,0.55,0.2,0.7,1.3085146801525862,0.5541559670446203,0.08057393984988045,0.08057393984988045,0,pass,-,-,2026-03-28 12:00:42,Zone-A,QR_U-1136,phone_or_ipad
U-1136,welding,W-02,2026-03-28 12:28:42,2026-03-28 12:37:09,completed,8.45,0.57,,1515.68,3.2,10.87,8,23,12:05,Q-3006,aluminum_5754,2.0,MB-2217,3.07,120,30.5,2836.0,2026-04-10 17:00,accepted,0.8659265584970111,1.1428571428571428,0.9583333333333334,1.0274299000484675,1.1358411703239288,0.55,0.2,1.0,1.1548958307851207,0.6987119776249981,0.11654646950611552,0.11654646950611552,0,pass,-,-,2026-03-28 12:37:09,Zone-C,QR_U-1136,phone_or_ipad
U-1137,laser_cutting,L-03,2026-03-28 09:37:00,2026-03-28 09:45:19,completed,8.316666666666666,20.68,,313.0,14.54,18.91,10,10,09:27,Q-3006,stainless_steel_304,1.5,MB-2221,1.33,120,30.5,2836.0,2026-04-10 17:00,accepted,1.2245398773006135,1.4285714285714286,0.43478260869565216,0.9951355991479351,1.0467755327982287,1.0,0.0,0.55,1.8222615772314728,1.0022438674773102,0.23745277540185286,0.23745277540185286,0,pass,-,-,2026-03-28 09:45:19,Zone-A,QR_U-1137,phone_or_ipad
U-1137,bending,B-02,2026-03-28 10:32:19,2026-03-28 10:40:12,completed,7.883333333333334,10.18,79.5,28.18,,6.99,6,37,09:55,Q-3006,stainless_steel_304,1.5,MB-2221,1.33,120,30.5,2836.0,2026-04-10 17:00,accepted,1.0031813361611877,0.8571428571428571,1.5416666666666667,1.0165945165945167,0.9776223776223776,1.0,0.0,0.7,0.8545776901480582,0.5982043831036407,0.09030323850205196,0.09030323850205196,0,pass,-,-,2026-03-28 10:40:12,Zone-A,QR_U-1137,phone_or_ipad
U-1137,welding,W-02,2026-03-28 11:09:12,2026-03-28 11:18:10,completed,8.966666666666667,0.54,,1433.49,3.18,8.68,3,25,10:44,Q-3006,stainless_steel_304,1.5,MB-2221,1.33,120,30.5,2836.0,2026-04-10 17:00,accepted,0.918872758326217,0.42857142857142855,1.0416666666666667,0.9717159871611933,0.9070010449320793,1.0,0.0,1.0,0.3470769132590237,0.3470769132590237,0.04650780930598429,0.04650780930598429,0,pass,-,-,2026-03-28 11:18:10,Zone-D,QR_U-1137,phone_or_ipad
U-1138,laser_cutting,L-03,2026-03-28 10:44:00,2026-03-28 10:51:51,completed,7.85,24.08,,335.59,15.31,18.18,6,27,10:17,Q-3007,stainless_steel_304,2.5,MB-2205,2.34,120,12.3,2980.0,2026-04-09 10:00,open,1.1558282208588957,0.8571428571428571,1.173913043478261,1.0669570470225416,1.0063659009133685,1.0,0.4,0.55,1.0637739563723088,0.7020908112057238,0.11753446701916931,0.11753446701916931,0,pass,-,-,2026-03-28 10:51:51,Zone-B,QR_U-1138,phone_or_ipad
U-1138,bending,B-01,2026-03-28 11:35:51,2026-03-28 11:43:16,completed,7.416666666666667,10.65,75.9,26.89,,6.83,9,35,11:00,Q-3007,stainless_steel_304,2.5,MB-2205,2.34,120,12.3,2980.0,2026-04-09 10:00,open,0.943796394485684,1.2857142857142858,1.4583333333333333,0.9700577200577201,0.9552447552447552,1.0,0.4,0.7,1.124436724807192,0.9445268488380412,0.2091580782581456,0.2091580782581456,0,pass,-,-,2026-03-28 11:43:16,Zone-B,QR_U-1138,phone_or_ipad
U-1138,welding,W-01,2026-03-28 12:17:16,2026-03-28 12:27:09,completed,9.883333333333333,0.65,,1523.93,2.75,10.32,11,29,11:48,Q-3007,stainless_steel_304,2.5,MB-2205,2.34,120,12.3,2980.0,2026-04-09 10:00,open,1.0128095644748079,1.5714285714285714,1.2083333333333333,1.0330223052233063,1.078369905956113,1.0,0.4,1.0,1.7729639194079643,2.127556703289557,0.8826131458963911,0.8826131458963911,1,fail,weak_joint,low,2026-03-28 12:27:09,Zone-D,QR_U-1138,phone_or_ipad
U-1139,laser_cutting,L-02,2026-03-28 08:49:00,2026-03-28 08:55:52,completed,6.866666666666666,21.34,,314.87,13.0,19.01,6,39,08:10,Q-3005,galvanized_steel,3.0,MB-2210,3.36,40,7.2,963.0,2026-04-06 16:00,accepted,1.011042944785276,0.8571428571428571,1.6956521739130435,1.0010809779671257,1.0523110988098536,0.75,0.6,0.55,0.9129272562088517,0.4895572411419968,0.0680295799775962,0.0680295799775962,0,pass,-,-,2026-03-28 08:55:52,Zone-B,QR_U-1139,phone_or_ipad
U-1139,bending,B-01,2026-03-28 09:33:52,2026-03-28 09:40:09,completed,6.283333333333333,10.97,76.37,28.16,,6.79,2,30,09:03,Q-3005,galvanized_steel,3.0,MB-2210,3.36,40,7.2,963.0,2026-04-06 16:00,accepted,0.799575821845175,0.2857142857142857,1.25,1.0158730158730158,0.9496503496503496,0.75,0.6,0.7,0.22039146196092105,0.15041717278832858,0.027199885652057606,0.027199885652057606,0,pass,-,-,2026-03-28 09:40:09,Zone-B,QR_U-1139,phone_or_ipad
U-1139,welding,W-02,2026-03-28 10:16:09,2026-03-28 10:25:21,completed,9.2,0.6,,1528.61,3.01,8.66,3,26,09:50,Q-3005,galvanized_steel,3.0,MB-2210,3.36,40,7.2,963.0,2026-04-06 16:00,accepted,0.9427839453458582,0.42857142857142855,1.0833333333333333,1.0361947241588512,0.9049111807732497,0.75,0.6,1.0,0.37886346245576036,0.36939187589436634,0.04938933317522602,0.04938933317522602,0,pass,-,-,2026-03-28 10:25:21,Zone-D,QR_U-1139,phone_or_ipad
U-1140,laser_cutting,L-01,2026-03-28 11:25:00,2026-03-28 11:30:48,completed,5.8,21.56,,299.49,12.21,17.38,2,39,10:46,Q-3015,stainless_steel_304,2.0,MB-2219,1.32,40,22.2,852.0,2026-04-08 14:00,accepted,0.8539877300613498,0.2857142857142857,1.6956521739130435,0.9521826216895051,0.962081372820371,1.0,0.2,0.55,0.22351961649083762,0.13522936797695678,0.026085593656774934,0.026085593656774934,0,pass,-,-,2026-03-28 11:30:48,Zone-B,QR_U-1140,phone_or_ipad
U-1140,bending,B-01,2026-03-28 12:09:48,2026-03-28 12:19:30,completed,9.7,10.72,76.55,26.8,,7.09,8,32,11:37,Q-3015,stainless_steel_304,2.0,MB-2219,1.32,40,22.2,852.0,2026-04-08 14:00,accepted,1.234358430540827,1.1428571428571428,1.3333333333333333,0.9668109668109669,0.9916083916083915,1.0,0.2,0.7,1.3524306233675336,1.041371579993001,0.2580779342200507,0.2580779342200507,0,pass,-,-,2026-03-28 12:19:30,Zone-B,QR_U-1140,phone_or_ipad
U-1140,welding,W-02,2026-03-28 12:49:30,2026-03-28 13:00:37,completed,11.116666666666667,0.59,,1558.07,3.21,10.3,9,20,12:29,Q-3015,stainless_steel_304,2.0,MB-2219,1.32,40,22.2,852.0,2026-04-08 14:00,accepted,1.139197267292912,1.2857142857142858,0.8333333333333334,1.0561646946377306,1.0762800417972833,1.0,0.2,1.0,1.6649467066200168,1.8314413772820186,0.7648658975720043,0.7648658975720043,0,pass,-,-,2026-03-28 13:00:37,Zone-D,QR_U-1140,phone_or_ipad
U-1141,laser_cutting,L-03,2026-03-28 10:43:00,2026-03-28 10:49:51,completed,6.85,23.06,,315.62,12.97,20.05,9,32,10:11,Q-3008,galvanized_steel,2.0,MB-2202,2.68,120,10.7,3066.0,2026-04-07 13:00,accepted,1.0085889570552147,1.2857142857142858,1.391304347826087,1.0034654881887262,1.1098809853307503,0.75,0.2,0.55,1.4442338834031743,0.6553211245941905,0.10448790628584013,0.10448790628584013,0,pass,-,-,2026-03-28 10:49:51,Zone-B,QR_U-1141,phone_or_ipad
U-1141,bending,B-02,2026-03-28 11:30:51,2026-03-28 11:39:51,completed,9.0,10.98,80.47,29.89,,7.36,4,35,10:55,Q-3008,galvanized_steel,2.0,MB-2202,2.68,120,10.7,3066.0,2026-04-07 13:00,accepted,1.1452810180275717,0.5714285714285714,1.4583333333333333,1.0782828282828283,1.0293706293706293,0.75,0.2,0.7,0.72640441598313,0.41949855023025756,0.05648742129491114,0.05648742129491114,0,pass,-,-,2026-03-28 11:39:51,Zone-B,QR_U-1141,phone_or_ipad
U-1141,welding,W-02,2026-03-28 12:06:51,2026-03-28 12:18:26,completed,11.583333333333334,0.54,,1417.94,3.24,10.56,4,17,11:49,Q-3008,galvanized_steel,2.0,MB-2202,2.68,120,10.7,3066.0,2026-04-07 13:00,accepted,1.1870196413321947,0.5714285714285714,0.7083333333333334,0.9611751507407394,1.103448275862069,0.75,0.2,1.0,0.719406523075273,0.5935103815371002,0.08921807664262126,0.08921807664262126,1,fail,surface_porosity,medium,2026-03-28 12:18:26,Zone-C,QR_U-1141,phone_or_ipad
U-1142,laser_cutting,L-01,2026-03-28 09:29:00,2026-03-28 09:36:10,completed,7.166666666666667,18.87,,319.09,12.35,16.42,10,38,08:51,Q-3000,stainless_steel_304,1.5,MB-2222,2.25,120,30.7,3038.0,2026-04-06 14:00,accepted,1.0552147239263805,1.4285714285714286,1.6521739130434783,1.0144978221473309,0.9089399391087741,1.0,0.0,0.55,1.3900457953938263,0.7645251874666046,0.1371307773948977,0.1371307773948977,0,pass,-,-,2026-03-28 09:36:10,Zone-B,QR_U-1142,phone_or_ipad
U-1142,bending,B-02,2026-03-28 09:46:10,2026-03-28 09:54:31,completed,8.35,11.12,77.07,27.67,,6.71,5,8,09:38,Q-3000,stainless_steel_304,1.5,MB-2222,2.25,120,30.7,3038.0,2026-04-06 14:00,accepted,1.0625662778366913,0.7142857142857143,0.3333333333333333,0.9981962481962483,0.9384615384615385,1.0,0.0,0.7,0.710984944964645,0.4976894614752515,0.0695030543278506,0.0695030543278506,0,pass,-,-,2026-03-28 09:54:31,Zone-B,QR_U-1142,phone_or_ipad
U-1142,welding,W-02,2026-03-28 10:17:31,2026-03-28 10:27:48,completed,10.283333333333333,0.6,,1551.93,3.26,8.57,9,15,10:02,Q-3000,stainless_steel_304,1.5,MB-2222,2.25,120,30.7,3038.0,2026-04-06 14:00,accepted,1.053800170794193,1.2857142857142858,0.625,1.0520025894530627,0.8955067920585162,1.0,0.0,1.0,1.2764047949857946,1.2764047949857946,0.4034889202430079,0.4034889202430079,0,pass,-,-,2026-03-28 10:27:48,Zone-C,QR_U-1142,phone_or_ipad
U-1143,laser_cutting,L-02,2026-03-28 08:39:00,2026-03-28 08:46:12,completed,7.2,21.41,,334.78,14.75,17.99,3,38,08:01,Q-3012,aluminum_5754,2.0,MB-2212,3.04,120,21.8,2491.0,2026-04-02 16:00,open,1.0601226993865032,0.42857142857142855,1.6521739130434783,1.064381775983213,0.9958483254912815,0.55,0.2,0.55,0.48158170056022065,0.16024631086141347,0.027945545666257184,0.027945545666257184,0,pass,-,-,2026-03-28 08:46:12,Zone-A,QR_U-1143,phone_or_ipad
U-1143,bending,B-01,2026-03-28 09:26:12,2026-03-28 09:33:37,completed,7.416666666666667,9.41,75.51,27.44,,7.38,6,37,08:49,Q-3012,aluminum_5754,2.0,MB-2212,3.04,120,21.8,2491.0,2026-04-02 16:00,open,0.943796394485684,0.8571428571428571,1.5416666666666667,0.98989898989899,1.032167832167832,0.55,0.2,0.7,0.8265568423671189,0.3500468227424749,0.046881882310262295,0.046881882310262295,0,pass,-,-,2026-03-28 09:33:37,Zone-A,QR_U-1143,phone_or_ipad
U-1143,welding,W-01,2026-03-28 10:16:37,2026-03-28 10:26:57,completed,10.333333333333334,0.61,,1460.1,3.2,8.46,5,37,09:39,Q-3012,aluminum_5754,2.0,MB-2212,3.04,120,21.8,2491.0,2026-04-02 16:00,open,1.0589239965841162,0.7142857142857143,1.5416666666666667,0.9897540358524011,0.884012539184953,0.55,0.2,1.0,0.6617934446864834,0.4003850340353225,0.05367320766153169,0.05367320766153169,0,pass,-,-,2026-03-28 10:26:57,Zone-C,QR_U-1143,phone_or_ipad
U-1144,laser_cutting,L-02,2026-03-28 09:53:00,2026-03-28 09:59:21,completed,6.35,19.11,,323.7,12.91,18.94,10,39,09:14,Q-3007,aluminum_5754,2.5,MB-2223,2.2,120,12.3,2980.0,2026-04-09 10:00,open,0.9349693251533743,1.4285714285714286,1.6956521739130435,1.0291546116427686,1.0484362026017162,0.55,0.4,0.55,1.4411923753297822,0.523152832244711,0.07430966841430131,0.07430966841430131,0,pass,-,-,2026-03-28 09:59:21,Zone-B,QR_U-1144,phone_or_ipad
U-1144,bending,B-01,2026-03-28 10:18:21,2026-03-28 10:25:54,completed,7.55,9.78,81.91,26.09,,7.65,9,17,10:01,Q-3007,aluminum_5754,2.5,MB-2223,2.2,120,12.3,2980.0,2026-04-09 10:00,open,0.960763520678685,1.2857142857142858,0.7083333333333334,0.9411976911976913,1.06993006993007,0.55,0.4,0.7,1.243933663394902,0.5746973524884447,0.08498607477789183,0.08498607477789183,0,pass,-,-,2026-03-28 10:25:54,Zone-A,QR_U-1144,phone_or_ipad
U-1144,welding,W-01,2026-03-28 11:04:54,2026-03-28 11:14:10,completed,9.266666666666667,0.64,,1552.31,2.92,8.82,6,28,10:36,Q-3007,aluminum_5754,2.5,MB-2223,2.2,120,12.3,2980.0,2026-04-09 10:00,open,0.9496157130657559,0.8571428571428571,1.1666666666666667,1.052260179024752,0.9216300940438872,0.55,0.4,1.0,0.7893704879601664,0.5209845220537098,0.07388873558298205,0.07388873558298205,0,pass,-,-,2026-03-28 11:14:10,Zone-D,QR_U-1144,phone_or_ipad
U-1145,laser_cutting,L-03,2026-03-28 11:14:00,2026-03-28 11:22:24,completed,8.4,21.09,,317.82,13.42,16.39,4,18,10:56,Q-3003,aluminum_5754,2.5,MB-2207,3.01,180,22.1,4341.0,2026-04-10 08:00,accepted,1.2368098159509204,0.5714285714285714,0.782608695652174,1.010460051505421,0.9072792693052866,0.55,0.4,0.55,0.647925407782336,0.235196923024988,0.03432083943531695,0.03432083943531695,0,pass,-,-,2026-03-28 11:22:24,Zone-B,QR_U-1145,phone_or_ipad
U-1145,bending,B-02,2026-03-28 11:43:24,2026-03-28 11:51:04,completed,7.666666666666667,11.39,79.01,29.69,,7.96,2,13,11:30,Q-3003,aluminum_5754,2.5,MB-2207,3.01,180,22.1,4341.0,2026-04-10 08:00,accepted,0.975609756097561,0.2857142857142857,0.5416666666666666,1.071067821067821,1.1132867132867132,0.55,0.4,0.7,0.332377860410803,0.153558571509791,0.027436071767923734,0.027436071767923734,0,pass,-,-,2026-03-28 11:51:04,Zone-A,QR_U-1145,phone_or_ipad
U-1145,welding,W-01,2026-03-28 12:35:04,2026-03-28 12:45:22,completed,10.3,0.59,,1505.32,3.03,8.88,5,33,12:02,Q-3003,aluminum_5754,2.5,MB-2207,3.01,180,22.1,4341.0,2026-04-10 08:00,accepted,1.0555081127241674,0.7142857142857143,1.375,1.0204071948834574,0.9278996865203762,0.55,0.4,1.0,0.7138518348736086,0.47114221101658166,0.06479942061816885,0.06479942061816885,0,pass,-,-,2026-03-28 12:45:22,Zone-D,QR_U-1145,phone_or_ipad
U-1146,laser_cutting,L-02,2026-03-28 10:09:00,2026-03-28 10:18:10,completed,9.166666666666666,20.76,,305.02,13.56,19.96,9,31,09:38,Q-3012,galvanized_steel,4.0,MB-2218,2.52,120,21.8,2491.0,2026-04-02 16:00,open,1.3496932515337423,1.2857142857142858,1.3478260869565217,0.9697644103901059,1.104898975920288,0.75,1.0,0.55,1.859380870963594,1.150491913908724,0.3214266504326842,0.3214266504326842,0,pass,-,-,2026-03-28 10:18:10,Zone-B,QR_U-1146,phone_or_ipad
U-1146,bending,B-01,2026-03-28 10:47:10,2026-03-28 10:56:20,completed,9.166666666666666,9.55,75.53,27.23,,7.9,9,19,10:28,Q-3012,galvanized_steel,4.0,MB-2218,2.52,120,21.8,2491.0,2026-04-02 16:00,open,1.1664899257688228,1.2857142857142858,0.7916666666666666,0.9823232323232324,1.1048951048951048,0.75,1.0,0.7,1.627799559931055,1.281892153445706,0.4072314949622249,0.4072314949622249,1,fail,angle_deviation,low,2026-03-28 10:56:20,Zone-A,QR_U-1146,phone_or_ipad
U-1146,welding,W-02,2026-03-28 11:37:20,2026-03-28 11:48:04,completed,10.733333333333333,0.5,,1574.74,3.29,9.2,9,37,11:00,Q-3012,galvanized_steel,4.0,MB-2218,2.52,120,21.8,2491.0,2026-04-02 16:00,open,1.0999146029035012,1.2857142857142858,1.5416666666666667,1.0674647424273749,0.9613375130616509,0.75,1.0,1.0,1.45121870168122,1.6326210393913725,0.6495305155290726,0.6495305155290726,1,fail,weak_joint,low,2026-03-28 11:48:04,Zone-C,QR_U-1146,phone_or_ipad
U-1147,laser_cutting,L-01,2026-03-28 08:45:00,2026-03-28 08:49:41,completed,4.683333333333334,21.46,,294.73,13.56,18.94,4,19,08:26,Q-3009,galvanized_steel,1.5,MB-2206,2.82,250,6.8,6606.0,2026-04-03 17:00,open,0.6895705521472394,0.5714285714285714,0.8260869565217391,0.9370489301497473,1.0484362026017162,0.75,0.0,0.55,0.3871194000713406,0.159686752529428,0.02790256843061684,0.02790256843061684,0,pass,-,-,2026-03-28 08:49:41,Zone-B,QR_U-1147,phone_or_ipad
U-1147,bending,B-02,2026-03-28 09:03:41,2026-03-28 09:10:19,completed,6.633333333333334,10.59,85.13,27.59,,6.63,8,11,08:52,Q-3009,galvanized_steel,1.5,MB-2206,2.82,250,6.8,6606.0,2026-04-03 17:00,open,0.8441145281018028,1.1428571428571428,0.4583333333333333,0.9953102453102454,0.9272727272727272,0.75,0.0,0.7,0.8903469660214506,0.4674321571612615,0.0641661533924769,0.0641661533924769,0,pass,-,-,2026-03-28 09:10:19,Zone-B,QR_U-1147,phone_or_ipad
U-1147,welding,W-02,2026-03-28 09:47:19,2026-03-28 09:54:31,completed,7.2,0.51,,1542.17,3.22,9.23,2,27,09:20,Q-3009,galvanized_steel,1.5,MB-2206,2.82,250,6.8,6606.0,2026-04-03 17:00,open,0.7378309137489326,0.2857142857142857,1.125,1.0453866046644047,0.9644723092998955,0.75,0.0,1.0,0.2125472533519685,0.15941044001397636,0.027881369755227866,0.027881369755227866,0,pass,-,-,2026-03-28 09:54:31,Zone-D,QR_U-1147,phone_or_ipad
U-1148,laser_cutting,L-03,2026-03-28 10:17:00,2026-03-28 10:22:50,completed,5.833333333333333,22.37,,320.23,13.59,16.4,10,28,09:49,Q-3016,aluminum_5754,2.0,MB-2219,2.56,180,25.0,4388.0,2026-04-04 08:00,accepted,0.8588957055214724,1.4285714285714286,1.2173913043478262,1.0181222776841639,0.907832825906449,0.55,0.2,0.55,1.1340918091635888,0.3773690494991842,0.05045991676991844,0.05045991676991844,0,pass,-,-,2026-03-28 10:22:50,Zone-B,QR_U-1148,phone_or_ipad
U-1148,bending,B-02,2026-03-28 10:56:50,2026-03-28 11:04:52,completed,8.033333333333333,11.44,80.54,28.64,,7.95,9,30,10:26,Q-3016,aluminum_5754,2.0,MB-2219,2.56,180,25.0,4388.0,2026-04-04 08:00,accepted,1.0222693531283138,1.2857142857142858,1.25,1.0331890331890332,1.1118881118881119,0.55,0.2,0.7,1.5099086917957336,0.6394463309754933,0.10035894792258421,0.10035894792258421,1,fail,surface_crack,low,2026-03-28 11:04:52,Zone-A,QR_U-1148,phone_or_ipad
U-1148,welding,W-01,2026-03-28 11:46:52,2026-03-28 11:58:05,completed,11.216666666666667,0.61,,1464.96,2.77,10.31,6,33,11:13,Q-3016,aluminum_5754,2.0,MB-2219,2.56,180,25.0,4388.0,2026-04-04 08:00,accepted,1.1494449188727585,0.8571428571428571,1.375,0.9930484709008517,1.0773249738766981,0.55,0.2,1.0,1.054043537091409,0.6376963399403025,0.0999127616384966,0.0999127616384966,0,pass,-,-,2026-03-28 11:58:05,Zone-D,QR_U-1148,phone_or_ipad
U-1149,laser_cutting,L-03,2026-03-28 09:02:00,2026-03-28 09:08:59,completed,6.983333333333333,23.27,,335.12,14.17,17.31,8,33,08:29,Q-3009,aluminum_5754,1.5,MB-2210,3.32,250,6.8,6606.0,2026-04-03 17:00,open,1.0282208588957056,1.1428571428571428,1.434782608695652,1.0654627539503387,0.9582064766122337,0.55,0.0,0.55,1.1997084872548027,0.3629118173945779,0.04853555763536139,0.04853555763536139,0,pass,-,-,2026-03-28 09:08:59,Zone-A,QR_U-1149,phone_or_ipad
U-1149,bending,B-02,2026-03-28 09:33:59,2026-03-28 09:41:40,completed,7.683333333333334,12.03,80.87,27.86,,6.39,10,14,09:19,Q-3009,aluminum_5754,1.5,MB-2210,3.32,250,6.8,6606.0,2026-04-03 17:00,open,0.9777306468716861,1.4285714285714286,0.5833333333333334,1.005050505050505,0.8937062937062936,0.55,0.0,0.7,1.254595977626923,0.48301945138636543,0.06686605309232321,0.06686605309232321,0,pass,-,-,2026-03-28 09:41:40,Zone-A,QR_U-1149,phone_or_ipad
U-1149,welding,W-02,2026-03-28 10:01:40,2026-03-28 10:10:43,completed,9.05,0.56,,1449.74,3.25,9.4,9,12,09:49,Q-3009,aluminum_5754,1.5,MB-2210,3.32,250,6.8,6606.0,2026-04-03 17:00,open,0.9274124679760889,1.2857142857142858,0.5,0.9827313306873913,0.9822361546499477,0.55,0.0,1.0,1.1509809020490904,0.6330394961269998,0.09873401094493961,0.09873401094493961,0,pass,-,-,2026-03-28 10:10:43,Zone-C,QR_U-1149,phone_or_ipad
U-1150,laser_cutting,L-01,2026-03-28 09:31:00,2026-03-28 09:35:42,completed,4.7,21.58,,315.96,12.11,15.52,7,13,09:18,Q-3014,stainless_steel_304,1.5,MB-2202,2.55,80,26.1,1499.0,2026-04-08 17:00,accepted,0.6920245398773007,1.0,0.5652173913043478,1.0045464661558516,0.8591198450041517,1.0,0.0,0.55,0.5972350351252171,0.32847926931886945,0.044229171399265764,0.044229171399265764,0,pass,-,-,2026-03-28 09:35:42,Zone-B,QR_U-1150,phone_or_ipad
U-1150,bending,B-01,2026-03-28 09:52:42,2026-03-28 10:00:04,completed,7.366666666666666,9.44,76.14,28.49,,7.74,7,10,09:42,Q-3014,stainless_steel_304,1.5,MB-2202,2.55,80,26.1,1499.0,2026-04-08 17:00,accepted,0.9374337221633086,1.0,0.4166666666666667,1.0277777777777777,1.0825174825174826,1.0,0.0,0.7,1.0429769594138627,0.7300838715897039,0.12600193825193265,0.12600193825193265,0,pass,-,-,2026-03-28 10:00:04,Zone-A,QR_U-1150,phone_or_ipad
U-1150,welding,W-01,2026-03-28 10:33:04,2026-03-28 10:41:28,completed,8.4,0.65,,1399.86,3.26,9.64,6,31,10:02,Q-3014,stainless_steel_304,1.5,MB-2202,2.55,80,26.1,1499.0,2026-04-08 17:00,accepted,0.8608027327070881,0.8571428571428571,1.2916666666666667,0.9489193100666681,1.0073145245559039,1.0,0.0,1.0,0.7052632074839692,0.7052632074839692,0.11846870076417858,0.11846870076417858,0,pass,-,-,2026-03-28 10:41:28,Zone-C,QR_U-1150,phone_or_ipad
U-1151,laser_cutting,L-02,2026-03-28 08:53:00,2026-03-28 08:59:58,completed,6.966666666666667,21.66,,333.64,14.17,19.42,7,34,08:19,Q-3016,stainless_steel_304,2.5,MB-2215,1.85,180,25.0,4388.0,2026-04-04 08:00,accepted,1.0257668711656442,1.0,1.4782608695652173,1.0607573204463803,1.0750069194575147,1.0,0.4,0.55,1.1697039754754348,0.772004623813787,0.13965422897282065,0.13965422897282065,1,fail,incomplete_cut,low,2026-03-28 08:59:58,Zone-A,QR_U-1151,phone_or_ipad
U-1151,bending,B-02,2026-03-28 09:29:58,2026-03-28 09:38:53,completed,8.916666666666666,11.25,89.19,29.01,,6.43,8,22,09:07,Q-3016,stainless_steel_304,2.5,MB-2215,1.85,180,25.0,4388.0,2026-04-04 08:00,accepted,1.1346765641569458,1.1428571428571428,0.9166666666666666,1.0465367965367967,0.8993006993006992,1.0,0.4,0.7,1.2204597631599048,1.02518620105432,0.24940659401619242,0.24940659401619242,0,pass,-,-,2026-03-28 09:38:53,Zone-A,QR_U-1151,phone_or_ipad
U-1151,welding,W-02,2026-03-28 10:20:53,2026-03-28 10:28:37,completed,7.733333333333333,0.56,,1472.86,3.04,8.8,9,31,09:49,Q-3016,stainless_steel_304,2.5,MB-2215,1.85,180,25.0,4388.0,2026-04-04 08:00,accepted,0.7924850555081128,1.2857142857142858,1.2916666666666667,0.9984036225228186,0.9195402298850576,1.0,0.4,1.0,0.9354324534555626,1.122518944146675,0.3044123991393588,0.3044123991393588,1,fail,surface_porosity,low,2026-03-28 10:28:37,Zone-D,QR_U-1151,phone_or_ipad
U-1152,laser_cutting,L-02,2026-03-28 10:59:00,2026-03-28 11:06:51,completed,7.85,21.66,,297.33,13.71,17.02,11,39,10:20,Q-3014,galvanized_steel,2.5,MB-2216,2.0,80,26.1,1499.0,2026-04-08 17:00,accepted,1.1558282208588957,1.5714285714285714,1.6956521739130435,0.9453152322512957,0.9421533351785221,0.75,0.4,0.55,1.6176560448718174,0.8007397422115496,0.1497124820822417,0.1497124820822417,0,pass,-,-,2026-03-28 11:06:51,Zone-A,QR_U-1152,phone_or_ipad
U-1152,bending,B-01,2026-03-28 11:46:51,2026-03-28 11:54:55,completed,8.066666666666666,10.04,81.28,25.99,,6.86,11,35,11:11,Q-3014,galvanized_steel,2.5,MB-2216,2.0,80,26.1,1499.0,2026-04-08 17:00,accepted,1.026511134676564,1.5714285714285714,1.4583333333333333,0.9375901875901875,0.9594405594405594,0.75,0.4,0.7,1.4510735876589533,0.9141763602251406,0.19530742824608893,0.19530742824608893,0,pass,-,-,2026-03-28 11:54:55,Zone-A,QR_U-1152,phone_or_ipad
U-1152,welding,W-01,2026-03-28 12:19:55,2026-03-28 12:28:43,completed,8.8,0.55,,1465.08,2.93,8.81,3,15,12:04,Q-3014,galvanized_steel,2.5,MB-2216,2.0,80,26.1,1499.0,2026-04-08 17:00,accepted,0.9017933390264732,0.42857142857142855,0.625,0.993129814976122,0.9205851619644724,0.75,0.4,1.0,0.35334604010475024,0.31801143609427523,0.0429938527857992,0.0429938527857992,0,pass,-,-,2026-03-28 12:28:43,Zone-C,QR_U-1152,phone_or_ipad
U-1153,laser_cutting,L-02,2026-03-28 10:53:00,2026-03-28 10:59:28,completed,6.466666666666667,20.7,,323.98,14.91,16.86,6,28,10:25,Q-3002,stainless_steel_304,2.5,MB-2203,2.03,180,31.2,4738.0,2026-04-07 09:00,accepted,0.9521472392638037,0.8571428571428571,1.2173913043478262,1.0300448287921662,0.9332964295599225,1.0,0.4,0.55,0.7845724490111315,0.5178178163473468,0.07327792622891266,0.07327792622891266,0,pass,-,-,2026-03-28 10:59:28,Zone-B,QR_U-1153,phone_or_ipad
U-1153,bending,B-02,2026-03-28 11:36:28,2026-03-28 11:45:12,completed,8.733333333333333,11.76,80.87,27.98,,7.9,7,31,11:05,Q-3002,stainless_steel_304,2.5,MB-2203,2.03,180,31.2,4738.0,2026-04-07 09:00,accepted,1.1113467656415694,1.0,1.2916666666666667,1.0093795093795095,1.1048951048951048,1.0,0.4,0.7,1.2394389033741198,1.0411286788342604,0.25794635690860707,0.25794635690860707,1,fail,springback,high,2026-03-28 11:45:12,Zone-B,QR_U-1153,phone_or_ipad
U-1153,welding,W-02,2026-03-28 12:06:12,2026-03-28 12:15:58,completed,9.766666666666667,0.59,,1442.52,3.45,9.88,10,12,11:54,Q-3002,stainless_steel_304,2.5,MB-2203,2.03,180,31.2,4738.0,2026-04-07 09:00,accepted,1.0008539709649873,1.4285714285714286,0.5,0.9778371288252897,1.0323928944618601,1.0,0.4,1.0,1.4433917110937329,1.7320700533124793,0.7106144760214226,0.7106144760214226,1,fail,surface_porosity,medium,2026-03-28 12:15:58,Zone-D,QR_U-1153,phone_or_ipad
U-1154,laser_cutting,L-03,2026-03-28 10:57:00,2026-03-28 11:03:43,completed,6.716666666666667,24.05,,320.44,14.64,17.76,2,39,10:18,Q-3012,galvanized_steel,1.5,MB-2219,1.48,120,21.8,2491.0,2026-04-02 16:00,open,0.988957055214724,0.2857142857142857,1.6956521739130435,1.018789940546212,0.9831165236645449,0.75,0.0,0.55,0.28300820862524995,0.11674088605791562,0.02478899731902324,0.02478899731902324,0,pass,-,-,2026-03-28 11:03:43,Zone-A,QR_U-1154,phone_or_ipad
U-1154,bending,B-01,2026-03-28 11:39:43,2026-03-28 11:47:17,completed,7.566666666666666,10.57,74.35,29.13,,6.35,5,29,11:10,Q-3012,galvanized_steel,1.5,MB-2219,1.48,120,21.8,2491.0,2026-04-02 16:00,open,0.9628844114528101,0.7142857142857143,1.2083333333333333,1.050865800865801,0.888111888111888,0.75,0.0,0.7,0.6418906686772436,0.3369926010555529,0.045258727087868766,0.045258727087868766,0,pass,-,-,2026-03-28 11:47:17,Zone-B,QR_U-1154,phone_or_ipad
U-1154,welding,W-02,2026-03-28 12:20:17,2026-03-28 12:27:54,completed,7.616666666666666,0.51,,1581.21,3.0,10.03,2,25,11:55,Q-3012,galvanized_steel,1.5,MB-2219,1.48,120,21.8,2491.0,2026-04-02 16:00,open,0.7805294619982921,0.2857142857142857,1.0416666666666667,1.0718505438190364,1.0480668756530824,0.75,0.0,1.0,0.25052120050591975,0.1878909003794398,0.03015069354390531,0.03015069354390531,0,pass,-,-,2026-03-28 12:27:54,Zone-C,QR_U-1154,phone_or_ipad
U-1155,laser_cutting,L-01,2026-03-28 08:49:00,2026-03-28 08:53:46,completed,4.766666666666667,20.26,,302.25,13.77,18.38,3,20,08:29,Q-3011,stainless_steel_304,2.0,MB-2221,1.44,180,16.1,3728.0,2026-04-06 15:00,accepted,0.7018404907975461,0.42857142857142855,0.8695652173913043,0.9609576193049948,1.0174370329366178,1.0,0.2,0.55,0.294085363565536,0.1779216449571493,0.02933667898780529,0.02933667898780529,0,pass,-,-,2026-03-28 08:53:46,Zone-B,QR_U-1155,phone_or_ipad
U-1155,bending,B-02,2026-03-28 09:42:46,2026-03-28 09:49:59,completed,7.216666666666667,9.94,84.65,28.79,,6.59,8,38,09:04,Q-3011,stainless_steel_304,2.0,MB-2221,1.44,180,16.1,3728.0,2026-04-06 15:00,accepted,0.9183457051961824,1.1428571428571428,1.5833333333333333,1.0386002886002885,0.9216783216783216,1.0,0.2,0.7,1.0046758384393175,0.7736003955982745,0.14019762798571522,0.14019762798571522,0,pass,-,-,2026-03-28 09:49:59,Zone-B,QR_U-1155,phone_or_ipad
U-1155,welding,W-02,2026-03-28 10:09:59,2026-03-28 10:19:18,completed,9.316666666666666,0.6,,1442.23,3.15,8.57,10,17,09:52,Q-3011,stainless_steel_304,2.0,MB-2221,1.44,180,16.1,3728.0,2026-04-06 15:00,accepted,0.954739538855679,1.4285714285714286,0.7083333333333334,0.977640547310053,0.8955067920585162,1.0,0.2,1.0,1.194084217206657,1.313492638927323,0.4289815579534102,0.4289815579534102,0,pass,-,-,2026-03-28 10:19:18,Zone-C,QR_U-1155,phone_or_ipad
U-1156,laser_cutting,L-02,2026-03-28 09:48:00,2026-03-28 09:54:47,completed,6.783333333333333,20.22,,304.49,14.55,17.84,10,19,09:29,Q-3019,stainless_steel_304,2.0,MB-2202,1.52,120,29.6,2459.0,2026-04-05 14:00,accepted,0.9987730061349694,1.4285714285714286,0.8260869565217391,0.968079356500175,0.9875449764738445,1.0,0.2,0.55,1.364069817610133,0.8252622396541306,0.15876169037070043,0.15876169037070043,0,pass,-,-,2026-03-28 09:54:47,Zone-A,QR_U-1156,phone_or_ipad
U-1156,bending,B-01,2026-03-28 10:19:47,2026-03-28 10:27:36,completed,7.816666666666666,9.26,78.21,26.33,,6.46,9,14,10:05,Q-3019,stainless_steel_304,2.0,MB-2202,1.52,120,29.6,2459.0,2026-04-05 14:00,accepted,0.9946977730646871,1.2857142857142858,0.5833333333333334,0.9498556998556998,0.9034965034965035,1.0,0.2,0.7,1.0975384010571516,0.8451045688140068,0.16640456671881584,0.16640456671881584,0,pass,-,-,2026-03-28 10:27:36,Zone-B,QR_U-1156,phone_or_ipad
U-1156,welding,W-01,2026-03-28 11:00:36,2026-03-28 11:09:39,completed,9.05,0.57,,1394.01,2.75,8.53,2,31,10:29,Q-3019,stainless_steel_304,2.0,MB-2202,1.52,120,29.6,2459.0,2026-04-05 14:00,accepted,0.9274124679760889,0.2857142857142857,1.2916666666666667,0.9449537863972369,0.8913270637408568,1.0,0.2,1.0,0.22317859992852895,0.24549645992138186,0.035299937176316534,0.035299937176316534,0,pass,-,-,2026-03-28 11:09:39,Zone-D,QR_U-1156,phone_or_ipad
U-1157,laser_cutting,L-03,2026-03-28 10:51:00,2026-03-28 10:57:03,completed,6.05,20.03,,324.49,13.84,17.7,11,14,10:37,Q-3009,galvanized_steel,1.5,MB-2222,3.0,250,6.8,6606.0,2026-04-03 17:00,open,0.89079754601227,1.5714285714285714,0.6086956521739131,1.0316662957428546,0.9797951840575699,0.75,0.0,0.55,1.4149731536605024,0.5836764258849572,0.08698272236451877,0.08698272236451877,0,pass,-,-,2026-03-28 10:57:03,Zone-B,QR_U-1157,phone_or_ipad
U-1157,bending,B-01,2026-03-28 11:28:03,2026-03-28 11:36:57,completed,8.9,9.43,73.45,26.69,,7.89,5,26,11:02,Q-3009,galvanized_steel,1.5,MB-2222,3.0,250,6.8,6606.0,2026-04-03 17:00,open,1.1325556733828208,0.7142857142857143,1.0833333333333333,0.9628427128427129,1.1034965034965034,0.75,0.0,0.7,0.859523655201996,0.4512499189810479,0.061470885150723846,0.061470885150723846,0,pass,-,-,2026-03-28 11:36:57,Zone-B,QR_U-1157,phone_or_ipad
U-1157,welding,W-02,2026-03-28 12:20:57,2026-03-28 12:30:29,completed,9.533333333333333,0.57,,1412.12,2.9,9.48,7,39,11:41,Q-3009,galvanized_steel,1.5,MB-2222,3.0,250,6.8,6606.0,2026-04-03 17:00,open,0.9769427839453458,1.0,1.625,0.9572299630901256,0.9905956112852665,0.75,0.0,1.0,0.926364307164342,0.6947732303732566,0.11540385708177474,0.11540385708177474,0,pass,-,-,2026-03-28 12:30:29,Zone-C,QR_U-1157,phone_or_ipad
U-1158,laser_cutting,L-01,2026-03-28 09:09:00,2026-03-28 09:15:30,completed,6.5,19.38,,298.16,12.51,15.82,7,36,08:33,Q-3019,galvanized_steel,1.5,MB-2217,1.94,120,29.6,2459.0,2026-04-05 14:00,accepted,0.9570552147239265,1.0,1.565217391304348,0.947954090229867,0.8757265430390259,0.75,0.0,0.55,0.7944980068091178,0.3277304278087611,0.04413968694364003,0.04413968694364003,0,pass,-,-,2026-03-28 09:15:30,Zone-B,QR_U-1158,phone_or_ipad
U-1158,bending,B-01,2026-03-28 09:47:30,2026-03-28 09:54:04,completed,6.566666666666666,10.35,83.06,27.04,,6.57,10,27,09:20,Q-3019,galvanized_steel,1.5,MB-2217,1.94,120,29.6,2459.0,2026-04-05 14:00,accepted,0.8356309650053022,1.4285714285714286,1.125,0.9754689754689755,0.9188811188811189,0.75,0.0,0.7,1.0700135412919978,0.5617571091782988,0.08218170772275296,0.08218170772275296,0,pass,-,-,2026-03-28 09:54:04,Zone-B,QR_U-1158,phone_or_ipad
U-1158,welding,W-02,2026-03-28 10:11:04,2026-03-28 10:21:27,completed,10.383333333333333,0.52,,1416.83,3.52,8.92,11,11,10:00,Q-3019,galvanized_steel,1.5,MB-2217,1.94,120,29.6,2459.0,2026-04-05 14:00,accepted,1.0640478223740393,1.5714285714285714,0.4583333333333333,0.9604227180444883,0.9320794148380355,0.75,0.0,1.0,1.496825362743619,1.1226190220577141,0.304472363186209,0.304472363186209,0,pass,-,-,2026-03-28 10:21:27,Zone-C,QR_U-1158,phone_or_ipad
U-1159,laser_cutting,L-01,2026-03-28 10:02:00,2026-03-28 10:09:04,completed,7.066666666666666,19.87,,309.16,12.77,17.12,4,38,09:24,Q-3016,aluminum_5754,1.5,MB-2220,2.49,180,25.0,4388.0,2026-04-04 08:00,accepted,1.0404907975460123,0.5714285714285714,1.6521739130434783,0.9829269068133407,0.9476889011901468,0.55,0.0,0.55,0.5538436910691699,0.1675377165484239,0.028511476995542198,0.028511476995542198,0,pass,-,-,2026-03-28 10:09:04,Zone-B,QR_U-1159,phone_or_ipad
U-1159,bending,B-01,2026-03-28 10:46:04,2026-03-28 10:54:00,completed,7.933333333333334,9.86,74.55,26.1,,6.47,8,28,10:18,Q-3016,aluminum_5754,1.5,MB-2220,2.49,180,25.0,4388.0,2026-04-04 08:00,accepted,1.0095440084835632,1.1428571428571428,1.1666666666666667,0.9415584415584416,0.9048951048951048,0.55,0.0,0.7,0.9830208353297142,0.37846302160193995,0.05060843677805461,0.05060843677805461,0,pass,-,-,2026-03-28 10:54:00,Zone-B,QR_U-1159,phone_or_ipad
U-1159,welding,W-01,2026-03-28 11:18:00,2026-03-28 11:29:22,completed,11.366666666666667,0.57,,1521.77,2.85,10.05,2,22,10:56,Q-3016,aluminum_5754,1.5,MB-2220,2.49,180,25.0,4388.0,2026-04-04 08:00,accepted,1.1648163962425278,0.2857142857142857,0.9166666666666666,1.0315581118684394,1.0501567398119123,0.55,0.0,1.0,0.36052655064733496,0.19828960285603425,0.03102308069634592,0.03102308069634592,0,pass,-,-,2026-03-28 11:29:22,Zone-D,QR_U-1159,phone_or_ipad
U-1160,laser_cutting,L-03,2026-03-28 10:58:00,2026-03-28 11:06:48,completed,8.8,22.76,,339.23,13.51,19.24,9,25,10:33,Q-3006,galvanized_steel,2.0,MB-2223,2.55,120,30.5,2836.0,2026-04-10 17:00,accepted,1.295705521472393,1.2857142857142858,1.0869565217391304,1.0785298699647095,1.0650429006365902,0.75,0.2,0.55,1.9135951346298865,0.8682937923383112,0.17570651110929741,0.17570651110929741,0,pass,-,-,2026-03-28 11:06:48,Zone-A,QR_U-1160,phone_or_ipad
U-1160,bending,B-02,2026-03-28 11:46:48,2026-03-28 11:56:09,completed,9.35,10.73,76.15,26.67,,7.11,7,37,11:09,Q-3006,galvanized_steel,2.0,MB-2223,2.55,120,30.5,2836.0,2026-04-10 17:00,accepted,1.1898197242841992,1.0,1.5416666666666667,0.9621212121212123,0.9944055944055944,0.75,0.2,0.7,1.1383465950804232,0.6573951586589444,0.10503830296404958,0.10503830296404958,0,pass,-,-,2026-03-28 11:56:09,Zone-A,QR_U-1160,phone_or_ipad
U-1160,welding,W-02,2026-03-28 12:27:09,2026-03-28 12:35:35,completed,8.433333333333334,0.57,,1526.32,3.04,10.09,2,20,12:07,Q-3006,galvanized_steel,2.0,MB-2223,2.55,120,30.5,2836.0,2026-04-10 17:00,accepted,0.8642186165670368,0.2857142857142857,0.8333333333333334,1.0346424080557748,1.0543364681295715,0.75,0.2,1.0,0.2693550218260436,0.22221789300648598,0.0331242778886014,0.0331242778886014,0,pass,-,-,2026-03-28 12:35:35,Zone-D,QR_U-1160,phone_or_ipad
U-1161,laser_cutting,L-03,2026-03-28 10:09:00,2026-03-28 10:16:24,completed,7.4,21.3,,323.91,15.2,17.69,10,23,09:46,Q-3017,galvanized_steel,3.0,MB-2224,1.09,250,28.1,6304.0,2026-04-08 14:00,accepted,1.0895705521472394,1.4285714285714286,1.0,1.029822274504817,0.9792416274564076,0.75,0.6,0.55,1.5696740017324056,0.8417376834290025,0.16508727464145637,0.16508727464145637,0,pass,-,-,2026-03-28 10:16:24,Zone-A,QR_U-1161,phone_or_ipad
U-1161,bending,B-01,2026-03-28 11:06:24,2026-03-28 11:16:42,completed,10.3,10.61,83.34,27.34,,7.66,11,39,10:27,Q-3017,galvanized_steel,3.0,MB-2224,1.09,250,28.1,6304.0,2026-04-08 14:00,accepted,1.310710498409332,1.5714285714285714,1.625,0.9862914862914863,1.0713286713286714,0.75,0.6,0.7,2.1763534854278683,1.48536125380452,0.5499082574077466,0.5499082574077466,0,pass,-,-,2026-03-28 11:16:42,Zone-B,QR_U-1161,phone_or_ipad
U-1161,welding,W-01,2026-03-28 12:01:42,2026-03-28 12:12:36,completed,10.9,0.64,,1452.5,3.18,9.43,3,38,11:23,Q-3017,galvanized_steel,3.0,MB-2224,1.09,250,28.1,6304.0,2026-04-08 14:00,accepted,1.1169940222032453,0.42857142857142855,1.5833333333333333,0.9846022444186101,0.9853709508881922,0.75,0.6,1.0,0.464445372347276,0.45283423803859413,0.061730021433437844,0.061730021433437844,0,pass,-,-,2026-03-28 12:12:36,Zone-D,QR_U-1161,phone_or_ipad
U-1162,laser_cutting,L-03,2026-03-28 10:32:00,2026-03-28 10:39:23,completed,7.383333333333334,20.11,,307.74,14.28,17.73,9,28,10:04,Q-3008,galvanized_steel,3.0,MB-2213,2.87,120,10.7,3066.0,2026-04-07 13:00,accepted,1.087116564417178,1.2857142857142858,1.2173913043478262,0.9784122341271104,0.9814558538610575,0.75,0.6,0.55,1.3421876141288553,0.7197481080765987,0.12281634937016,0.12281634937016,0,pass,-,-,2026-03-28 10:39:23,Zone-A,QR_U-1162,phone_or_ipad
U-1162,bending,B-02,2026-03-28 11:08:23,2026-03-28 11:17:22,completed,8.983333333333333,10.55,82.42,29.14,,7.88,5,20,10:48,Q-3008,galvanized_steel,3.0,MB-2213,2.87,120,10.7,3066.0,2026-04-07 13:00,accepted,1.1431601272534464,0.7142857142857143,0.8333333333333334,1.0512265512265513,1.102097902097902,0.75,0.6,0.7,0.9460095695514571,0.6456515312188694,0.10195535086767137,0.10195535086767137,0,pass,-,-,2026-03-28 11:17:22,Zone-B,QR_U-1162,phone_or_ipad
U-1162,welding,W-02,2026-03-28 11:47:22,2026-03-28 11:55:59,completed,8.616666666666667,0.57,,1582.63,3.07,8.55,2,20,11:27,Q-3008,galvanized_steel,3.0,MB-2213,2.87,120,10.7,3066.0,2026-04-07 13:00,accepted,0.883005977796755,0.2857142857142857,0.8333333333333334,1.0728131153764027,0.8934169278996865,0.75,0.6,1.0,0.24180977364244974,0.23576452930138847,0.034374108770017564,0.034374108770017564,0,pass,-,-,2026-03-28 11:55:59,Zone-C,QR_U-1162,phone_or_ipad
U-1163,laser_cutting,L-03,2026-03-28 11:06:00,2026-03-28 11:11:48,completed,5.8,19.99,,332.48,15.13,19.97,8,38,10:28,Q-3007,galvanized_steel,2.0,MB-2205,1.67,120,12.3,2980.0,2026-04-09 10:00,open,0.8539877300613498,1.1428571428571428,1.6521739130434783,1.057069277970305,1.1054525325214504,0.75,0.2,0.55,1.140478566347407,0.517492149480136,0.07321537440651187,0.07321537440651187,0,pass,-,-,2026-03-28 11:11:48,Zone-A,QR_U-1163,phone_or_ipad
U-1163,bending,B-02,2026-03-28 11:35:48,2026-03-28 11:41:03,completed,5.25,10.91,81.98,27.76,,7.86,2,16,11:19,Q-3007,galvanized_steel,2.0,MB-2205,1.67,120,12.3,2980.0,2026-04-09 10:00,open,0.6680805938494168,0.2857142857142857,0.6666666666666666,1.0014430014430016,1.0993006993006993,0.75,0.2,0.7,0.21013749578292143,0.12135440381463714,0.025106538854426947,0.025106538854426947,0,pass,-,-,2026-03-28 11:41:03,Zone-A,QR_U-1163,phone_or_ipad
U-1163,welding,W-01,2026-03-28 12:07:03,2026-03-28 12:17:18,completed,10.25,0.61,,1405.44,2.76,9.93,4,24,11:43,Q-3007,galvanized_steel,2.0,MB-2205,1.67,120,12.3,2980.0,2026-04-09 10:00,open,1.0503842869342443,0.5714285714285714,1.0,0.9527018095667411,1.0376175548589341,0.75,0.2,1.0,0.5933411493216341,0.48950644819034816,0.0680204684564171,0.0680204684564171,0,pass,-,-,2026-03-28 12:17:18,Zone-C,QR_U-1163,phone_or_ipad
U-1164,laser_cutting,L-01,2026-03-28 09:10:00,2026-03-28 09:15:16,completed,5.266666666666667,18.34,,306.41,12.69,17.88,10,36,08:34,Q-3006,stainless_steel_304,2.0,MB-2212,1.53,120,30.5,2836.0,2026-04-10 17:00,accepted,0.7754601226993866,1.4285714285714286,1.565217391304348,0.9741837026674722,0.9897592028784944,1.0,0.2,0.55,1.0681489993443063,0.6462301446033054,0.10210535178920709,0.10210535178920709,0,pass,-,-,2026-03-28 09:15:16,Zone-B,QR_U-1164,phone_or_ipad
U-1164,bending,B-01,2026-03-28 09:42:16,2026-03-28 09:48:49,completed,6.55,9.19,72.96,29.12,,7.08,5,19,09:23,Q-3006,stainless_steel_304,2.0,MB-2212,1.53,120,30.5,2836.0,2026-04-10 17:00,accepted,0.8335100742311771,0.7142857142857143,0.7916666666666666,1.0505050505050506,0.9902097902097902,1.0,0.2,0.7,0.6193101220576397,0.4768687939843826,0.06578831466761467,0.06578831466761467,0,pass,-,-,2026-03-28 09:48:49,Zone-B,QR_U-1164,phone_or_ipad
U-1164,welding,W-02,2026-03-28 10:22:49,2026-03-28 10:33:58,completed,11.15,0.56,,1557.04,3.09,9.28,4,27,09:55,Q-3006,stainless_steel_304,2.0,MB-2212,1.53,120,30.5,2836.0,2026-04-10 17:00,accepted,1.142613151152861,0.5714285714285714,1.125,1.0554664913249932,0.9696969696969696,1.0,0.2,1.0,0.6682541401705858,0.7350795541876445,0.1275668569823012,0.1275668569823012,0,pass,-,-,2026-03-28 10:33:58,Zone-D,QR_U-1164,phone_or_ipad
U-1165,laser_cutting,L-01,2026-03-28 08:15:00,2026-03-28 08:20:24,completed,5.4,20.53,,290.0,13.2,18.25,4,8,08:07,Q-3006,aluminum_5754,2.5,MB-2203,2.7,120,30.5,2836.0,2026-04-10 17:00,accepted,0.7950920245398774,0.5714285714285714,0.34782608695652173,0.9220106190188536,1.0102407971215057,0.55,0.4,0.55,0.4231946554092484,0.15361965991355717,0.027440684400081433,0.027440684400081433,0,pass,-,-,2026-03-28 08:20:24,Zone-B,QR_U-1165,phone_or_ipad
U-1165,bending,B-01,2026-03-28 08:36:24,2026-03-28 08:45:49,completed,9.416666666666666,9.85,85.72,25.97,,7.67,8,11,08:25,Q-3006,aluminum_5754,2.5,MB-2203,2.7,120,30.5,2836.0,2026-04-10 17:00,accepted,1.1983032873806998,1.1428571428571428,0.4583333333333333,0.9368686868686869,1.0727272727272728,0.55,0.4,0.7,1.3763432064791363,0.635870561393361,0.09944913276675092,0.09944913276675092,0,pass,-,-,2026-03-28 08:45:49,Zone-A,QR_U-1165,phone_or_ipad
U-1165,welding,W-01,2026-03-28 09:10:49,2026-03-28 09:21:30,completed,10.683333333333334,0.64,,1414.49,2.78,10.27,6,20,08:50,Q-3006,aluminum_5754,2.5,MB-2203,2.7,120,30.5,2836.0,2026-04-10 17:00,accepted,1.0947907771135783,0.8571428571428571,0.8333333333333334,0.9588365085767159,1.0731452455590387,0.55,0.4,1.0,0.965578102320655,0.6372815475316324,0.09980726298523432,0.09980726298523432,0,pass,-,-,2026-03-28 09:21:30,Zone-D,QR_U-1165,phone_or_ipad
U-1166,laser_cutting,L-03,2026-03-28 08:52:00,2026-03-28 08:58:59,completed,6.983333333333333,22.67,,338.63,15.33,18.33,10,27,08:25,Q-3012,galvanized_steel,1.5,MB-2202,2.34,120,21.8,2491.0,2026-04-02 16:00,open,1.0282208588957056,1.4285714285714286,1.173913043478261,1.076622261787429,1.0146692499308054,0.75,0.0,0.55,1.6046348665534431,0.6619118824532954,0.10624578855377703,0.10624578855377703,0,pass,-,-,2026-03-28 08:58:59,Zone-B,QR_U-1166,phone_or_ipad
U-1166,bending,B-01,2026-03-28 09:40:59,2026-03-28 09:47:30,completed,6.516666666666667,9.8,79.54,27.94,,6.57,4,39,09:01,Q-3012,galvanized_steel,1.5,MB-2202,2.34,120,21.8,2491.0,2026-04-02 16:00,open,0.8292682926829268,0.5714285714285714,1.625,1.0079365079365081,0.9188811188811189,0.75,0.0,0.7,0.4388837643193044,0.2304139762676348,0.03387511571052464,0.03387511571052464,0,pass,-,-,2026-03-28 09:47:30,Zone-B,QR_U-1166,phone_or_ipad
U-1166,welding,W-02,2026-03-28 10:25:30,2026-03-28 10:34:04,completed,8.566666666666666,0.51,,1572.6,2.93,10.71,9,34,09:51,Q-3012,galvanized_steel,1.5,MB-2202,2.34,120,21.8,2491.0,2026-04-02 16:00,open,0.8778821520068318,1.2857142857142858,1.4166666666666667,1.0660141064183863,1.1191222570532915,0.75,0.0,1.0,1.3465459367893597,1.0099094525920198,0.24140250067193628,0.24140250067193628,0,pass,-,-,2026-03-28 10:34:04,Zone-D,QR_U-1166,phone_or_ipad
U-1167,laser_cutting,L-01,2026-03-28 10:27:00,2026-03-28 10:34:47,completed,7.783333333333333,21.7,,323.03,13.87,16.59,6,31,09:56,Q-3016,aluminum_5754,2.0,MB-2209,1.32,180,25.0,4388.0,2026-04-04 08:00,accepted,1.1460122699386504,0.8571428571428571,1.3478260869565217,1.0270244491781388,0.918350401328536,0.55,0.2,0.55,0.9264706814533388,0.3082831192535986,0.041875401855409056,0.041875401855409056,0,pass,-,-,2026-03-28 10:34:47,Zone-B,QR_U-1167,phone_or_ipad
U-1167,bending,B-02,2026-03-28 10:57:47,2026-03-28 11:06:46,completed,8.983333333333333,11.95,84.89,27.72,,6.95,5,18,10:39,Q-3016,aluminum_5754,2.0,MB-2209,1.32,180,25.0,4388.0,2026-04-04 08:00,accepted,1.1431601272534464,0.7142857142857143,0.75,1.0,0.972027972027972,0.55,0.2,0.7,0.79370258585529,0.3361330451097153,0.04515374954879871,0.04515374954879871,0,pass,-,-,2026-03-28 11:06:46,Zone-B,QR_U-1167,phone_or_ipad
U-1167,welding,W-02,2026-03-28 11:42:46,2026-03-28 11:53:00,completed,10.233333333333333,0.58,,1490.75,2.93,8.94,10,33,11:09,Q-3016,aluminum_5754,2.0,MB-2209,1.32,180,25.0,4388.0,2026-04-04 08:00,accepted,1.0486763450042698,1.4285714285714286,1.375,1.010530668411045,0.9341692789968651,0.55,0.2,1.0,1.4142250028816699,0.8556061267434104,0.17056734214644628,0.17056734214644628,0,pass,-,-,2026-03-28 11:53:00,Zone-D,QR_U-1167,phone_or_ipad
U-1168,laser_cutting,L-01,2026-03-28 08:52:00,2026-03-28 09:00:21,completed,8.35,18.46,,321.7,13.97,17.22,4,23,08:29,Q-3019,galvanized_steel,2.5,MB-2224,2.43,120,29.6,2459.0,2026-04-05 14:00,accepted,1.2294478527607362,0.5714285714285714,1.0,1.0227959177185006,0.9532244672017715,0.75,0.4,0.55,0.6849458383248458,0.3390481899707987,0.045510719670074584,0.045510719670074584,1,fail,incomplete_cut,high,2026-03-28 09:00:21,Zone-B,QR_U-1168,phone_or_ipad
U-1168,bending,B-02,2026-03-28 09:20:21,2026-03-28 09:30:35,completed,10.233333333333333,10.9,80.61,29.26,,6.54,11,13,09:07,Q-3019,galvanized_steel,2.5,MB-2224,2.43,120,29.6,2459.0,2026-04-05 14:00,accepted,1.3022269353128313,1.5714285714285714,0.5416666666666666,1.0555555555555556,0.9146853146853147,0.75,0.4,0.7,1.975759694529578,1.244728607553634,0.3821157551024319,0.3821157551024319,0,pass,-,-,2026-03-28 09:30:35,Zone-B,QR_U-1168,phone_or_ipad
U-1168,welding,W-01,2026-03-28 09:49:35,2026-03-28 09:59:03,completed,9.466666666666667,0.57,,1476.51,2.77,10.05,11,17,09:32,Q-3019,galvanized_steel,2.5,MB-2224,2.43,120,29.6,2459.0,2026-04-05 14:00,accepted,0.9701110162254484,1.5714285714285714,0.7083333333333334,1.000877838145626,1.0501567398119123,0.75,0.4,1.0,1.6023274708774844,1.442094723789736,0.5194591740244416,0.5194591740244416,1,fail,surface_porosity,medium,2026-03-28 09:59:03,Zone-D,QR_U-1168,phone_or_ipad
U-1169,laser_cutting,L-01,2026-03-28 08:21:00,2026-03-28 08:27:03,completed,6.05,20.79,,293.38,11.81,16.85,5,18,08:03,Q-3008,aluminum_5754,2.5,MB-2222,1.59,120,10.7,3066.0,2026-04-07 13:00,accepted,0.89079754601227,0.7142857142857143,0.782608695652174,0.9327568117508664,0.9327428729587602,0.55,0.4,0.55,0.5535812154535698,0.20094998120964583,0.03125016654919006,0.03125016654919006,0,pass,-,-,2026-03-28 08:27:03,Zone-B,QR_U-1169,phone_or_ipad
U-1169,bending,B-02,2026-03-28 08:57:03,2026-03-28 09:04:56,completed,7.883333333333334,10.55,82.49,29.07,,7.34,9,26,08:31,Q-3008,aluminum_5754,2.5,MB-2222,1.59,120,10.7,3066.0,2026-04-07 13:00,accepted,1.0031813361611877,1.2857142857142858,1.0833333333333333,1.0487012987012987,1.0265734265734265,0.55,0.4,0.7,1.3885634740959691,0.6415163250323377,0.10088900844974431,0.10088900844974431,0,pass,-,-,2026-03-28 09:04:56,Zone-A,QR_U-1169,phone_or_ipad
U-1169,welding,W-01,2026-03-28 09:20:56,2026-03-28 09:30:15,completed,9.316666666666666,0.55,,1554.61,3.15,9.42,5,12,09:08,Q-3008,aluminum_5754,2.5,MB-2222,1.59,120,10.7,3066.0,2026-04-07 13:00,accepted,0.954739538855679,0.7142857142857143,0.5,1.053819273800768,0.9843260188087773,0.55,0.4,1.0,0.7073949826171345,0.4668806885273088,0.06407251699175032,0.06407251699175032,0,pass,-,-,2026-03-28 09:30:15,Zone-D,QR_U-1169,phone_or_ipad
U-1170,laser_cutting,L-02,2026-03-28 08:47:00,2026-03-28 08:54:15,completed,7.25,22.22,,331.41,13.61,17.58,7,18,08:29,Q-3015,stainless_steel_304,2.0,MB-2211,1.4,40,22.2,852.0,2026-04-08 14:00,accepted,1.0674846625766872,1.0,0.782608695652174,1.0536673767208218,0.9731525048436203,1.0,0.2,0.55,1.0945764059230068,0.6622187255834191,0.10632826105776946,0.10632826105776946,0,pass,-,-,2026-03-28 08:54:15,Zone-A,QR_U-1170,phone_or_ipad
U-1170,bending,B-02,2026-03-28 09:38:15,2026-03-28 09:44:42,completed,6.45,10.29,85.64,26.75,,7.01,8,33,09:05,Q-3015,stainless_steel_304,2.0,MB-2211,1.4,40,22.2,852.0,2026-04-08 14:00,accepted,0.8207847295864263,1.1428571428571428,1.375,0.9650072150072151,0.9804195804195803,1.0,0.2,0.7,0.8874905788596551,0.6833677457219344,0.11214999466933206,0.11214999466933206,0,pass,-,-,2026-03-28 09:44:42,Zone-B,QR_U-1170,phone_or_ipad
U-1170,welding,W-02,2026-03-28 10:27:42,2026-03-28 10:36:17,completed,8.583333333333334,0.57,,1493.54,3.4,10.81,6,37,09:50,Q-3015,stainless_steel_304,2.0,MB-2211,1.4,40,22.2,852.0,2026-04-08 14:00,accepted,0.8795900939368062,0.8571428571428571,1.5416666666666667,1.0124219181610814,1.12957157784744,1.0,0.2,1.0,0.8622016207765384,0.9484217828541923,0.2109868891174529,0.2109868891174529,0,pass,-,-,2026-03-28 10:36:17,Zone-C,QR_U-1170,phone_or_ipad
U-1171,laser_cutting,L-03,2026-03-28 11:18:00,2026-03-28 11:24:43,completed,6.716666666666667,20.04,,328.94,15.13,17.92,6,19,10:59,Q-3014,stainless_steel_304,3.0,MB-2219,1.2,80,26.1,1499.0,2026-04-08 17:00,accepted,0.988957055214724,0.8571428571428571,0.8260869565217391,1.0458143897243508,0.9919734292831445,1.0,0.6,0.55,0.8793976404286377,0.628769312906476,0.0976640326309995,0.0976640326309995,0,pass,-,-,2026-03-28 11:24:43,Zone-A,QR_U-1171,phone_or_ipad
U-1171,bending,B-02,2026-03-28 11:49:43,2026-03-28 11:58:45,completed,9.033333333333333,10.01,87.26,29.61,,7.33,2,19,11:30,Q-3014,stainless_steel_304,3.0,MB-2219,1.2,80,26.1,1499.0,2026-04-08 17:00,accepted,1.149522799575822,0.2857142857142857,0.7916666666666666,1.0681818181818181,1.0251748251748252,1.0,0.6,0.7,0.35966043018968885,0.3272909914726168,0.04408725596370414,0.04408725596370414,0,pass,-,-,2026-03-28 11:58:45,Zone-A,QR_U-1171,phone_or_ipad
U-1171,welding,W-02,2026-03-28 12:22:45,2026-03-28 12:32:25,completed,9.666666666666666,0.58,,1516.02,3.15,10.83,7,17,12:05,Q-3014,stainless_steel_304,3.0,MB-2219,1.2,80,26.1,1499.0,2026-04-08 17:00,accepted,0.9906063193851409,1.0,0.7083333333333334,1.0276603749284001,1.1316614420062696,1.0,0.6,1.0,1.1520391129544365,1.4976508468407674,0.5584993128515358,0.5584993128515358,1,fail,surface_porosity,low,2026-03-28 12:32:25,Zone-D,QR_U-1171,phone_or_ipad
U-1172,laser_cutting,L-03,2026-03-28 10:59:00,2026-03-28 11:05:26,completed,6.433333333333334,22.32,,311.69,12.77,18.92,8,24,10:35,Q-3005,aluminum_5754,1.5,MB-2211,1.99,40,7.2,963.0,2026-04-06 16:00,accepted,0.9472392638036811,1.1428571428571428,1.0434782608695652,0.9909706546275395,1.0473290893993914,0.55,0.0,0.55,1.1235582648943054,0.33987637513052743,0.04561262321047979,0.04561262321047979,0,pass,-,-,2026-03-28 11:05:26,Zone-B,QR_U-1172,phone_or_ipad
U-1172,bending,B-01,2026-03-28 11:49:26,2026-03-28 11:58:36,completed,9.166666666666666,9.16,77.09,26.22,,6.62,8,33,11:16,Q-3005,aluminum_5754,1.5,MB-2211,1.99,40,7.2,963.0,2026-04-06 16:00,accepted,1.1664899257688228,1.1428571428571428,1.375,0.9458874458874459,0.9258741258741259,0.55,0.0,0.7,1.1675200525374738,0.4494952202269274,0.06118506764768361,0.06118506764768361,0,pass,-,-,2026-03-28 11:58:36,Zone-B,QR_U-1172,phone_or_ipad
U-1172,welding,W-02,2026-03-28 12:22:36,2026-03-28 12:31:28,completed,8.866666666666667,0.6,,1570.67,3.05,9.01,7,20,12:02,Q-3005,aluminum_5754,1.5,MB-2211,1.99,40,7.2,963.0,2026-04-06 16:00,accepted,0.9086251067463708,1.0,0.8333333333333334,1.064705822541121,0.9414838035527691,0.55,0.0,1.0,0.9108087940810633,0.5009448367445849,0.07010113101023635,0.07010113101023635,0,pass,-,-,2026-03-28 12:31:28,Zone-C,QR_U-1172,phone_or_ipad
U-1173,laser_cutting,L-03,2026-03-28 09:07:00,2026-03-28 09:13:07,completed,6.116666666666666,20.69,,314.74,12.92,20.33,4,23,08:44,Q-3014,aluminum_5754,2.0,MB-2219,1.43,80,26.1,1499.0,2026-04-08 17:00,accepted,0.9006134969325154,0.5714285714285714,1.0,1.0006676628620483,1.1253805701632993,0.55,0.2,0.55,0.5795483594125437,0.19284471659452396,0.03056328330532868,0.03056328330532868,0,pass,-,-,2026-03-28 09:13:07,Zone-A,QR_U-1173,phone_or_ipad
U-1173,bending,B-02,2026-03-28 09:37:07,2026-03-28 09:42:43,completed,5.6,11.89,82.41,28.24,,6.88,3,16,09:21,Q-3014,aluminum_5754,2.0,MB-2219,1.43,80,26.1,1499.0,2026-04-08 17:00,accepted,0.7126193001060445,0.42857142857142855,0.6666666666666666,1.0187590187590188,0.9622377622377621,0.55,0.2,0.7,0.29938818532282324,0.12679089648421565,0.02548581270343409,0.02548581270343409,0,pass,-,-,2026-03-28 09:42:43,Zone-B,QR_U-1173,phone_or_ipad
U-1173,welding,W-01,2026-03-28 10:03:43,2026-03-28 10:15:26,completed,11.716666666666667,0.66,,1527.64,3.15,9.63,3,19,09:44,Q-3014,aluminum_5754,2.0,MB-2219,1.43,80,26.1,1499.0,2026-04-08 17:00,accepted,1.2006831767719899,0.42857142857142855,0.7916666666666666,1.0355371928837491,1.006269592476489,0.55,0.2,1.0,0.53620602741593,0.32440464658663776,0.04374434801365663,0.04374434801365663,0,pass,-,-,2026-03-28 10:15:26,Zone-D,QR_U-1173,phone_or_ipad
U-1174,laser_cutting,L-03,2026-03-28 10:22:00,2026-03-28 10:30:06,completed,8.1,23.01,,305.95,15.2,16.61,7,22,10:00,Q-3003,galvanized_steel,2.5,MB-2212,1.7,180,22.1,4341.0,2026-04-10 08:00,accepted,1.192638036809816,1.0,0.9565217391304348,0.9727212030648905,0.9194575145308609,0.75,0.4,0.55,1.0666666217789824,0.5279999777805964,0.07525862810210572,0.07525862810210572,0,pass,-,-,2026-03-28 10:30:06,Zone-B,QR_U-1174,phone_or_ipad
U-1174,bending,B-02,2026-03-28 11:11:06,2026-03-28 11:17:11,completed,6.083333333333333,10.8,81.83,28.11,,6.34,4,31,10:40,Q-3003,galvanized_steel,2.5,MB-2212,1.7,180,22.1,4341.0,2026-04-10 08:00,accepted,0.7741251325556734,0.5714285714285714,1.2916666666666667,1.0140692640692641,0.8867132867132866,0.75,0.4,0.7,0.3977626079511469,0.2505904430092225,0.03579407641066768,0.03579407641066768,0,pass,-,-,2026-03-28 11:17:11,Zone-B,QR_U-1174,phone_or_ipad
U-1174,welding,W-02,2026-03-28 11:28:11,2026-03-28 11:38:29,completed,10.3,0.5,,1586.83,3.23,10.84,10,9,11:19,Q-3003,galvanized_steel,2.5,MB-2212,1.7,180,22.1,4341.0,2026-04-10 08:00,accepted,1.0555081127241674,1.4285714285714286,0.375,1.075660158010866,1.1327063740856844,0.75,0.4,1.0,1.8371979956307773,1.6534781960676994,0.6628436013181089,0.6628436013181089,0,pass,-,-,2026-03-28 11:38:29,Zone-C,QR_U-1174,phone_or_ipad
U-1175,laser_cutting,L-02,2026-03-28 08:46:00,2026-03-28 08:51:34,completed,5.566666666666666,19.77,,318.18,12.91,17.69,3,22,08:24,Q-3018,aluminum_5754,3.0,MB-2220,1.5,60,6.7,1145.0,2026-04-08 08:00,accepted,0.8196319018404908,0.42857142857142855,0.9565217391304348,1.0116046164117891,0.9792416274564076,0.55,0.6,0.55,0.34797074903394576,0.1368394970575992,0.026201587420935334,0.026201587420935334,0,pass,-,-,2026-03-28 08:51:34,Zone-B,QR_U-1175,phone_or_ipad
U-1175,bending,B-01,2026-03-28 09:24:34,2026-03-28 09:32:43,completed,8.15,10.56,85.68,26.49,,7.83,10,30,08:54,Q-3018,aluminum_5754,3.0,MB-2220,1.5,60,6.7,1145.0,2026-04-08 08:00,accepted,1.0371155885471899,1.4285714285714286,1.25,0.9556277056277056,1.0951048951048952,0.55,0.6,0.7,1.5505064408536335,0.7760284736472437,0.14102784112816916,0.14102784112816916,0,pass,-,-,2026-03-28 09:32:43,Zone-B,QR_U-1175,phone_or_ipad
U-1175,welding,W-01,2026-03-28 10:00:43,2026-03-28 10:11:22,completed,10.65,0.66,,1411.6,3.18,8.85,4,18,09:42,Q-3018,aluminum_5754,3.0,MB-2220,1.5,60,6.7,1145.0,2026-04-08 08:00,accepted,1.0913748932536296,0.5714285714285714,0.75,0.9568774720972874,0.9247648902821316,0.55,0.6,1.0,0.5518532099332898,0.39457504510230224,0.05284430448902918,0.05284430448902918,1,fail,burn_through,medium,2026-03-28 10:11:22,Zone-C,QR_U-1175,phone_or_ipad
U-1176,laser_cutting,L-03,2026-03-28 09:57:00,2026-03-28 10:04:01,completed,7.016666666666667,22.1,,306.83,13.11,20.51,2,26,09:31,Q-3009,galvanized_steel,3.0,MB-2206,2.92,250,6.8,6606.0,2026-04-03 17:00,open,1.0331288343558283,0.2857142857142857,1.1304347826086956,0.9755190283915685,1.135344588984224,0.75,0.6,0.55,0.3269263140341817,0.17531423590082995,0.029127317975437567,0.029127317975437567,0,pass,-,-,2026-03-28 10:04:01,Zone-A,QR_U-1176,phone_or_ipad
U-1176,bending,B-02,2026-03-28 10:33:01,2026-03-28 10:42:18,completed,9.283333333333333,11.26,83.12,26.82,,7.41,7,20,10:13,Q-3009,galvanized_steel,3.0,MB-2206,2.92,250,6.8,6606.0,2026-04-03 17:00,open,1.181336161187699,1.0,0.8333333333333334,0.9675324675324676,1.0363636363636364,0.75,0.6,0.7,1.1845440397836042,0.80845130715231,0.15251143538497283,0.15251143538497283,0,pass,-,-,2026-03-28 10:42:18,Zone-A,QR_U-1176,phone_or_ipad
U-1176,welding,W-02,2026-03-28 11:05:18,2026-03-28 11:13:48,completed,8.5,0.58,,1510.89,3.16,8.85,9,19,10:46,Q-3009,galvanized_steel,3.0,MB-2206,2.92,250,6.8,6606.0,2026-04-03 17:00,open,0.8710503842869343,1.2857142857142858,0.7916666666666666,1.0241829157105913,0.9247648902821316,0.75,0.6,1.0,1.0607098606057235,1.0341921140905803,0.25420739214641697,0.25420739214641697,0,pass,-,-,2026-03-28 11:13:48,Zone-D,QR_U-1176,phone_or_ipad
U-1177,laser_cutting,L-03,2026-03-28 09:42:00,2026-03-28 09:48:57,completed,6.95,21.37,,328.7,14.21,16.93,8,39,09:03,Q-3007,galvanized_steel,4.0,MB-2203,1.8,120,12.3,2980.0,2026-04-09 10:00,open,1.023312883435583,1.1428571428571428,1.6956521739130435,1.0450513464534386,0.9371713257680598,0.75,1.0,0.55,1.1453995554497765,0.7087159749345492,0.11949279882139856,0.11949279882139856,0,pass,-,-,2026-03-28 09:48:57,Zone-B,QR_U-1177,phone_or_ipad
U-1177,bending,B-01,2026-03-28 10:32:57,2026-03-28 10:43:39,completed,10.7,10.14,73.48,28.26,,6.34,8,34,09:58,Q-3007,galvanized_steel,4.0,MB-2203,1.8,120,12.3,2980.0,2026-04-09 10:00,open,1.361611876988335,1.1428571428571428,1.4166666666666667,1.0194805194805197,0.8867132867132866,0.75,1.0,0.7,1.406719234133813,1.1077913968803776,0.295661123611341,0.295661123611341,0,pass,-,-,2026-03-28 10:43:39,Zone-B,QR_U-1177,phone_or_ipad
U-1177,welding,W-01,2026-03-28 11:22:39,2026-03-28 11:33:02,completed,10.383333333333333,0.62,,1484.45,3.18,9.75,7,34,10:48,Q-3007,galvanized_steel,4.0,MB-2203,1.8,120,12.3,2980.0,2026-04-09 10:00,open,1.0640478223740393,1.0,1.4166666666666667,1.00626010445935,1.018808777429467,0.75,1.0,1.0,1.0908475977738228,1.2272035474955507,0.37047834667500623,0.37047834667500623,0,pass,-,-,2026-03-28 11:33:02,Zone-D,QR_U-1177,phone_or_ipad
U-1178,laser_cutting,L-01,2026-03-28 09:54:00,2026-03-28 10:01:32,completed,7.533333333333333,18.24,,312.07,12.18,16.66,7,28,09:26,Q-3004,galvanized_steel,2.0,MB-2210,2.37,60,7.2,1664.0,2026-04-04 14:00,open,1.10920245398773,1.0,1.2173913043478262,0.9921788064731505,0.9222252975366733,0.75,0.2,0.55,1.0149339939734865,0.4605262997654696,0.06300272354703162,0.06300272354703162,0,pass,-,-,2026-03-28 10:01:32,Zone-A,QR_U-1178,phone_or_ipad
U-1178,bending,B-02,2026-03-28 10:23:32,2026-03-28 10:30:19,completed,6.783333333333333,10.18,83.21,26.82,,6.35,3,15,10:08,Q-3004,galvanized_steel,2.0,MB-2210,2.37,60,7.2,1664.0,2026-04-04 14:00,open,0.8632025450689289,0.42857142857142855,0.625,0.9675324675324676,0.888111888111888,0.75,0.2,0.7,0.31788435772680573,0.1835782165872303,0.02979590026416135,0.02979590026416135,0,pass,-,-,2026-03-28 10:30:19,Zone-A,QR_U-1178,phone_or_ipad
U-1178,welding,W-02,2026-03-28 10:52:19,2026-03-28 11:02:24,completed,10.083333333333334,0.52,,1524.37,3.06,9.72,9,20,10:32,Q-3004,galvanized_steel,2.0,MB-2210,2.37,60,7.2,1664.0,2026-04-04 14:00,open,1.0333048676345005,1.2857142857142858,0.8333333333333334,1.033320566832631,1.0156739811912225,0.75,0.2,1.0,1.3943196418253725,1.1503137045059324,0.3213166777891228,0.3213166777891228,1,fail,surface_porosity,low,2026-03-28 11:02:24,Zone-C,QR_U-1178,phone_or_ipad
U-1179,laser_cutting,L-03,2026-03-28 10:58:00,2026-03-28 11:03:21,completed,5.35,23.1,,341.98,14.2,17.01,4,32,10:26,Q-3006,stainless_steel_304,2.5,MB-2205,1.22,120,30.5,2836.0,2026-04-10 17:00,accepted,0.7877300613496933,0.5714285714285714,1.391304347826087,1.0872730741105778,0.9415997785773598,1.0,0.4,0.55,0.46083382794494954,0.3041503264436667,0.04140872769215127,0.04140872769215127,0,pass,-,-,2026-03-28 11:03:21,Zone-A,QR_U-1179,phone_or_ipad
U-1179,bending,B-02,2026-03-28 11:36:21,2026-03-28 11:45:13,completed,8.866666666666667,10.75,80.95,28.76,,7.33,9,30,11:06,Q-3006,stainless_steel_304,2.5,MB-2205,1.22,120,30.5,2836.0,2026-04-10 17:00,accepted,1.1283138918345705,1.2857142857142858,1.25,1.0375180375180377,1.0251748251748252,1.0,0.4,0.7,1.5430073445305301,1.2961261694056452,0.4169889191337163,0.4169889191337163,0,pass,-,-,2026-03-28 11:45:13,Zone-A,QR_U-1179,phone_or_ipad
U-1179,welding,W-02,2026-03-28 12:23:13,2026-03-28 12:32:35,completed,9.366666666666667,0.56,,1404.05,3.11,9.99,10,27,11:56,Q-3006,stainless_steel_304,2.5,MB-2205,1.22,120,30.5,2836.0,2026-04-10 17:00,accepted,0.9598633646456022,1.4285714285714286,1.125,0.9517595740281923,1.0438871473354232,1.0,0.4,1.0,1.3623609313528966,1.6348331176234758,0.6509540141030822,0.6509540141030822,1,fail,weak_joint,medium,2026-03-28 12:32:35,Zone-C,QR_U-1179,phone_or_ipad
U-1180,laser_cutting,L-01,2026-03-28 11:20:00,2026-03-28 11:29:42,completed,9.7,21.73,,285.79,12.1,19.07,10,33,10:47,Q-3017,stainless_steel_304,2.0,MB-2203,2.52,250,28.1,6304.0,2026-04-08 14:00,accepted,1.4282208588957055,1.4285714285714286,1.434782608695652,0.9086255683082696,1.0556324384168283,1.0,0.2,0.55,1.957018865316812,1.1839964135166714,0.34244413680155394,0.34244413680155394,0,pass,-,-,2026-03-28 11:29:42,Zone-B,QR_U-1180,phone_or_ipad
U-1180,bending,B-01,2026-03-28 12:08:42,2026-03-28 12:13:55,completed,5.216666666666667,10.86,85.75,28.18,,6.8,3,36,11:32,Q-3017,stainless_steel_304,2.0,MB-2203,2.52,250,28.1,6304.0,2026-04-08 14:00,accepted,0.6638388123011665,0.42857142857142855,1.5,1.0165945165945167,0.9510489510489509,1.0,0.2,0.7,0.27506573203506174,0.21180061366699754,0.03219312927978302,0.03219312927978302,0,pass,-,-,2026-03-28 12:13:55,Zone-B,QR_U-1180,phone_or_ipad
U-1180,welding,W-01,2026-03-28 12:59:55,2026-03-28 13:12:18,completed,12.383333333333333,0.57,,1419.09,2.78,10.03,10,37,12:22,Q-3017,stainless_steel_304,2.0,MB-2203,2.52,250,28.1,6304.0,2026-04-08 14:00,accepted,1.269000853970965,1.4285714285714286,1.5416666666666667,0.9619546981287472,1.0480668756530824,1.0,0.2,1.0,1.8277108484952713,2.0104819333447987,0.843716563660085,0.843716563660085,0,pass,-,-,2026-03-28 13:12:18,Zone-C,QR_U-1180,phone_or_ipad
U-1181,laser_cutting,L-03,2026-03-28 09:41:00,2026-03-28 09:47:48,completed,6.8,21.61,,312.72,15.33,19.11,3,29,09:12,Q-3017,stainless_steel_304,3.0,MB-2218,2.86,250,28.1,6304.0,2026-04-08 14:00,accepted,1.0012269938650307,0.42857142857142855,1.2608695652173914,0.9942453819985376,1.0578466648214782,1.0,0.6,0.55,0.4513069985999098,0.32268450399893556,0.043541200890906295,0.043541200890906295,0,pass,-,-,2026-03-28 09:47:48,Zone-A,QR_U-1181,phone_or_ipad
U-1181,bending,B-01,2026-03-28 10:21:48,2026-03-28 10:30:34,completed,8.766666666666667,10.77,72.56,26.18,,6.87,11,26,09:55,Q-3017,stainless_steel_304,3.0,MB-2218,2.86,250,28.1,6304.0,2026-04-08 14:00,accepted,1.11558854718982,1.5714285714285714,1.0833333333333333,0.9444444444444444,0.9608391608391608,1.0,0.6,0.7,1.5908374411025525,1.4476620714033228,0.523390168608298,0.523390168608298,0,pass,-,-,2026-03-28 10:30:34,Zone-B,QR_U-1181,phone_or_ipad
U-1181,welding,W-01,2026-03-28 10:51:34,2026-03-28 11:02:30,completed,10.933333333333334,0.58,,1458.08,3.09,9.78,7,10,10:41,Q-3017,stainless_steel_304,3.0,MB-2218,2.86,250,28.1,6304.0,2026-04-08 14:00,accepted,1.120409906063194,1.0,0.4166666666666667,0.9883847439186829,1.0219435736677116,1.0,0.6,1.0,1.131696285068218,1.4712051705886835,0.5399757303403363,0.5399757303403363,1,fail,surface_porosity,high,2026-03-28 11:02:30,Zone-C,QR_U-1181,phone_or_ipad
U-1182,laser_cutting,L-03,2026-03-28 09:14:00,2026-03-28 09:20:35,completed,6.583333333333333,21.43,,335.25,15.11,20.01,9,16,08:58,Q-3015,aluminum_5754,4.0,MB-2203,1.45,40,22.2,852.0,2026-04-08 14:00,accepted,0.9693251533742332,1.2857142857142858,0.6956521739130435,1.065876069055416,1.1076667589261004,0.55,1.0,0.55,1.4713967291469872,0.6676462658504456,0.10779640723619675,0.10779640723619675,1,fail,edge_burr,low,2026-03-28 09:20:35,Zone-A,QR_U-1182,phone_or_ipad
U-1182,bending,B-02,2026-03-28 09:45:35,2026-03-28 09:53:19,completed,7.733333333333333,11.69,75.15,28.78,,7.15,7,15,09:30,Q-3015,aluminum_5754,4.0,MB-2203,1.45,40,22.2,852.0,2026-04-08 14:00,accepted,0.9840933191940615,1.0,0.625,1.0382395382395384,1.0,0.55,1.0,0.7,1.021724593304657,0.5900459526334395,0.08842472699052623,0.08842472699052623,0,pass,-,-,2026-03-28 09:53:19,Zone-A,QR_U-1182,phone_or_ipad
U-1182,welding,W-01,2026-03-28 10:29:19,2026-03-28 10:40:04,completed,10.75,0.63,,1429.09,3.25,8.32,8,34,09:55,Q-3015,aluminum_5754,4.0,MB-2203,1.45,40,22.2,852.0,2026-04-08 14:00,accepted,1.1016225448334758,1.1428571428571428,1.4166666666666667,0.9687333710679459,0.8693834900731453,0.55,1.0,1.0,1.0603284429184263,0.8747709654077017,0.17837672706002083,0.17837672706002083,1,fail,burn_through,low,2026-03-28 10:40:04,Zone-C,QR_U-1182,phone_or_ipad
U-1183,laser_cutting,L-02,2026-03-28 09:38:00,2026-03-28 09:45:27,completed,7.45,21.04,,299.33,13.47,19.81,9,18,09:20,Q-3002,aluminum_5754,1.5,MB-2211,2.95,180,31.2,4738.0,2026-04-07 09:00,accepted,1.0969325153374234,1.2857142857142858,0.782608695652174,0.9516739261755636,1.096595626902851,0.55,0.0,0.55,1.4718347752627645,0.4452300195169863,0.060495494634593874,0.060495494634593874,0,pass,-,-,2026-03-28 09:45:27,Zone-A,QR_U-1183,phone_or_ipad
U-1183,bending,B-01,2026-03-28 10:25:27,2026-03-28 10:31:43,completed,6.266666666666667,9.17,80.85,26.48,,7.95,4,33,09:52,Q-3002,aluminum_5754,1.5,MB-2211,2.95,180,31.2,4738.0,2026-04-07 09:00,accepted,0.7974549310710498,0.5714285714285714,1.375,0.9552669552669554,1.1118881118881119,0.55,0.0,0.7,0.4840095612017222,0.18634368106266305,0.030022939449489812,0.030022939449489812,0,pass,-,-,2026-03-28 10:31:43,Zone-B,QR_U-1183,phone_or_ipad
U-1183,welding,W-01,2026-03-28 10:54:43,2026-03-28 11:04:49,completed,10.1,0.66,,1490.19,2.75,9.56,8,16,10:38,Q-3002,aluminum_5754,1.5,MB-2211,2.95,180,31.2,4738.0,2026-04-07 09:00,accepted,1.0350128095644748,1.1428571428571428,0.6666666666666666,1.01015106272645,0.9989550679205852,0.55,0.0,1.0,1.1936306204248912,0.6564968412336902,0.10479959855582142,0.10479959855582142,1,fail,surface_porosity,medium,2026-03-28 11:04:49,Zone-D,QR_U-1183,phone_or_ipad
U-1184,laser_cutting,L-03,2026-03-28 10:22:00,2026-03-28 10:27:59,completed,5.983333333333333,20.04,,333.85,13.93,20.02,7,20,10:02,Q-3008,aluminum_5754,3.0,MB-2205,3.06,120,10.7,3066.0,2026-04-07 13:00,accepted,0.8809815950920247,1.0,0.8695652173913043,1.0614249833084286,1.1082203155272627,0.55,0.6,0.55,1.0362922454917805,0.4075219255396427,0.0547082055853844,0.0547082055853844,0,pass,-,-,2026-03-28 10:27:59,Zone-A,QR_U-1184,phone_or_ipad
U-1184,bending,B-01,2026-03-28 11:03:59,2026-03-28 11:11:10,completed,7.183333333333334,9.8,79.21,26.73,,7.14,2,25,10:38,Q-3008,aluminum_5754,3.0,MB-2205,3.06,120,10.7,3066.0,2026-04-07 13:00,accepted,0.9141039236479321,0.2857142857142857,1.0416666666666667,0.9642857142857143,0.9986013986013985,0.55,0.6,0.7,0.2514927278447957,0.12587211028632025,0.02542132455118487,0.02542132455118487,0,pass,-,-,2026-03-28 11:11:10,Zone-A,QR_U-1184,phone_or_ipad
U-1184,welding,W-02,2026-03-28 11:44:10,2026-03-28 11:53:10,completed,9.0,0.6,,1478.38,3.18,10.23,4,27,11:17,Q-3008,aluminum_5754,3.0,MB-2205,3.06,120,10.7,3066.0,2026-04-07 13:00,accepted,0.9222886421861657,0.5714285714285714,1.125,1.0021454499852565,1.0689655172413792,0.55,0.6,1.0,0.5645771104736617,0.40367263398866815,0.05414766360190532,0.05414766360190532,0,pass,-,-,2026-03-28 11:53:10,Zone-D,QR_U-1184,phone_or_ipad
U-1185,laser_cutting,L-02,2026-03-28 09:11:00,2026-03-28 09:16:53,completed,5.883333333333334,19.2,,308.6,15.01,17.25,3,22,08:49,Q-3009,galvanized_steel,2.5,MB-2213,1.9,250,6.8,6606.0,2026-04-03 17:00,open,0.8662576687116565,0.42857142857142855,0.9565217391304348,0.9811464725145457,0.9548851370052589,0.75,0.4,0.55,0.34782058989490133,0.1721711919979762,0.028876874345691184,0.028876874345691184,0,pass,-,-,2026-03-28 09:16:53,Zone-B,QR_U-1185,phone_or_ipad
U-1185,bending,B-02,2026-03-28 09:29:53,2026-03-28 09:38:43,completed,8.833333333333334,11.61,80.25,27.11,,6.32,10,9,09:20,Q-3009,galvanized_steel,2.5,MB-2213,1.9,250,6.8,6606.0,2026-04-03 17:00,open,1.1240721102863203,1.4285714285714286,0.375,0.977994227994228,0.8839160839160839,0.75,0.4,0.7,1.388172576560011,0.8745487232328069,0.17828458370047376,0.17828458370047376,0,pass,-,-,2026-03-28 09:38:43,Zone-B,QR_U-1185,phone_or_ipad
U-1185,welding,W-01,2026-03-28 10:13:43,2026-03-28 10:23:10,completed,9.45,0.59,,1543.36,3.0,9.24,3,25,09:48,Q-3009,galvanized_steel,2.5,MB-2213,1.9,250,6.8,6606.0,2026-04-03 17:00,open,0.9684030742954739,0.42857142857142855,1.0416666666666667,1.0461932667441693,0.9655172413793104,0.75,0.4,1.0,0.4192290106850807,0.3773061096165726,0.05045138448254822,0.05045138448254822,0,pass,-,-,2026-03-28 10:23:10,Zone-D,QR_U-1185,phone_or_ipad
U-1186,laser_cutting,L-03,2026-03-28 08:22:00,2026-03-28 08:31:00,completed,9.0,20.12,,331.59,14.27,18.07,7,9,08:13,Q-3015,galvanized_steel,3.0,MB-2214,2.1,40,22.2,852.0,2026-04-08 14:00,accepted,1.325153374233129,1.0,0.391304347826087,1.0542396591740057,1.0002767783005815,0.75,0.6,0.55,1.3974159089841716,0.7493642811927621,0.13213335981793536,0.13213335981793536,0,pass,-,-,2026-03-28 08:31:00,Zone-B,QR_U-1186,phone_or_ipad
U-1186,bending,B-01,2026-03-28 09:08:00,2026-03-28 09:15:21,completed,7.35,10.35,72.34,26.62,,6.38,3,33,08:35,Q-3015,galvanized_steel,3.0,MB-2214,2.1,40,22.2,852.0,2026-04-08 14:00,accepted,0.9353128313891834,0.42857142857142855,1.375,0.9603174603174603,0.8923076923076922,0.75,0.6,0.7,0.34348641814177333,0.23442948038176026,0.03424894222281405,0.03424894222281405,0,pass,-,-,2026-03-28 09:15:21,Zone-B,QR_U-1186,phone_or_ipad
U-1186,welding,W-01,2026-03-28 09:29:21,2026-03-28 09:38:51,completed,9.5,0.63,,1436.23,3.21,8.68,8,9,09:20,Q-3015,galvanized_steel,3.0,MB-2214,2.1,40,22.2,852.0,2026-04-08 14:00,accepted,0.9735269000853971,1.1428571428571428,0.375,0.9735733435465338,0.9070010449320793,0.75,0.6,1.0,0.9824633651363043,0.9579017810078967,0.21548692685355597,0.21548692685355597,1,fail,burn_through,low,2026-03-28 09:38:51,Zone-D,QR_U-1186,phone_or_ipad
U-1187,laser_cutting,L-01,2026-03-28 09:34:00,2026-03-28 09:43:26,completed,9.433333333333334,21.38,,313.95,12.14,15.81,5,29,09:05,Q-3000,galvanized_steel,2.0,MB-2215,2.87,120,30.7,3038.0,2026-04-06 14:00,accepted,1.3889570552147241,0.7142857142857143,1.2608695652173914,0.9981559787619624,0.8751729864378635,0.75,0.2,0.55,0.8666686735442175,0.3932509106206888,0.052657090349820385,0.052657090349820385,0,pass,-,-,2026-03-28 09:43:26,Zone-A,QR_U-1187,phone_or_ipad
U-1187,bending,B-02,2026-03-28 09:53:26,2026-03-28 10:01:15,completed,7.816666666666666,10.41,85.37,27.72,,6.72,8,8,09:45,Q-3000,galvanized_steel,2.0,MB-2215,2.87,120,30.7,3038.0,2026-04-06 14:00,accepted,0.9946977730646871,1.1428571428571428,0.3333333333333333,1.0,0.9398601398601398,0.75,0.2,0.7,1.0684306149841674,0.6170186801533566,0.09477289971439762,0.09477289971439762,0,pass,-,-,2026-03-28 10:01:15,Zone-B,QR_U-1187,phone_or_ipad
U-1187,welding,W-02,2026-03-28 10:19:15,2026-03-28 10:29:03,completed,9.8,0.58,,1577.25,2.95,9.1,11,16,10:03,Q-3000,galvanized_steel,2.0,MB-2215,2.87,120,30.7,3038.0,2026-04-06 14:00,accepted,1.004269854824936,1.5714285714285714,0.6666666666666666,1.0691661893351139,0.9508881922675025,0.75,0.2,1.0,1.6044261906568922,1.3236516072919362,0.4360367748970695,0.4360367748970695,1,fail,burn_through,medium,2026-03-28 10:29:03,Zone-D,QR_U-1187,phone_or_ipad
U-1188,laser_cutting,L-01,2026-03-28 10:10:00,2026-03-28 10:17:58,completed,7.966666666666667,19.81,,313.82,13.48,18.76,9,25,09:45,Q-3003,stainless_steel_304,3.0,MB-2214,1.96,180,22.1,4341.0,2026-04-10 08:00,accepted,1.1730061349693253,1.2857142857142858,1.0869565217391304,0.9977426636568849,1.0384721837807918,1.0,0.6,0.55,1.5626372192656914,1.1172856117749697,0.3012860098425575,0.3012860098425575,0,pass,-,-,2026-03-28 10:17:58,Zone-B,QR_U-1188,phone_or_ipad
U-1188,bending,B-01,2026-03-28 10:33:58,2026-03-28 10:43:21,completed,9.383333333333333,9.92,85.63,27.35,,8.03,11,9,10:24,Q-3003,stainless_steel_304,3.0,MB-2214,1.96,180,22.1,4341.0,2026-04-10 08:00,accepted,1.1940615058324495,1.5714285714285714,0.375,0.9866522366522368,1.1230769230769229,1.0,0.6,0.7,2.0791937026598437,1.8920662694204575,0.7943068811476557,0.7943068811476557,1,fail,angle_deviation,medium,2026-03-28 10:43:21,Zone-B,QR_U-1188,phone_or_ipad
U-1188,welding,W-02,2026-03-28 11:25:21,2026-03-28 11:34:30,completed,9.15,0.55,,1591.49,3.43,8.78,7,33,10:52,Q-3003,stainless_steel_304,3.0,MB-2214,1.96,180,22.1,4341.0,2026-04-10 08:00,accepted,0.9376601195559352,1.0,1.375,1.0788190196005327,0.9174503657262277,1.0,0.6,1.0,0.928061202976295,1.2064795638691836,0.35690922547771947,0.35690922547771947,0,pass,-,-,2026-03-28 11:34:30,Zone-D,QR_U-1188,phone_or_ipad
U-1189,laser_cutting,L-03,2026-03-28 11:37:00,2026-03-28 11:45:30,completed,8.5,23.78,,306.86,15.38,20.48,7,39,10:58,Q-3012,stainless_steel_304,2.5,MB-2203,2.08,120,21.8,2491.0,2026-04-02 16:00,open,1.2515337423312884,1.0,1.6956521739130435,0.9756144088004325,1.1336839191807364,1.0,0.4,0.55,1.3842443360854393,0.91360126181639,0.19505181107146946,0.19505181107146946,0,pass,-,-,2026-03-28 11:45:30,Zone-B,QR_U-1189,phone_or_ipad
U-1189,bending,B-02,2026-03-28 12:13:30,2026-03-28 12:22:01,completed,8.516666666666667,10.84,74.81,27.42,,6.94,8,26,11:47,Q-3012,stainless_steel_304,2.5,MB-2203,2.08,120,21.8,2491.0,2026-04-02 16:00,open,1.0837751855779427,1.1428571428571428,1.0833333333333333,0.9891774891774893,0.9706293706293706,1.0,0.4,0.7,1.1892106864824499,0.9989369766452577,0.23576268639555495,0.23576268639555495,0,pass,-,-,2026-03-28 12:22:01,Zone-A,QR_U-1189,phone_or_ipad
U-1189,welding,W-01,2026-03-28 12:35:01,2026-03-28 12:45:26,completed,10.416666666666666,0.64,,1441.46,3.13,10.34,11,9,12:26,Q-3012,stainless_steel_304,2.5,MB-2203,2.08,120,21.8,2491.0,2026-04-02 16:00,open,1.067463706233988,1.5714285714285714,0.375,0.9771185894937348,1.0804597701149425,1.0,0.4,1.0,1.7709391534057906,2.1251269840869487,0.8818989742488208,0.8818989742488208,1,fail,surface_porosity,low,2026-03-28 12:45:26,Zone-C,QR_U-1189,phone_or_ipad
U-1190,laser_cutting,L-03,2026-03-28 10:43:00,2026-03-28 10:50:55,completed,7.916666666666667,23.25,,309.1,14.38,16.76,10,22,10:21,Q-3013,aluminum_5754,2.5,MB-2215,1.42,40,11.2,722.0,2026-04-04 08:00,accepted,1.1656441717791413,1.4285714285714286,0.9565217391304348,0.9827361459956127,0.927760863548298,0.55,0.4,0.55,1.5182417680570817,0.5511217618047207,0.0799402056691069,0.0799402056691069,0,pass,-,-,2026-03-28 10:50:55,Zone-B,QR_U-1190,phone_or_ipad
U-1190,bending,B-01,2026-03-28 11:23:55,2026-03-28 11:30:37,completed,6.7,9.95,81.71,26.14,,7.07,2,26,10:57,Q-3013,aluminum_5754,2.5,MB-2215,1.42,40,11.2,722.0,2026-04-04 08:00,accepted,0.8525980911983033,0.2857142857142857,1.0833333333333333,0.9430014430014431,0.9888111888111888,0.55,0.4,0.7,0.22714440352539264,0.1049407144287314,0.023994515654478493,0.023994515654478493,0,pass,-,-,2026-03-28 11:30:37,Zone-B,QR_U-1190,phone_or_ipad
U-1190,welding,W-02,2026-03-28 12:00:37,2026-03-28 12:11:12,completed,10.583333333333334,0.51,,1561.63,3.2,8.58,11,23,11:37,Q-3013,aluminum_5754,2.5,MB-2215,1.42,40,11.2,722.0,2026-04-04 08:00,accepted,1.0845431255337319,1.5714285714285714,0.9583333333333334,1.0585779022040855,0.896551724137931,0.55,0.4,1.0,1.6174827024124383,1.0675385835922093,0.2725065702666634,0.2725065702666634,0,pass,-,-,2026-03-28 12:11:12,Zone-C,QR_U-1190,phone_or_ipad
U-1191,laser_cutting,L-01,2026-03-28 09:06:00,2026-03-28 09:16:03,completed,10.05,20.18,,291.24,13.5,16.01,5,21,08:45,Q-3014,galvanized_steel,3.0,MB-2206,2.43,80,26.1,1499.0,2026-04-08 17:00,accepted,1.4797546012269942,0.7142857142857143,0.9130434782608695,0.9259530092518997,0.8862441184611128,0.75,0.6,0.55,0.8673691608725353,0.46512671251789717,0.06377554693954192,0.06377554693954192,0,pass,-,-,2026-03-28 09:16:03,Zone-A,QR_U-1191,phone_or_ipad
U-1191,bending,B-01,2026-03-28 09:47:03,2026-03-28 09:55:07,completed,8.066666666666666,10.48,80.27,26.2,,7.26,7,29,09:18,Q-3014,galvanized_steel,3.0,MB-2206,2.43,80,26.1,1499.0,2026-04-08 17:00,accepted,1.026511134676564,1.0,1.2083333333333333,0.9451659451659452,1.0153846153846153,0.75,0.6,0.7,0.9851498801657868,0.6723647932131495,0.10908721878439981,0.10908721878439981,0,pass,-,-,2026-03-28 09:55:07,Zone-B,QR_U-1191,phone_or_ipad
U-1191,welding,W-01,2026-03-28 10:30:07,2026-03-28 10:39:42,completed,9.583333333333334,0.57,,1426.68,3.28,9.75,8,33,09:57,Q-3014,galvanized_steel,3.0,MB-2206,2.43,80,26.1,1499.0,2026-04-08 17:00,accepted,0.9820666097352692,1.1428571428571428,1.375,0.9670997108895991,1.018808777429467,0.75,0.6,1.0,1.1058515312620687,1.0782052429805171,0.2785308894468711,0.2785308894468711,0,pass,-,-,2026-03-28 10:39:42,Zone-C,QR_U-1191,phone_or_ipad
U-1192,laser_cutting,L-03,2026-03-28 10:00:00,2026-03-28 10:08:30,completed,8.5,20.42,,335.76,12.9,20.62,10,12,09:48,Q-3002,stainless_steel_304,2.0,MB-2204,2.86,180,31.2,4738.0,2026-04-07 09:00,accepted,1.2515337423312884,1.4285714285714286,0.5217391304347826,1.0674975360061043,1.141433711597011,1.0,0.2,0.55,2.178522748706387,1.3180062629673643,0.4321128011510754,0.4321128011510754,1,fail,incomplete_cut,high,2026-03-28 10:08:30,Zone-B,QR_U-1192,phone_or_ipad
U-1192,bending,B-01,2026-03-28 10:49:30,2026-03-28 10:55:57,completed,6.45,10.27,77.22,27.51,,7.61,4,30,10:19,Q-3002,stainless_steel_304,2.0,MB-2204,2.86,180,31.2,4738.0,2026-04-07 09:00,accepted,0.8207847295864263,0.5714285714285714,1.25,0.9924242424242425,1.0643356643356643,1.0,0.2,0.7,0.4954127719383673,0.3814678343925428,0.0510185087683846,0.0510185087683846,0,pass,-,-,2026-03-28 10:55:57,Zone-B,QR_U-1192,phone_or_ipad
U-1192,welding,W-02,2026-03-28 11:24:57,2026-03-28 11:32:48,completed,7.85,0.5,,1465.45,3.08,10.06,3,18,11:06,Q-3002,stainless_steel_304,2.0,MB-2204,2.86,180,31.2,4738.0,2026-04-07 09:00,accepted,0.8044406490179334,0.42857142857142855,0.75,0.9933806258748724,1.051201671891327,1.0,0.2,1.0,0.360013636333644,0.39601499996700845,0.05304860727054363,0.05304860727054363,0,pass,-,-,2026-03-28 11:32:48,Zone-C,QR_U-1192,phone_or_ipad
U-1193,laser_cutting,L-01,2026-03-28 10:45:00,2026-03-28 10:50:23,completed,5.383333333333334,18.79,,294.26,12.48,18.03,2,8,10:37,Q-3004,aluminum_5754,2.0,MB-2222,2.89,60,7.2,1664.0,2026-04-04 14:00,open,0.792638036809816,0.2857142857142857,0.34782608695652173,0.9355546370775443,0.9980625518959315,0.55,0.2,0.55,0.21146270406440565,0.07036421477743099,0.021806952509886686,0.021806952509886686,0,pass,-,-,2026-03-28 10:50:23,Zone-B,QR_U-1193,phone_or_ipad
U-1193,bending,B-02,2026-03-28 11:38:23,2026-03-28 11:45:41,completed,7.3,10.7,87.31,27.34,,7.12,10,39,10:59,Q-3004,aluminum_5754,2.0,MB-2222,2.89,60,7.2,1664.0,2026-04-04 14:00,open,0.928950159066808,1.4285714285714286,1.625,0.9862914862914863,0.9958041958041958,0.55,0.2,0.7,1.3033876738274144,0.55198467986591,0.08011997301145925,0.08011997301145925,0,pass,-,-,2026-03-28 11:45:41,Zone-B,QR_U-1193,phone_or_ipad
U-1193,welding,W-02,2026-03-28 12:10:41,2026-03-28 12:20:57,completed,10.266666666666667,0.53,,1532.38,2.9,10.19,8,20,11:50,Q-3004,aluminum_5754,2.0,MB-2222,2.89,60,7.2,1664.0,2026-04-04 14:00,open,1.0520922288642187,1.1428571428571428,0.8333333333333334,1.0387502838569294,1.0647857889237198,0.55,0.2,1.0,1.3299005371578179,0.8045898249804799,0.1511045630378458,0.1511045630378458,0,pass,-,-,2026-03-28 12:20:57,Zone-D,QR_U-1193,phone_or_ipad
U-1194,laser_cutting,L-01,2026-03-28 09:36:00,2026-03-28 09:42:33,completed,6.55,18.96,,300.09,11.91,15.93,6,23,09:13,Q-3004,stainless_steel_304,3.0,MB-2224,1.32,60,7.2,1664.0,2026-04-04 14:00,open,0.9644171779141105,0.8571428571428571,1.0,0.9540902298667854,0.881815665651813,1.0,0.6,0.55,0.6954812181849365,0.4972690710022296,0.06942616540053717,0.06942616540053717,0,pass,-,-,2026-03-28 09:42:33,Zone-A,QR_U-1194,phone_or_ipad
U-1194,bending,B-01,2026-03-28 10:27:33,2026-03-28 10:35:02,completed,7.483333333333333,9.97,72.12,26.73,,7.92,3,39,09:48,Q-3004,stainless_steel_304,3.0,MB-2224,1.32,60,7.2,1664.0,2026-04-04 14:00,open,0.9522799575821845,0.42857142857142855,1.625,0.9642857142857143,1.1076923076923075,1.0,0.6,0.7,0.43592595860434064,0.39669262232995,0.053145007060362494,0.053145007060362494,0,pass,-,-,2026-03-28 10:35:02,Zone-A,QR_U-1194,phone_or_ipad
U-1194,welding,W-02,2026-03-28 11:14:02,2026-03-28 11:22:58,completed,8.933333333333334,0.58,,1506.08,3.45,9.87,9,33,10:41,Q-3004,stainless_steel_304,3.0,MB-2224,1.32,60,7.2,1664.0,2026-04-04 14:00,open,0.9154568744662682,1.2857142857142858,1.375,1.0209223740268367,1.031347962382445,1.0,0.6,1.0,1.2393109767037611,1.6111042697148894,0.6355482419408347,0.6355482419408347,0,pass,-,-,2026-03-28 11:22:58,Zone-C,QR_U-1194,phone_or_ipad
U-1195,laser_cutting,L-01,2026-03-28 10:04:00,2026-03-28 10:10:11,completed,6.183333333333334,19.49,,314.63,12.58,19.35,3,24,09:40,Q-3008,stainless_steel_304,2.0,MB-2202,2.81,120,10.7,3066.0,2026-04-07 13:00,accepted,0.9104294478527608,0.42857142857142855,1.0434782608695652,1.0003179346962134,1.0711320232493775,1.0,0.2,0.55,0.41807150712177477,0.25293326180867376,0.036023570254308426,0.036023570254308426,0,pass,-,-,2026-03-28 10:10:11,Zone-B,QR_U-1195,phone_or_ipad
U-1195,bending,B-02,2026-03-28 10:37:11,2026-03-28 10:45:52,completed,8.683333333333334,11.84,74.61,27.54,,7.11,9,22,10:15,Q-3008,stainless_steel_304,2.0,MB-2202,2.81,120,10.7,3066.0,2026-04-07 13:00,accepted,1.1049840933191941,1.2857142857142858,0.9166666666666666,0.9935064935064936,0.9944055944055944,1.0,0.2,0.7,1.40357222207906,1.0807506110008762,0.27998048742190795,0.27998048742190795,0,pass,-,-,2026-03-28 10:45:52,Zone-A,QR_U-1195,phone_or_ipad
U-1195,welding,W-02,2026-03-28 11:23:52,2026-03-28 11:32:48,completed,8.933333333333334,0.53,,1585.63,3.16,9.71,10,33,10:50,Q-3008,stainless_steel_304,2.0,MB-2202,2.81,120,10.7,3066.0,2026-04-07 13:00,accepted,0.9154568744662682,1.4285714285714286,1.375,1.0748467172581624,1.0146290491118077,1.0,0.2,1.0,1.4262434955044827,1.5688678450549312,0.6074448918631833,0.6074448918631833,0,pass,-,-,2026-03-28 11:32:48,Zone-D,QR_U-1195,phone_or_ipad
U-1196,laser_cutting,L-03,2026-03-28 09:00:00,2026-03-28 09:05:48,completed,5.8,23.15,,337.77,13.56,18.15,2,19,08:41,Q-3014,galvanized_steel,2.5,MB-2205,2.79,80,26.1,1499.0,2026-04-08 17:00,accepted,0.8539877300613498,0.2857142857142857,0.8260869565217391,1.0738880233999937,1.004705231109881,0.75,0.4,0.55,0.2632578007559726,0.13031261137420644,0.025734475105124978,0.025734475105124978,0,pass,-,-,2026-03-28 09:05:48,Zone-A,QR_U-1196,phone_or_ipad
U-1196,bending,B-02,2026-03-28 09:39:48,2026-03-28 09:48:48,completed,9.0,11.27,85.96,29.53,,7.78,6,29,09:10,Q-3014,galvanized_steel,2.5,MB-2205,2.79,80,26.1,1499.0,2026-04-08 17:00,accepted,1.1452810180275717,0.8571428571428571,1.2083333333333333,1.0652958152958154,1.088111888111888,0.75,0.4,0.7,1.1379129746319292,0.7168851740181154,0.12194629735041418,0.12194629735041418,0,pass,-,-,2026-03-28 09:48:48,Zone-B,QR_U-1196,phone_or_ipad
U-1196,welding,W-01,2026-03-28 10:07:48,2026-03-28 10:17:40,completed,9.866666666666667,0.55,,1450.54,3.05,9.14,10,17,09:50,Q-3014,galvanized_steel,2.5,MB-2205,2.79,80,26.1,1499.0,2026-04-08 17:00,accepted,1.0111016225448335,1.4285714285714286,0.7083333333333334,0.9832736245225271,0.955067920585162,0.75,0.4,1.0,1.3564550757493412,1.2208095681744071,0.3662688429134932,0.3662688429134932,1,fail,surface_porosity,low,2026-03-28 10:17:40,Zone-C,QR_U-1196,phone_or_ipad
U-1197,laser_cutting,L-03,2026-03-28 09:50:00,2026-03-28 10:01:29,completed,11.483333333333333,22.42,,324.16,12.68,17.91,11,33,09:17,Q-3018,stainless_steel_304,4.0,MB-2208,2.46,60,6.7,1145.0,2026-04-08 08:00,accepted,1.69079754601227,1.5714285714285714,1.434782608695652,1.0306171112453504,0.9914198726819818,1.0,1.0,0.55,2.7148211420306727,2.2397274421753055,0.9117186577294948,0.9117186577294948,1,fail,edge_burr,low,2026-03-28 10:01:29,Zone-A,QR_U-1197,phone_or_ipad
U-1197,bending,B-02,2026-03-28 10:41:29,2026-03-28 10:50:24,completed,8.916666666666666,10.77,83.86,29.53,,6.82,5,36,10:05,Q-3018,stainless_steel_304,4.0,MB-2208,2.46,60,6.7,1145.0,2026-04-08 08:00,accepted,1.1346765641569458,0.7142857142857143,1.5,1.0652958152958154,0.9538461538461538,1.0,1.0,0.7,0.8235549903479005,0.8647327398652955,0.17425191599929982,0.17425191599929982,0,pass,-,-,2026-03-28 10:50:24,Zone-A,QR_U-1197,phone_or_ipad
U-1197,welding,W-02,2026-03-28 11:18:24,2026-03-28 11:29:40,completed,11.266666666666667,0.51,,1440.75,2.88,8.64,3,19,10:59,Q-3018,stainless_steel_304,4.0,MB-2208,2.46,60,6.7,1145.0,2026-04-08 08:00,accepted,1.1545687446626816,0.42857142857142855,0.7916666666666666,0.9766373037150516,0.9028213166144201,1.0,1.0,1.0,0.43629287888949964,0.6544393183342494,0.10425466976830713,0.10425466976830713,0,pass,-,-,2026-03-28 11:29:40,Zone-C,QR_U-1197,phone_or_ipad
U-1198,laser_cutting,L-03,2026-03-28 09:50:00,2026-03-28 10:00:05,completed,10.083333333333334,23.49,,326.91,13.03,19.48,8,24,09:26,Q-3007,galvanized_steel,4.0,MB-2213,1.38,120,12.3,2980.0,2026-04-09 10:00,open,1.4846625766871169,1.1428571428571428,1.0434782608695652,1.0393603153912188,1.0783282590644896,0.75,1.0,0.55,1.901677315082494,1.176662838707293,0.33778699447978816,0.33778699447978816,0,pass,-,-,2026-03-28 10:00:05,Zone-B,QR_U-1198,phone_or_ipad
U-1198,bending,B-02,2026-03-28 10:24:05,2026-03-28 10:33:45,completed,9.666666666666666,11.16,79.4,28.96,,6.42,5,21,10:03,Q-3007,galvanized_steel,4.0,MB-2213,1.38,120,12.3,2980.0,2026-04-09 10:00,open,1.2301166489925768,0.7142857142857143,0.875,1.0447330447330447,0.8979020979020979,0.75,1.0,0.7,0.8242378968577477,0.6490873437754763,0.10284892853747017,0.10284892853747017,0,pass,-,-,2026-03-28 10:33:45,Zone-A,QR_U-1198,phone_or_ipad
U-1198,welding,W-02,2026-03-28 10:57:45,2026-03-28 11:10:52,completed,13.116666666666667,0.59,,1519.01,3.09,9.01,3,19,10:38,Q-3007,galvanized_steel,4.0,MB-2213,1.38,120,12.3,2980.0,2026-04-09 10:00,open,1.344150298889838,0.42857142857142855,0.7916666666666666,1.0296871981372206,0.9414838035527691,0.75,1.0,1.0,0.5584563251143777,0.6282633657536749,0.09753794502113354,0.09753794502113354,0,pass,-,-,2026-03-28 11:10:52,Zone-C,QR_U-1198,phone_or_ipad
U-1199,laser_cutting,L-01,2026-03-28 10:57:00,2026-03-28 11:05:28,completed,8.466666666666667,19.42,,311.53,12.41,18.82,6,23,10:34,Q-3011,galvanized_steel,2.5,MB-2211,1.05,180,16.1,3728.0,2026-04-06 15:00,accepted,1.2466257668711658,0.8571428571428571,1.0,0.990461959113598,1.0417935233877667,0.75,0.4,0.55,1.102576578965647,0.5457754065879954,0.0788346149837939,0.0788346149837939,0,pass,-,-,2026-03-28 11:05:28,Zone-B,QR_U-1199,phone_or_ipad
U-1199,bending,B-01,2026-03-28 11:23:28,2026-03-28 11:32:06,completed,8.633333333333333,9.24,72.39,26.66,,7.21,6,12,11:11,Q-3011,galvanized_steel,2.5,MB-2211,1.05,180,16.1,3728.0,2026-04-06 15:00,accepted,1.0986214209968186,0.8571428571428571,0.5,0.9617604617604618,1.0083916083916082,0.75,0.4,0.7,0.9132662639266319,0.575357746273778,0.0851314966504489,0.0851314966504489,0,pass,-,-,2026-03-28 11:32:06,Zone-B,QR_U-1199,phone_or_ipad
U-1199,welding,W-02,2026-03-28 12:10:06,2026-03-28 12:21:10,completed,11.066666666666666,0.58,,1459.98,3.05,10.2,11,31,11:39,Q-3011,galvanized_steel,2.5,MB-2211,1.05,180,16.1,3728.0,2026-04-06 15:00,accepted,1.134073441502989,1.5714285714285714,1.2916666666666667,0.9896726917771307,1.0658307210031346,0.75,0.4,1.0,1.8798173166432208,1.6918355849788989,0.6866546595909087,0.6866546595909087,1,fail,surface_porosity,low,2026-03-28 12:21:10,Zone-C,QR_U-1199,phone_or_ipad
U-1200,laser_cutting,L-03,2026-03-28 10:03:00,2026-03-28 10:09:46,completed,6.766666666666667,23.42,,308.22,14.82,19.85,3,16,09:47,Q-3003,stainless_steel_304,4.0,MB-2205,2.98,180,22.1,4341.0,2026-04-10 08:00,accepted,0.9963190184049081,0.42857142857142855,0.6956521739130435,0.9799383206689348,1.0988098533075008,1.0,1.0,0.55,0.45977242585257866,0.3793122513283774,0.05072401525817403,0.05072401525817403,0,pass,-,-,2026-03-28 10:09:46,Zone-A,QR_U-1200,phone_or_ipad
U-1200,bending,B-01,2026-03-28 10:37:46,2026-03-28 10:46:20,completed,8.566666666666666,10.42,84.21,27.7,,6.52,3,17,10:20,Q-3003,stainless_steel_304,4.0,MB-2205,2.98,180,22.1,4341.0,2026-04-10 08:00,accepted,1.090137857900318,0.42857142857142855,0.7083333333333334,0.9992784992784993,0.9118881118881118,1.0,1.0,0.7,0.42572850891149766,0.4470149343570725,0.060783180174775686,0.060783180174775686,0,pass,-,-,2026-03-28 10:46:20,Zone-B,QR_U-1200,phone_or_ipad
U-1200,welding,W-02,2026-03-28 11:01:20,2026-03-28 11:15:43,completed,14.383333333333333,0.52,,1529.09,3.28,9.98,3,13,10:48,Q-3003,stainless_steel_304,4.0,MB-2205,2.98,180,22.1,4341.0,2026-04-10 08:00,accepted,1.4739538855678906,0.42857142857142855,0.5416666666666666,1.0365201004599327,1.0428422152560084,1.0,1.0,1.0,0.6828156130242068,1.0242234195363102,0.2488969601788433,0.2488969601788433,0,pass,-,-,2026-03-28 11:15:43,Zone-D,QR_U-1200,phone_or_ipad
U-1201,laser_cutting,L-01,2026-03-28 08:32:00,2026-03-28 08:37:19,completed,5.316666666666666,18.74,,288.31,12.83,18.1,5,23,08:09,Q-3013,stainless_steel_304,2.5,MB-2222,2.52,40,11.2,722.0,2026-04-04 08:00,accepted,0.7828220858895706,0.7142857142857143,1.0,0.9166375226528471,1.0019374481040688,1.0,0.4,0.55,0.5135388147771256,0.3389356177529029,0.045496885038674155,0.045496885038674155,0,pass,-,-,2026-03-28 08:37:19,Zone-B,QR_U-1201,phone_or_ipad
U-1201,bending,B-02,2026-03-28 09:13:19,2026-03-28 09:18:38,completed,5.316666666666666,11.13,79.49,30.0,,7.91,6,29,08:44,Q-3013,stainless_steel_304,2.5,MB-2222,2.52,40,11.2,722.0,2026-04-04 08:00,accepted,0.6765641569459172,0.8571428571428571,1.2083333333333333,1.0822510822510822,1.1062937062937062,1.0,0.4,0.7,0.69432158509571,0.5832301314803963,0.08688248690011072,0.08688248690011072,0,pass,-,-,2026-03-28 09:18:38,Zone-B,QR_U-1201,phone_or_ipad
U-1201,welding,W-02,2026-03-28 10:01:38,2026-03-28 10:11:36,completed,9.966666666666667,0.55,,1465.74,3.47,8.58,7,36,09:25,Q-3013,stainless_steel_304,2.5,MB-2222,2.52,40,11.2,722.0,2026-04-04 08:00,accepted,1.02134927412468,1.0,1.5,0.9935772073901091,0.896551724137931,1.0,0.4,1.0,0.9098111499456062,1.0917733799347273,0.28631090383664504,0.28631090383664504,1,fail,weak_joint,low,2026-03-28 10:11:36,Zone-D,QR_U-1201,phone_or_ipad
U-1202,laser_cutting,L-02,2026-03-28 09:21:00,2026-03-28 09:28:43,completed,7.716666666666667,20.26,,321.61,13.54,17.01,7,31,08:50,Q-3015,aluminum_5754,4.0,MB-2223,3.31,40,22.2,852.0,2026-04-08 14:00,accepted,1.136196319018405,1.0,1.3478260869565217,1.0225097764919087,0.9415997785773598,0.55,1.0,0.55,1.09392411126596,0.49636806548692936,0.06926163761882424,0.06926163761882424,0,pass,-,-,2026-03-28 09:28:43,Zone-A,QR_U-1202,phone_or_ipad
U-1202,bending,B-01,2026-03-28 10:01:43,2026-03-28 10:08:12,completed,6.483333333333333,10.5,77.33,28.62,,6.5,3,31,09:30,Q-3015,aluminum_5754,4.0,MB-2223,3.31,40,22.2,852.0,2026-04-08 14:00,accepted,0.8250265111346765,0.42857142857142855,1.2916666666666667,1.0324675324675325,0.9090909090909091,0.55,1.0,0.7,0.33187522837851297,0.19165794438859124,0.03046394497827752,0.03046394497827752,0,pass,-,-,2026-03-28 10:08:12,Zone-B,QR_U-1202,phone_or_ipad
U-1202,welding,W-02,2026-03-28 10:46:12,2026-03-28 10:56:00,completed,9.8,0.54,,1589.39,3.18,10.43,10,27,10:19,Q-3015,aluminum_5754,4.0,MB-2223,3.31,40,22.2,852.0,2026-04-08 14:00,accepted,1.004269854824936,1.4285714285714286,1.125,1.077395498283301,1.089864158829676,0.55,1.0,1.0,1.6846120927570691,1.3898049765245821,0.4824873067539088,0.4824873067539088,0,pass,-,-,2026-03-28 10:56:00,Zone-D,QR_U-1202,phone_or_ipad
U-1203,laser_cutting,L-03,2026-03-28 08:38:00,2026-03-28 08:44:09,completed,6.15,23.51,,314.92,13.78,16.38,9,8,08:30,Q-3016,stainless_steel_304,4.0,MB-2222,3.1,180,25.0,4388.0,2026-04-04 08:00,accepted,0.9055214723926381,1.2857142857142858,0.34782608695652173,1.0012399453152323,0.906725712704124,1.0,1.0,0.55,1.0569570061264133,0.871989530054291,0.17722620690403565,0.17722620690403565,1,fail,edge_burr,medium,2026-03-28 08:44:09,Zone-B,QR_U-1203,phone_or_ipad
U-1203,bending,B-01,2026-03-28 09:24:09,2026-03-28 09:31:48,completed,7.65,10.14,75.39,26.76,,6.49,3,36,08:48,Q-3016,stainless_steel_304,4.0,MB-2222,3.1,180,25.0,4388.0,2026-04-04 08:00,accepted,0.9734888653234359,0.42857142857142855,1.5,0.9653679653679654,0.9076923076923077,1.0,1.0,0.7,0.3655827886701997,0.3838619281037097,0.05134748337227123,0.05134748337227123,0,pass,-,-,2026-03-28 09:31:48,Zone-A,QR_U-1203,phone_or_ipad
U-1203,welding,W-01,2026-03-28 10:09:48,2026-03-28 10:20:06,completed,10.3,0.61,,1474.88,2.87,9.26,3,33,09:36,Q-3016,stainless_steel_304,4.0,MB-2222,3.1,180,25.0,4388.0,2026-04-04 08:00,accepted,1.0555081127241674,0.42857142857142855,1.375,0.9997729144565368,0.96760710553814,1.0,1.0,1.0,0.4376079529135886,0.656411929370383,0.10477706023774179,0.10477706023774179,1,fail,burn_through,medium,2026-03-28 10:20:06,Zone-D,QR_U-1203,phone_or_ipad
U-1204,laser_cutting,L-02,2026-03-28 11:03:00,2026-03-28 11:10:27,completed,7.45,20.92,,325.04,13.39,17.63,6,37,10:26,Q-3008,stainless_steel_304,2.0,MB-2215,1.57,120,10.7,3066.0,2026-04-07 13:00,accepted,1.0969325153374234,0.8571428571428571,1.608695652173913,1.0334149365720282,0.9759202878494326,1.0,0.2,0.55,0.948248580385289,0.5736903911330999,0.08476477079488609,0.08476477079488609,0,pass,-,-,2026-03-28 11:10:27,Zone-A,QR_U-1204,phone_or_ipad
U-1204,bending,B-02,2026-03-28 11:36:27,2026-03-28 11:43:57,completed,7.5,10.6,77.41,28.48,,6.48,7,20,11:16,Q-3008,stainless_steel_304,2.0,MB-2215,1.57,120,10.7,3066.0,2026-04-07 13:00,accepted,0.9544008483563097,1.0,0.8333333333333334,1.0274170274170276,0.9062937062937063,1.0,0.2,0.7,0.8886823193195508,0.6842853858760541,0.11240879396036763,0.11240879396036763,0,pass,-,-,2026-03-28 11:43:57,Zone-B,QR_U-1204,phone_or_ipad
U-1204,welding,W-01,2026-03-28 12:06:57,2026-03-28 12:15:27,completed,8.5,0.64,,1508.49,2.71,8.99,3,20,11:46,Q-3008,stainless_steel_304,2.0,MB-2215,1.57,120,10.7,3066.0,2026-04-07 13:00,accepted,0.8710503842869343,0.42857142857142855,0.8333333333333334,1.0225560342051836,0.9393939393939393,1.0,0.2,1.0,0.35859263146791953,0.39445189461471153,0.0528268662546492,0.0528268662546492,0,pass,-,-,2026-03-28 12:15:27,Zone-C,QR_U-1204,phone_or_ipad
U-1205,laser_cutting,L-02,2026-03-28 11:26:00,2026-03-28 11:34:52,completed,8.866666666666667,19.57,,316.15,13.14,19.44,10,39,10:47,Q-3003,galvanized_steel,3.0,MB-2221,1.51,180,22.1,4341.0,2026-04-10 08:00,accepted,1.3055214723926383,1.4285714285714286,1.6956521739130435,1.005150542078657,1.0761140326598397,0.75,0.6,0.55,2.017322744742407,1.0817893218681158,0.2805733606012543,0.2805733606012543,0,pass,-,-,2026-03-28 11:34:52,Zone-A,QR_U-1205,phone_or_ipad
U-1205,bending,B-01,2026-03-28 12:06:52,2026-03-28 12:13:34,completed,6.7,9.4,84.38,28.32,,7.48,3,22,11:44,Q-3003,galvanized_steel,3.0,MB-2221,1.51,180,22.1,4341.0,2026-04-10 08:00,accepted,0.8525980911983033,0.42857142857142855,0.9166666666666666,1.0216450216450217,1.0461538461538462,0.75,0.6,0.7,0.39053786692023323,0.2665420941730592,0.037384899598494614,0.037384899598494614,0,pass,-,-,2026-03-28 12:13:34,Zone-B,QR_U-1205,phone_or_ipad
U-1205,welding,W-02,2026-03-28 12:30:34,2026-03-28 12:39:33,completed,8.983333333333333,0.52,,1519.49,2.91,9.32,2,11,12:19,Q-3003,galvanized_steel,3.0,MB-2221,1.51,180,22.1,4341.0,2026-04-10 08:00,accepted,0.9205807002561912,0.2857142857142857,0.4583333333333333,1.0300125744383022,0.9738766980146291,0.75,0.6,1.0,0.2638398082250354,0.2572438130194095,0.03644952132827147,0.03644952132827147,0,pass,-,-,2026-03-28 12:39:33,Zone-D,QR_U-1205,phone_or_ipad
U-1206,laser_cutting,L-01,2026-03-28 11:21:00,2026-03-28 11:29:14,completed,8.233333333333333,18.81,,314.99,12.81,17.7,8,34,10:47,Q-3005,stainless_steel_304,2.0,MB-2211,2.34,40,7.2,963.0,2026-04-06 16:00,accepted,1.2122699386503066,1.1428571428571428,1.4782608695652173,1.0014624996025818,0.9797951840575699,1.0,0.2,0.55,1.3594438513800065,0.822463530084904,0.1577069081374177,0.1577069081374177,0,pass,-,-,2026-03-28 11:29:14,Zone-A,QR_U-1206,phone_or_ipad
U-1206,bending,B-02,2026-03-28 11:50:14,2026-03-28 11:57:54,completed,7.666666666666667,10.79,84.21,28.86,,6.51,10,19,11:31,Q-3005,stainless_steel_304,2.0,MB-2211,2.34,40,7.2,963.0,2026-04-06 16:00,accepted,0.975609756097561,1.4285714285714286,0.7916666666666666,1.0411255411255411,0.9104895104895104,1.0,0.2,0.7,1.3211622080801684,1.0172949002217295,0.24525002947345437,0.24525002947345437,0,pass,-,-,2026-03-28 11:57:54,Zone-A,QR_U-1206,phone_or_ipad
U-1206,welding,W-02,2026-03-28 12:20:54,2026-03-28 12:32:13,completed,11.316666666666666,0.54,,1494.85,3.4,8.79,3,20,12:00,Q-3005,stainless_steel_304,2.0,MB-2211,2.34,40,7.2,963.0,2026-04-06 16:00,accepted,1.1596925704526047,0.42857142857142855,0.8333333333333334,1.0133099243161166,0.9184952978056425,1.0,0.2,1.0,0.46257837165654325,0.5088362088221976,0.07157072893339012,0.07157072893339012,0,pass,-,-,2026-03-28 12:32:13,Zone-C,QR_U-1206,phone_or_ipad
U-1207,laser_cutting,L-01,2026-03-28 09:07:00,2026-03-28 09:12:30,completed,5.5,21.72,,292.99,13.77,18.44,9,12,08:55,Q-3010,stainless_steel_304,2.0,MB-2217,2.84,250,24.9,5316.0,2026-04-08 16:00,open,0.8098159509202455,1.2857142857142858,0.5217391304347826,0.9315168664356342,1.0207583725435927,1.0,0.2,0.55,0.9900211437412247,0.5989627919634412,0.09047967957112604,0.09047967957112604,0,pass,-,-,2026-03-28 09:12:30,Zone-B,QR_U-1207,phone_or_ipad
U-1207,bending,B-01,2026-03-28 09:47:30,2026-03-28 09:56:06,completed,8.6,9.57,74.95,29.1,,7.42,4,29,09:18,Q-3010,stainless_steel_304,2.0,MB-2217,2.84,250,24.9,5316.0,2026-04-08 16:00,open,1.0943796394485683,0.5714285714285714,1.2083333333333333,1.04978354978355,1.0377622377622377,1.0,0.2,0.7,0.6812830474259184,0.5245879465179571,0.07458947813036033,0.07458947813036033,0,pass,-,-,2026-03-28 09:56:06,Zone-B,QR_U-1207,phone_or_ipad
U-1207,welding,W-01,2026-03-28 10:25:06,2026-03-28 10:33:54,completed,8.8,0.63,,1479.78,3.09,8.72,6,25,10:00,Q-3010,stainless_steel_304,2.0,MB-2217,2.84,250,24.9,5316.0,2026-04-08 16:00,open,0.9017933390264732,0.8571428571428571,1.0416666666666667,1.003094464196744,0.9111807732497388,1.0,0.2,1.0,0.7064909684101235,0.7771400652511359,0.14140928790748958,0.14140928790748958,1,fail,surface_porosity,medium,2026-03-28 10:33:54,Zone-C,QR_U-1207,phone_or_ipad
U-1208,laser_cutting,L-01,2026-03-28 09:54:00,2026-03-28 10:01:45,completed,7.75,19.17,,321.05,12.3,16.53,3,22,09:32,Q-3000,stainless_steel_304,2.0,MB-2224,1.35,120,30.7,3038.0,2026-04-06 14:00,accepted,1.1411042944785277,0.42857142857142855,0.9565217391304348,1.0207293421931136,0.9150290617215612,1.0,0.2,0.55,0.4567662864507591,0.2763436033027093,0.03839586474011761,0.03839586474011761,0,pass,-,-,2026-03-28 10:01:45,Zone-B,QR_U-1208,phone_or_ipad
U-1208,bending,B-02,2026-03-28 10:13:45,2026-03-28 10:20:09,completed,6.4,11.17,84.85,26.66,,6.89,9,10,10:03,Q-3000,stainless_steel_304,2.0,MB-2224,1.35,120,30.7,3038.0,2026-04-06 14:00,accepted,0.8144220572640509,1.2857142857142858,0.4166666666666667,0.9617604617604618,0.9636363636363635,1.0,0.2,0.7,0.9704520816941802,0.7472481029045188,0.13144822609828793,0.13144822609828793,0,pass,-,-,2026-03-28 10:20:09,Zone-B,QR_U-1208,phone_or_ipad
U-1208,welding,W-02,2026-03-28 10:52:09,2026-03-28 11:01:46,completed,9.616666666666667,0.53,,1513.48,3.04,10.77,5,24,10:28,Q-3000,stainless_steel_304,2.0,MB-2224,1.35,120,30.7,3038.0,2026-04-06 14:00,accepted,0.9854824935952179,0.7142857142857143,1.0,1.0259385920018438,1.1253918495297806,1.0,0.2,1.0,0.8127294746301708,0.8940024220931879,0.1864918782346936,0.1864918782346936,0,pass,-,-,2026-03-28 11:01:46,Zone-C,QR_U-1208,phone_or_ipad
U-1209,laser_cutting,L-03,2026-03-28 09:17:00,2026-03-28 09:22:10,completed,5.166666666666667,23.8,,333.84,14.23,19.79,3,30,08:47,Q-3009,stainless_steel_304,1.5,MB-2211,1.78,250,6.8,6606.0,2026-04-03 17:00,open,0.7607361963190186,0.42857142857142855,1.3043478260869565,1.0613931898388071,1.095488513700526,1.0,0.0,0.55,0.3790892075825377,0.20849906417039576,0.03190333671631031,0.03190333671631031,0,pass,-,-,2026-03-28 09:22:10,Zone-A,QR_U-1209,phone_or_ipad
U-1209,bending,B-02,2026-03-28 09:37:10,2026-03-28 09:44:08,completed,6.966666666666667,11.43,75.16,29.74,,7.14,5,10,09:27,Q-3009,stainless_steel_304,1.5,MB-2211,1.78,250,6.8,6606.0,2026-04-03 17:00,open,0.8865323435843054,0.7142857142857143,0.4166666666666667,1.0728715728715728,0.9986013986013985,1.0,0.0,0.7,0.6784322075944558,0.47490254531611903,0.06544720190023401,0.06544720190023401,0,pass,-,-,2026-03-28 09:44:08,Zone-A,QR_U-1209,phone_or_ipad
U-1209,welding,W-02,2026-03-28 10:23:08,2026-03-28 10:31:54,completed,8.766666666666667,0.51,,1413.18,3.41,9.29,11,30,09:53,Q-3009,stainless_steel_304,1.5,MB-2211,1.78,250,6.8,6606.0,2026-04-03 17:00,open,0.8983774551665245,1.5714285714285714,1.25,0.9579485024216808,0.9707419017763844,1.0,0.0,1.0,1.3128026023043589,1.3128026023043589,0.4285033519475656,0.4285033519475656,1,fail,surface_porosity,low,2026-03-28 10:31:54,Zone-D,QR_U-1209,phone_or_ipad
U-1210,laser_cutting,L-02,2026-03-28 10:44:00,2026-03-28 10:50:09,completed,6.15,21.63,,319.29,13.09,18.51,6,20,10:24,Q-3013,stainless_steel_304,2.0,MB-2217,2.29,40,11.2,722.0,2026-04-04 08:00,accepted,0.9055214723926381,0.8571428571428571,0.8695652173913043,1.015133691539758,1.02463326875173,1.0,0.2,0.55,0.8073161830735909,0.4884262907595226,0.06782697147928075,0.06782697147928075,0,pass,-,-,2026-03-28 10:50:09,Zone-B,QR_U-1210,phone_or_ipad
U-1210,bending,B-01,2026-03-28 11:10:09,2026-03-28 11:17:01,completed,6.866666666666666,9.91,75.34,25.83,,7.09,8,17,10:53,Q-3013,stainless_steel_304,2.0,MB-2217,2.29,40,11.2,722.0,2026-04-04 08:00,accepted,0.8738069989395546,1.1428571428571428,0.7083333333333334,0.9318181818181818,0.9916083916083915,1.0,0.2,0.7,0.9227389211578934,0.7105089692915779,0.12002761718015698,0.12002761718015698,0,pass,-,-,2026-03-28 11:17:01,Zone-B,QR_U-1210,phone_or_ipad
U-1210,welding,W-02,2026-03-28 11:56:01,2026-03-28 12:04:34,completed,8.55,0.51,,1539.4,3.06,8.99,4,28,11:28,Q-3013,stainless_steel_304,2.0,MB-2217,2.29,40,11.2,722.0,2026-04-04 08:00,accepted,0.8761742100768575,0.5714285714285714,1.1666666666666667,1.0435089122602468,0.9393939393939393,1.0,0.2,1.0,0.49079071002841995,0.539869781031262,0.0776296368390663,0.0776296368390663,0,pass,-,-,2026-03-28 12:04:34,Zone-C,QR_U-1210,phone_or_ipad
U-1211,laser_cutting,L-02,2026-03-28 08:50:00,2026-03-28 08:56:57,completed,6.95,21.26,,299.01,14.31,18.76,4,11,08:39,Q-3010,galvanized_steel,2.5,MB-2208,3.15,250,24.9,5316.0,2026-04-08 16:00,open,1.023312883435583,0.5714285714285714,0.4782608695652174,0.9506565351476807,1.0384721837807918,0.75,0.4,0.55,0.577283174043095,0.2857551711513321,0.0393912769717791,0.0393912769717791,0,pass,-,-,2026-03-28 08:56:57,Zone-B,QR_U-1211,phone_or_ipad
U-1211,bending,B-02,2026-03-28 09:17:57,2026-03-28 09:27:14,completed,9.283333333333333,10.76,88.35,29.85,,6.89,11,19,08:58,Q-3010,galvanized_steel,2.5,MB-2208,3.15,250,24.9,5316.0,2026-04-08 16:00,open,1.181336161187699,1.5714285714285714,0.7916666666666666,1.076839826839827,0.9636363636363635,0.75,0.4,0.7,1.9263377384116664,1.2135927751993496,0.3615420741520005,0.3615420741520005,1,fail,springback,low,2026-03-28 09:27:14,Zone-A,QR_U-1211,phone_or_ipad
U-1211,welding,W-02,2026-03-28 10:03:14,2026-03-28 10:13:31,completed,10.283333333333333,0.54,,1454.69,3.49,8.89,8,27,09:36,Q-3010,galvanized_steel,2.5,MB-2208,3.15,250,24.9,5316.0,2026-04-08 16:00,open,1.053800170794193,1.1428571428571428,1.125,0.9860867737922946,0.928944618599791,0.75,0.4,1.0,1.1032023251937915,0.9928820926744124,0.2326897652928346,0.2326897652928346,0,pass,-,-,2026-03-28 10:13:31,Zone-C,QR_U-1211,phone_or_ipad
U-1212,laser_cutting,L-02,2026-03-28 11:30:00,2026-03-28 11:35:16,completed,5.266666666666667,22.36,,323.07,14.25,19.89,10,36,10:54,Q-3009,galvanized_steel,1.5,MB-2224,2.87,250,6.8,6606.0,2026-04-03 17:00,open,0.7754601226993866,1.4285714285714286,1.565217391304348,1.0271516230566242,1.1010240797121507,0.75,0.0,0.55,1.2528319014136398,0.5167931593331264,0.0730812832707658,0.0730812832707658,0,pass,-,-,2026-03-28 11:35:16,Zone-B,QR_U-1212,phone_or_ipad
U-1212,bending,B-01,2026-03-28 12:05:16,2026-03-28 12:09:49,completed,4.55,9.52,75.14,25.96,,6.83,7,20,11:45,Q-3009,galvanized_steel,1.5,MB-2224,2.87,250,6.8,6606.0,2026-04-03 17:00,open,0.5790031813361611,1.0,0.8333333333333334,0.9365079365079366,0.9552447552447552,0.75,0.0,0.7,0.5179729425752755,0.27193579485201963,0.03793801892546756,0.03793801892546756,0,pass,-,-,2026-03-28 12:09:49,Zone-B,QR_U-1212,phone_or_ipad
U-1212,welding,W-02,2026-03-28 12:30:49,2026-03-28 12:40:09,completed,9.333333333333334,0.53,,1510.71,3.46,8.56,8,13,12:17,Q-3009,galvanized_steel,1.5,MB-2224,2.87,250,6.8,6606.0,2026-04-03 17:00,open,0.9564474807856534,1.1428571428571428,0.5416666666666666,1.0240608995976856,0.8944618599791014,0.75,0.0,1.0,1.0012457504202414,0.7509343128151811,0.1326436273757772,0.1326436273757772,0,pass,-,-,2026-03-28 12:40:09,Zone-C,QR_U-1212,phone_or_ipad
U-1213,laser_cutting,L-03,2026-03-28 09:04:00,2026-03-28 09:10:40,completed,6.666666666666667,22.83,,335.15,13.2,20.1,3,38,08:26,Q-3015,stainless_steel_304,2.0,MB-2216,2.56,40,22.2,852.0,2026-04-08 14:00,accepted,0.98159509202454,0.42857142857142855,1.6521739130434783,1.0655581343592027,1.1126487683365627,1.0,0.2,0.55,0.4987591007687737,0.30174925596510815,0.041139888806224365,0.041139888806224365,0,pass,-,-,2026-03-28 09:10:40,Zone-B,QR_U-1213,phone_or_ipad
U-1213,bending,B-01,2026-03-28 09:41:40,2026-03-28 09:49:14,completed,7.566666666666666,10.77,71.71,25.85,,6.53,8,24,09:17,Q-3015,stainless_steel_304,2.0,MB-2216,2.56,40,22.2,852.0,2026-04-08 14:00,accepted,0.9628844114528101,1.1428571428571428,1.0,0.9325396825396827,0.9132867132867133,1.0,0.2,0.7,0.9372178764695049,0.7216577648815188,0.12339966215300593,0.12339966215300593,0,pass,-,-,2026-03-28 09:49:14,Zone-B,QR_U-1213,phone_or_ipad
U-1213,welding,W-02,2026-03-28 10:23:14,2026-03-28 10:32:27,completed,9.216666666666667,0.5,,1529.34,2.97,10.57,6,25,09:58,Q-3015,stainless_steel_304,2.0,MB-2216,2.56,40,22.2,852.0,2026-04-08 14:00,accepted,0.9444918872758327,0.8571428571428571,1.0416666666666667,1.0366895672834127,1.1044932079414838,1.0,0.2,1.0,0.9269647509362017,1.019661226029822,0.24649151305281644,0.24649151305281644,0,pass,-,-,2026-03-28 10:32:27,Zone-D,QR_U-1213,phone_or_ipad
U-1214,laser_cutting,L-01,2026-03-28 08:44:00,2026-03-28 08:51:36,completed,7.6,18.12,,294.35,11.78,16.73,2,22,08:22,Q-3012,galvanized_steel,2.0,MB-2218,2.79,120,21.8,2491.0,2026-04-02 16:00,open,1.1190184049079754,0.2857142857142857,0.9565217391304348,0.9358407783041365,0.9261001937448106,0.75,0.2,0.55,0.27709527831894853,0.12573198253722292,0.025411503183068423,0.025411503183068423,0,pass,-,-,2026-03-28 08:51:36,Zone-B,QR_U-1214,phone_or_ipad
U-1214,bending,B-01,2026-03-28 09:20:36,2026-03-28 09:28:04,completed,7.466666666666667,10.5,73.88,26.15,,6.62,6,24,08:56,Q-3012,galvanized_steel,2.0,MB-2218,2.79,120,21.8,2491.0,2026-04-02 16:00,open,0.9501590668080594,0.8571428571428571,1.0,0.9433621933621934,0.9258741258741259,0.75,0.2,0.7,0.7113444414128883,0.410801414915943,0.05519008034990309,0.05519008034990309,0,pass,-,-,2026-03-28 09:28:04,Zone-A,QR_U-1214,phone_or_ipad
U-1214,welding,W-02,2026-03-28 10:01:04,2026-03-28 10:10:10,completed,9.1,0.59,,1416.51,3.33,10.1,7,25,09:36,Q-3012,galvanized_steel,2.0,MB-2218,2.79,120,21.8,2491.0,2026-04-02 16:00,open,0.932536293766012,1.0,1.0416666666666667,0.960205800510434,1.0553814002089863,0.75,0.2,1.0,0.9450167461287701,0.7796388155562355,0.14226988947497485,0.14226988947497485,1,fail,surface_porosity,low,2026-03-28 10:10:10,Zone-D,QR_U-1214,phone_or_ipad
U-1215,laser_cutting,L-03,2026-03-28 09:07:00,2026-03-28 09:13:37,completed,6.616666666666666,21.51,,309.47,13.33,18.82,3,14,08:53,Q-3014,galvanized_steel,2.0,MB-2219,2.24,80,26.1,1499.0,2026-04-08 17:00,accepted,0.9742331288343559,0.42857142857142855,0.6086956521739131,0.9839125043716023,1.0417935233877667,0.75,0.2,0.55,0.4279807559999215,0.19419626803496443,0.030676796505998482,0.030676796505998482,0,pass,-,-,2026-03-28 09:13:37,Zone-A,QR_U-1215,phone_or_ipad
U-1215,bending,B-02,2026-03-28 10:01:37,2026-03-28 10:08:51,completed,7.233333333333333,11.22,82.83,28.47,,7.51,9,38,09:23,Q-3014,galvanized_steel,2.0,MB-2219,2.24,80,26.1,1499.0,2026-04-08 17:00,accepted,0.9204665959703076,1.2857142857142858,1.5833333333333333,1.027056277056277,1.0503496503496503,0.75,0.2,0.7,1.276675835491993,0.737280294996626,0.1282614978873506,0.1282614978873506,0,pass,-,-,2026-03-28 10:08:51,Zone-A,QR_U-1215,phone_or_ipad
U-1215,welding,W-01,2026-03-28 10:49:51,2026-03-28 11:00:29,completed,10.633333333333333,0.57,,1516.33,2.73,8.21,7,38,10:11,Q-3014,galvanized_steel,2.0,MB-2219,2.24,80,26.1,1499.0,2026-04-08 17:00,accepted,1.089666951323655,1.0,1.5833333333333333,1.0278705137895152,0.8578892371995821,0.75,0.2,1.0,0.9608672835994216,0.7927155089695229,0.14684511723190807,0.14684511723190807,0,pass,-,-,2026-03-28 11:00:29,Zone-C,QR_U-1215,phone_or_ipad
U-1216,laser_cutting,L-03,2026-03-28 08:38:00,2026-03-28 08:45:39,completed,7.65,21.96,,317.34,13.14,17.59,10,38,08:00,Q-3004,stainless_steel_304,3.0,MB-2210,3.37,60,7.2,1664.0,2026-04-04 14:00,open,1.1263803680981597,1.4285714285714286,1.6521739130434783,1.0089339649635964,0.9737060614447829,1.0,0.6,0.55,1.5808026251803704,1.130273877003965,0.30907853184174,0.30907853184174,0,pass,-,-,2026-03-28 08:45:39,Zone-A,QR_U-1216,phone_or_ipad
U-1216,bending,B-01,2026-03-28 09:20:39,2026-03-28 09:29:57,completed,9.3,9.48,80.83,28.16,,7.36,11,24,08:56,Q-3004,stainless_steel_304,3.0,MB-2210,3.37,60,7.2,1664.0,2026-04-04 14:00,open,1.1834570519618242,1.5714285714285714,1.0,1.0158730158730158,1.0293706293706293,1.0,0.6,0.7,1.9447256576176435,1.7697003484320553,0.732010362327587,0.732010362327587,1,fail,angle_deviation,low,2026-03-28 09:29:57,Zone-B,QR_U-1216,phone_or_ipad
U-1216,welding,W-01,2026-03-28 09:46:57,2026-03-28 09:57:15,completed,10.3,0.55,,1489.87,3.14,8.57,8,9,09:37,Q-3004,stainless_steel_304,3.0,MB-2210,3.37,60,7.2,1664.0,2026-04-04 14:00,open,1.0555081127241674,1.1428571428571428,0.375,1.0099341451923955,0.8955067920585162,1.0,0.6,1.0,1.0909766673444234,1.4182696675477506,0.5026155488347361,0.5026155488347361,0,pass,-,-,2026-03-28 09:57:15,Zone-C,QR_U-1216,phone_or_ipad
U-1217,laser_cutting,L-02,2026-03-28 08:19:00,2026-03-28 08:27:22,completed,8.366666666666667,19.4,,297.28,13.95,17.19,7,17,08:02,Q-3001,aluminum_5754,2.5,MB-2223,3.0,80,17.9,1707.0,2026-04-09 15:00,accepted,1.2319018404907978,1.0,0.7391304347826086,0.9451562649031888,0.9515637973982841,0.55,0.4,0.55,1.107943546631069,0.4021835074270781,0.053932269697543875,0.053932269697543875,0,pass,-,-,2026-03-28 08:27:22,Zone-A,QR_U-1217,phone_or_ipad
U-1217,bending,B-02,2026-03-28 08:53:22,2026-03-28 08:59:52,completed,6.5,10.54,77.72,27.38,,7.02,5,17,08:36,Q-3001,aluminum_5754,2.5,MB-2223,3.0,80,17.9,1707.0,2026-04-09 15:00,accepted,0.8271474019088016,0.7142857142857143,0.7083333333333334,0.9877344877344877,0.9818181818181817,0.55,0.4,0.7,0.5729624522920304,0.264708652958918,0.037198652997863596,0.037198652997863596,0,pass,-,-,2026-03-28 08:59:52,Zone-A,QR_U-1217,phone_or_ipad
U-1217,welding,W-01,2026-03-28 09:16:52,2026-03-28 09:27:55,completed,11.05,0.66,,1557.45,3.18,8.64,9,13,09:03,Q-3001,aluminum_5754,2.5,MB-2223,3.0,80,17.9,1707.0,2026-04-09 15:00,accepted,1.1323654995730146,1.2857142857142858,0.5416666666666666,1.0557444169155004,0.9028213166144201,0.55,0.4,1.0,1.387687564791936,0.9158737927626779,0.1960633745415042,0.1960633745415042,1,fail,burn_through,low,2026-03-28 09:27:55,Zone-C,QR_U-1217,phone_or_ipad
U-1218,laser_cutting,L-02,2026-03-28 11:33:00,2026-03-28 11:38:52,completed,5.866666666666666,20.02,,311.92,12.86,19.56,4,38,10:55,Q-3016,aluminum_5754,2.5,MB-2223,1.07,180,25.0,4388.0,2026-04-04 08:00,accepted,0.8638036809815951,0.5714285714285714,1.6521739130434783,0.9917019044288304,1.082756711873789,0.55,0.4,0.55,0.5300160650738845,0.1923958316218201,0.03052567272001736,0.03052567272001736,0,pass,-,-,2026-03-28 11:38:52,Zone-A,QR_U-1218,phone_or_ipad
U-1218,bending,B-01,2026-03-28 12:12:52,2026-03-28 12:19:28,completed,6.6,10.56,73.72,26.27,,7.82,3,32,11:40,Q-3016,aluminum_5754,2.5,MB-2223,1.07,180,25.0,4388.0,2026-04-04 08:00,accepted,0.8398727465535525,0.42857142857142855,1.3333333333333333,0.9476911976911977,1.0937062937062938,0.55,0.4,0.7,0.3730819702945139,0.17236387027606542,0.028892167014057123,0.028892167014057123,0,pass,-,-,2026-03-28 12:19:28,Zone-A,QR_U-1218,phone_or_ipad
U-1218,welding,W-01,2026-03-28 12:36:28,2026-03-28 12:47:51,completed,11.383333333333333,0.58,,1461.63,3.14,9.66,8,10,12:26,Q-3016,aluminum_5754,2.5,MB-2223,1.07,180,25.0,4388.0,2026-04-04 08:00,accepted,1.1665243381725021,1.1428571428571428,0.4166666666666667,0.9907911728120985,1.0094043887147335,0.55,0.4,1.0,1.3333159319890244,0.8799885151127562,0.1805506848186923,0.1805506848186923,0,pass,-,-,2026-03-28 12:47:51,Zone-D,QR_U-1218,phone_or_ipad
U-1219,laser_cutting,L-01,2026-03-28 10:05:00,2026-03-28 10:14:07,completed,9.116666666666667,20.27,,295.71,12.93,16.72,9,29,09:36,Q-3005,stainless_steel_304,2.5,MB-2222,1.05,40,7.2,963.0,2026-04-06 16:00,accepted,1.3423312883435585,1.2857142857142858,1.2608695652173914,0.9401646901726386,0.925546637143648,1.0,0.4,0.55,1.5017803800758776,0.9911750508500792,0.23182848264236955,0.23182848264236955,0,pass,-,-,2026-03-28 10:14:07,Zone-B,QR_U-1219,phone_or_ipad
U-1219,bending,B-01,2026-03-28 10:39:07,2026-03-28 10:44:57,completed,5.833333333333333,10.26,78.29,25.83,,6.71,9,17,10:22,Q-3005,stainless_steel_304,2.5,MB-2222,1.05,40,7.2,963.0,2026-04-06 16:00,accepted,0.7423117709437963,1.2857142857142858,0.7083333333333334,0.9318181818181818,0.9384615384615385,1.0,0.4,0.7,0.8346001824262692,0.7010641532380661,0.11723349875789987,0.11723349875789987,0,pass,-,-,2026-03-28 10:44:57,Zone-A,QR_U-1219,phone_or_ipad
U-1219,welding,W-01,2026-03-28 11:26:57,2026-03-28 11:36:31,completed,9.566666666666666,0.55,,1461.6,3.03,8.77,5,32,10:54,Q-3005,stainless_steel_304,2.5,MB-2222,1.05,40,7.2,963.0,2026-04-06 16:00,accepted,0.9803586678052947,0.7142857142857143,1.3333333333333333,0.9907708367932808,0.9164054336468129,1.0,0.4,1.0,0.6357960531474407,0.7629552637769288,0.13660600286919308,0.13660600286919308,0,pass,-,-,2026-03-28 11:36:31,Zone-C,QR_U-1219,phone_or_ipad
U-1220,laser_cutting,L-03,2026-03-28 10:17:00,2026-03-28 10:23:28,completed,6.466666666666667,23.36,,335.94,12.92,19.1,7,13,10:04,Q-3013,aluminum_5754,1.5,MB-2215,2.63,40,11.2,722.0,2026-04-04 08:00,accepted,0.9521472392638037,1.0,0.5652173913043478,1.0680698184592885,1.0572931082203156,0.55,0.0,0.55,1.0752245127955589,0.32525541512065664,0.04384515692308703,0.04384515692308703,0,pass,-,-,2026-03-28 10:23:28,Zone-A,QR_U-1220,phone_or_ipad
U-1220,bending,B-01,2026-03-28 10:53:28,2026-03-28 11:02:02,completed,8.566666666666666,10.06,70.74,27.89,,6.44,7,25,10:28,Q-3013,aluminum_5754,1.5,MB-2215,2.63,40,11.2,722.0,2026-04-04 08:00,accepted,1.090137857900318,1.0,1.0416666666666667,1.0061327561327562,0.9006993006993007,0.55,0.0,0.7,0.9879080761564131,0.380344609320219,0.0508648536142749,0.0508648536142749,0,pass,-,-,2026-03-28 11:02:02,Zone-A,QR_U-1220,phone_or_ipad
U-1220,welding,W-01,2026-03-28 11:28:02,2026-03-28 11:37:48,completed,9.766666666666667,0.56,,1507.87,3.18,8.47,11,22,11:06,Q-3013,aluminum_5754,1.5,MB-2215,2.63,40,11.2,722.0,2026-04-04 08:00,accepted,1.0008539709649873,1.5714285714285714,0.9166666666666666,1.0221357564829532,0.8850574712643678,0.55,0.0,1.0,1.4228051071229089,0.7825428089176,0.14327554620969815,0.14327554620969815,0,pass,-,-,2026-03-28 11:37:48,Zone-C,QR_U-1220,phone_or_ipad
U-1221,laser_cutting,L-01,2026-03-28 09:33:00,2026-03-28 09:40:55,completed,7.916666666666667,21.47,,317.3,13.33,15.62,8,35,08:58,Q-3009,stainless_steel_304,2.0,MB-2224,2.81,250,6.8,6606.0,2026-04-03 17:00,open,1.1656441717791413,1.1428571428571428,1.5217391304347827,1.0088067910851113,0.8646554110157765,1.0,0.2,0.55,1.162007695778641,0.7030146559460779,0.11780586751505061,0.11780586751505061,0,pass,-,-,2026-03-28 09:40:55,Zone-B,QR_U-1221,phone_or_ipad
U-1221,bending,B-01,2026-03-28 10:30:55,2026-03-28 10:39:33,completed,8.633333333333333,9.89,84.23,26.12,,6.98,11,39,09:51,Q-3009,stainless_steel_304,2.0,MB-2224,2.81,250,6.8,6606.0,2026-04-03 17:00,open,1.0986214209968186,1.5714285714285714,1.625,0.9422799422799424,0.9762237762237762,1.0,0.2,0.7,1.5880787528719662,1.222820639711414,0.36759067558192976,0.36759067558192976,1,fail,angle_deviation,low,2026-03-28 10:39:33,Zone-A,QR_U-1221,phone_or_ipad
U-1221,welding,W-01,2026-03-28 11:19:33,2026-03-28 11:25:25,completed,5.866666666666666,0.56,,1459.83,2.98,9.88,7,36,10:43,Q-3009,stainless_steel_304,2.0,MB-2224,2.81,250,6.8,6606.0,2026-04-03 17:00,open,0.601195559350982,1.0,1.5,0.9895710116830426,1.0323928944618601,1.0,0.2,1.0,0.6141970632305835,0.6756167695536419,0.1099847154033155,0.1099847154033155,0,pass,-,-,2026-03-28 11:25:25,Zone-C,QR_U-1221,phone_or_ipad
U-1222,laser_cutting,L-01,2026-03-28 08:43:00,2026-03-28 08:52:02,completed,9.033333333333333,18.3,,293.7,12.76,16.78,7,33,08:10,Q-3003,aluminum_5754,4.0,MB-2214,1.35,180,22.1,4341.0,2026-04-10 08:00,accepted,1.3300613496932516,1.0,1.434782608695652,0.9337742027787493,0.9288679767506229,0.55,1.0,0.55,1.1536326412921383,0.5234608109863078,0.07436963473215076,0.07436963473215076,0,pass,-,-,2026-03-28 08:52:02,Zone-A,QR_U-1222,phone_or_ipad
U-1222,bending,B-01,2026-03-28 09:04:02,2026-03-28 09:13:44,completed,9.7,10.82,77.05,25.79,,6.93,8,8,08:56,Q-3003,aluminum_5754,4.0,MB-2214,1.35,180,22.1,4341.0,2026-04-10 08:00,accepted,1.234358430540827,1.1428571428571428,0.3333333333333333,0.9303751803751804,0.9692307692307691,0.55,1.0,0.7,1.272092064881036,0.7346331674687983,0.12742635208784803,0.12742635208784803,0,pass,-,-,2026-03-28 09:13:44,Zone-A,QR_U-1222,phone_or_ipad
U-1222,welding,W-02,2026-03-28 09:28:44,2026-03-28 09:39:34,completed,10.833333333333334,0.59,,1490.15,3.38,10.8,11,12,09:16,Q-3003,aluminum_5754,4.0,MB-2214,1.35,180,22.1,4341.0,2026-04-10 08:00,accepted,1.1101622544833476,1.5714285714285714,0.5,1.0101239480346933,1.1285266457680252,0.55,1.0,1.0,1.9886922788414452,1.6406711300441923,0.6546978861799134,0.6546978861799134,1,fail,burn_through,medium,2026-03-28 09:39:34,Zone-D,QR_U-1222,phone_or_ipad
U-1223,laser_cutting,L-03,2026-03-28 09:11:00,2026-03-28 09:15:18,completed,4.3,21.38,,323.88,13.59,19.27,7,23,08:48,Q-3015,aluminum_5754,1.5,MB-2223,1.21,40,22.2,852.0,2026-04-08 14:00,accepted,0.6331288343558282,1.0,1.0,1.0297268940959527,1.0667035704400776,0.55,0.0,0.55,0.6954371667819969,0.21036974295155406,0.03206722386695064,0.03206722386695064,0,pass,-,-,2026-03-28 09:15:18,Zone-A,QR_U-1223,phone_or_ipad
U-1223,bending,B-02,2026-03-28 09:41:18,2026-03-28 09:49:28,completed,8.166666666666666,10.65,84.74,26.97,,6.32,11,15,09:26,Q-3015,aluminum_5754,1.5,MB-2223,1.21,40,22.2,852.0,2026-04-08 14:00,accepted,1.039236479321315,1.5714285714285714,0.625,0.9729437229437229,0.8839160839160839,0.55,0.0,0.7,1.40445485938593,0.5407151208635831,0.07780107894039899,0.07780107894039899,0,pass,-,-,2026-03-28 09:49:28,Zone-A,QR_U-1223,phone_or_ipad
U-1223,welding,W-02,2026-03-28 10:16:28,2026-03-28 10:24:53,completed,8.416666666666666,0.5,,1529.87,3.41,9.13,8,18,09:58,Q-3015,aluminum_5754,1.5,MB-2223,1.21,40,22.2,852.0,2026-04-08 14:00,accepted,0.8625106746370623,1.1428571428571428,0.75,1.0370488369491904,0.9540229885057472,0.55,0.0,1.0,0.9752466658135441,0.5363856661974493,0.07692667503182826,0.07692667503182826,0,pass,-,-,2026-03-28 10:24:53,Zone-D,QR_U-1223,phone_or_ipad
U-1224,laser_cutting,L-01,2026-03-28 11:08:00,2026-03-28 11:14:07,completed,6.116666666666666,19.78,,311.19,12.57,16.38,9,15,10:53,Q-3015,stainless_steel_304,1.5,MB-2218,2.46,40,22.2,852.0,2026-04-08 14:00,accepted,0.9006134969325154,1.2857142857142858,0.6521739130434783,0.9893809811464725,0.906725712704124,1.0,0.0,0.55,1.0387772024201238,0.5713274613310682,0.0842475121387023,0.0842475121387023,0,pass,-,-,2026-03-28 11:14:07,Zone-A,QR_U-1224,phone_or_ipad
U-1224,bending,B-02,2026-03-28 11:56:07,2026-03-28 12:03:36,completed,7.483333333333333,11.23,84.16,28.52,,7.32,9,33,11:23,Q-3015,stainless_steel_304,1.5,MB-2218,2.46,40,22.2,852.0,2026-04-08 14:00,accepted,0.9522799575821845,1.2857142857142858,1.375,1.028860028860029,1.0237762237762238,1.0,0.0,0.7,1.2896457992435186,0.902752059470463,0.19027707084105594,0.19027707084105594,1,fail,angle_deviation,high,2026-03-28 12:03:36,Zone-B,QR_U-1224,phone_or_ipad
U-1224,welding,W-02,2026-03-28 12:37:36,2026-03-28 12:45:34,completed,7.966666666666667,0.59,,1437.58,3.14,10.8,7,23,12:14,Q-3015,stainless_steel_304,1.5,MB-2218,2.46,40,22.2,852.0,2026-04-08 14:00,accepted,0.8163962425277541,1.0,0.9583333333333334,0.9744884643933256,1.1285266457680252,1.0,0.0,1.0,0.8978204998691122,0.8978204998691122,0.1881364402634992,0.1881364402634992,0,pass,-,-,2026-03-28 12:45:34,Zone-C,QR_U-1224,phone_or_ipad
U-1225,laser_cutting,L-02,2026-03-28 10:43:00,2026-03-28 10:49:28,completed,6.466666666666667,21.17,,305.95,15.39,20.55,6,8,10:35,Q-3006,aluminum_5754,2.5,MB-2202,1.84,120,30.5,2836.0,2026-04-10 17:00,accepted,0.9521472392638037,0.8571428571428571,0.34782608695652173,0.9727212030648905,1.1375588153888736,0.55,0.4,0.55,0.9030661542463995,0.327813013991443,0.04414954728198553,0.04414954728198553,0,pass,-,-,2026-03-28 10:49:28,Zone-A,QR_U-1225,phone_or_ipad
U-1225,bending,B-01,2026-03-28 11:23:28,2026-03-28 11:30:21,completed,6.883333333333334,10.37,84.13,28.07,,6.8,9,30,10:53,Q-3006,aluminum_5754,2.5,MB-2202,1.84,120,30.5,2836.0,2026-04-10 17:00,accepted,0.8759278897136797,1.2857142857142858,1.25,1.0126262626262628,0.9510489510489509,0.55,0.4,0.7,1.0845882161798486,0.50107975587509,0.0701260207316727,0.0701260207316727,0,pass,-,-,2026-03-28 11:30:21,Zone-B,QR_U-1225,phone_or_ipad
U-1225,welding,W-01,2026-03-28 12:10:21,2026-03-28 12:20:56,completed,10.583333333333334,0.62,,1412.2,2.76,9.93,2,30,11:40,Q-3006,aluminum_5754,2.5,MB-2202,1.84,120,30.5,2836.0,2026-04-10 17:00,accepted,1.0845431255337319,0.2857142857142857,1.25,0.9572841924736394,1.0376175548589341,0.55,0.4,1.0,0.30779175345528875,0.2031425572804906,0.03143852996040058,0.03143852996040058,0,pass,-,-,2026-03-28 12:20:56,Zone-C,QR_U-1225,phone_or_ipad
U-1226,laser_cutting,L-01,2026-03-28 09:42:00,2026-03-28 09:47:27,completed,5.45,20.81,,317.54,11.85,18.48,3,33,09:09,Q-3019,galvanized_steel,2.0,MB-2206,2.56,120,29.6,2459.0,2026-04-05 14:00,accepted,0.8024539877300615,0.42857142857142855,1.434782608695652,1.0095698343560233,1.0229725989482426,0.75,0.2,0.55,0.3551760890456723,0.16116115040447387,0.02801594902275544,0.02801594902275544,0,pass,-,-,2026-03-28 09:47:27,Zone-A,QR_U-1226,phone_or_ipad
U-1226,bending,B-01,2026-03-28 10:23:27,2026-03-28 10:31:13,completed,7.766666666666667,10.92,70.72,27.69,,6.59,2,34,09:49,Q-3019,galvanized_steel,2.0,MB-2206,2.56,120,29.6,2459.0,2026-04-05 14:00,accepted,0.9883351007423118,0.2857142857142857,1.4166666666666667,0.998917748917749,0.9216783216783216,0.75,0.2,0.7,0.2599831957532581,0.15014029554750657,0.02717916365662605,0.02717916365662605,0,pass,-,-,2026-03-28 10:31:13,Zone-A,QR_U-1226,phone_or_ipad
U-1226,welding,W-01,2026-03-28 11:08:13,2026-03-28 11:17:12,completed,8.983333333333333,0.61,,1386.56,2.99,8.13,9,29,10:39,Q-3019,galvanized_steel,2.0,MB-2206,2.56,120,29.6,2459.0,2026-04-05 14:00,accepted,0.9205807002561912,1.2857142857142858,1.2083333333333333,0.9399036750575338,0.8495297805642634,0.75,0.2,1.0,0.9450793865695267,0.7796904939198597,0.14228773418944798,0.14228773418944798,0,pass,-,-,2026-03-28 11:17:12,Zone-D,QR_U-1226,phone_or_ipad
U-1227,laser_cutting,L-03,2026-03-28 10:32:00,2026-03-28 10:38:09,completed,6.15,22.41,,335.4,13.47,18.22,10,9,10:23,Q-3014,galvanized_steel,2.0,MB-2220,1.74,80,26.1,1499.0,2026-04-08 17:00,accepted,0.9055214723926381,1.4285714285714286,0.391304347826087,1.0663529710997361,1.0085801273180184,0.75,0.2,0.55,1.3912721867379434,0.6312897547323418,0.09829432225781519,0.09829432225781519,0,pass,-,-,2026-03-28 10:38:09,Zone-A,QR_U-1227,phone_or_ipad
U-1227,bending,B-01,2026-03-28 11:00:09,2026-03-28 11:08:36,completed,8.45,9.58,74.8,26.89,,7.29,11,18,10:42,Q-3014,galvanized_steel,2.0,MB-2220,1.74,80,26.1,1499.0,2026-04-08 17:00,accepted,1.0752916224814422,1.5714285714285714,0.75,0.9700577200577201,1.0195804195804195,0.75,0.2,0.7,1.671244419873415,0.9651436524768972,0.21897118611103797,0.21897118611103797,0,pass,-,-,2026-03-28 11:08:36,Zone-B,QR_U-1227,phone_or_ipad
U-1227,welding,W-01,2026-03-28 11:24:36,2026-03-28 11:34:26,completed,9.833333333333334,0.55,,1501.26,3.24,8.48,11,8,11:16,Q-3014,galvanized_steel,2.0,MB-2220,1.74,80,26.1,1499.0,2026-04-08 17:00,accepted,1.0076857386848848,1.5714285714285714,0.3333333333333333,1.017655053670143,0.8861024033437827,0.75,0.2,1.0,1.4279212788874145,1.178035055082117,0.3386560565210755,0.3386560565210755,0,pass,-,-,2026-03-28 11:34:26,Zone-C,QR_U-1227,phone_or_ipad
U-1228,laser_cutting,L-02,2026-03-28 08:30:00,2026-03-28 08:36:33,completed,6.55,19.7,,315.49,13.91,16.52,6,11,08:19,Q-3002,stainless_steel_304,3.0,MB-2214,2.22,180,31.2,4738.0,2026-04-07 09:00,accepted,0.9644171779141105,0.8571428571428571,0.4782608695652174,1.0030521730836488,0.9144755051203987,1.0,0.6,0.55,0.7582523201934034,0.5421504089382835,0.07809296172725061,0.07809296172725061,0,pass,-,-,2026-03-28 08:36:33,Zone-B,QR_U-1228,phone_or_ipad
U-1228,bending,B-01,2026-03-28 09:10:33,2026-03-28 09:20:39,completed,10.1,10.59,72.41,26.11,,7.43,11,26,08:44,Q-3002,stainless_steel_304,3.0,MB-2214,2.22,180,31.2,4738.0,2026-04-07 09:00,accepted,1.2852598091198302,1.5714285714285714,1.0833333333333333,0.9419191919191919,1.0391608391608391,1.0,0.6,0.7,1.9768876581177746,1.7989677688871746,0.7479407216046008,0.7479407216046008,1,fail,angle_deviation,low,2026-03-28 09:20:39,Zone-B,QR_U-1228,phone_or_ipad
U-1228,welding,W-01,2026-03-28 09:36:39,2026-03-28 09:47:27,completed,10.8,0.56,,1551.62,3.19,8.9,6,11,09:25,Q-3002,stainless_steel_304,3.0,MB-2214,2.22,180,31.2,4738.0,2026-04-07 09:00,accepted,1.1067463706233989,0.8571428571428571,0.4583333333333333,1.0517924505919474,0.9299895506792059,1.0,0.6,1.0,0.9279176487542662,1.206292943380546,0.3567880342921567,0.3567880342921567,0,pass,-,-,2026-03-28 09:47:27,Zone-D,QR_U-1228,phone_or_ipad
U-1229,laser_cutting,L-03,2026-03-28 10:15:00,2026-03-28 10:24:09,completed,9.15,19.97,,322.95,15.09,18.76,8,36,09:39,Q-3012,stainless_steel_304,2.0,MB-2209,2.28,120,21.8,2491.0,2026-04-02 16:00,open,1.3472392638036812,1.1428571428571428,1.565217391304348,1.026770101421168,1.0384721837807918,1.0,0.2,0.55,1.6417414394827063,0.9932535708870375,0.2328774885598728,0.2328774885598728,0,pass,-,-,2026-03-28 10:24:09,Zone-B,QR_U-1229,phone_or_ipad
U-1229,bending,B-01,2026-03-28 10:46:09,2026-03-28 10:52:27,completed,6.3,9.37,70.31,27.29,,7.5,2,12,10:34,Q-3012,stainless_steel_304,2.0,MB-2209,2.28,120,21.8,2491.0,2026-04-02 16:00,open,0.8016967126193001,0.2857142857142857,0.5,0.9844877344877345,1.048951048951049,1.0,0.2,0.7,0.23654163247337834,0.18213705700450133,0.029678244379602207,0.029678244379602207,0,pass,-,-,2026-03-28 10:52:27,Zone-B,QR_U-1229,phone_or_ipad
U-1229,welding,W-02,2026-03-28 11:22:27,2026-03-28 11:31:02,completed,8.583333333333334,0.52,,1565.6,3.4,9.61,3,26,10:56,Q-3012,stainless_steel_304,2.0,MB-2209,2.28,120,21.8,2491.0,2026-04-02 16:00,open,0.8795900939368062,0.42857142857142855,1.0833333333333333,1.0612690353609473,1.0041797283176592,1.0,0.2,1.0,0.40173575594073,0.44190933153480305,0.0599636662546514,0.0599636662546514,0,pass,-,-,2026-03-28 11:31:02,Zone-C,QR_U-1229,phone_or_ipad
U-1230,laser_cutting,L-03,2026-03-28 08:25:00,2026-03-28 08:31:34,completed,6.566666666666666,23.15,,342.94,15.23,16.99,4,12,08:13,Q-3000,galvanized_steel,2.0,MB-2222,1.55,120,30.7,3038.0,2026-04-06 14:00,accepted,0.9668711656441719,0.5714285714285714,0.5217391304347826,1.0903252471942264,0.9404926653750346,0.75,0.2,0.55,0.5665549542599126,0.25707431049543544,0.03643268061814948,0.03643268061814948,0,pass,-,-,2026-03-28 08:31:34,Zone-A,QR_U-1230,phone_or_ipad
U-1230,bending,B-02,2026-03-28 08:58:34,2026-03-28 09:06:33,completed,7.983333333333333,10.49,88.76,28.9,,7.56,5,25,08:33,Q-3000,galvanized_steel,2.0,MB-2222,1.55,120,30.7,3038.0,2026-04-06 14:00,accepted,1.0159066808059385,0.7142857142857143,1.0416666666666667,1.0425685425685425,1.0573426573426572,0.75,0.2,0.7,0.7999192555251552,0.4619533700657771,0.06324151783315649,0.06324151783315649,0,pass,-,-,2026-03-28 09:06:33,Zone-B,QR_U-1230,phone_or_ipad
U-1230,welding,W-02,2026-03-28 09:49:33,2026-03-28 10:00:36,completed,11.05,0.57,,1458.69,3.17,8.78,11,36,09:13,Q-3000,galvanized_steel,2.0,MB-2222,1.55,120,30.7,3038.0,2026-04-06 14:00,accepted,1.1323654995730146,1.5714285714285714,1.5,0.9887982429679741,0.9174503657262277,0.75,0.2,1.0,1.6142527625247232,1.3317585290828966,0.44168566311116314,0.44168566311116314,1,fail,surface_porosity,low,2026-03-28 10:00:36,Zone-C,QR_U-1230,phone_or_ipad
U-1231,laser_cutting,L-01,2026-03-28 09:10:00,2026-03-28 09:17:31,completed,7.516666666666667,18.31,,301.13,13.47,16.31,10,13,08:57,Q-3008,aluminum_5754,2.5,MB-2223,1.43,120,10.7,3066.0,2026-04-07 13:00,accepted,1.1067484662576688,1.4285714285714286,0.5652173913043478,0.9573967507074048,0.9028508164959868,0.55,0.4,0.55,1.366654806580684,0.4960956947887884,0.06921197254678679,0.06921197254678679,0,pass,-,-,2026-03-28 09:17:31,Zone-B,QR_U-1231,phone_or_ipad
U-1231,bending,B-02,2026-03-28 09:45:31,2026-03-28 09:53:06,completed,7.583333333333333,11.29,90.01,27.85,,6.41,3,19,09:26,Q-3008,aluminum_5754,2.5,MB-2223,1.43,120,10.7,3066.0,2026-04-07 13:00,accepted,0.9650053022269353,0.42857142857142855,0.7916666666666666,1.0046897546897549,0.8965034965034965,0.55,0.4,0.7,0.3725090905752238,0.1720991998457534,0.02887116242143273,0.02887116242143273,0,pass,-,-,2026-03-28 09:53:06,Zone-B,QR_U-1231,phone_or_ipad
U-1231,welding,W-02,2026-03-28 10:29:06,2026-03-28 10:40:43,completed,11.616666666666667,0.54,,1418.2,3.1,10.88,4,33,09:56,Q-3008,aluminum_5754,2.5,MB-2223,1.43,120,10.7,3066.0,2026-04-07 13:00,accepted,1.1904355251921437,0.5714285714285714,1.375,0.9613513962371586,1.1368861024033439,0.55,0.4,1.0,0.7434759919091658,0.49069415466004945,0.06823382213029351,0.06823382213029351,0,pass,-,-,2026-03-28 10:40:43,Zone-C,QR_U-1231,phone_or_ipad
U-1232,laser_cutting,L-03,2026-03-28 08:43:00,2026-03-28 08:52:46,completed,9.766666666666667,20.41,,306.26,12.65,16.85,8,19,08:24,Q-3002,stainless_steel_304,4.0,MB-2204,1.29,180,31.2,4738.0,2026-04-07 09:00,accepted,1.4380368098159513,1.1428571428571428,0.8260869565217391,0.9737068006231521,0.9327428729587602,1.0,1.0,0.55,1.4926297467590535,1.2314195410762192,0.3732648163133823,0.3732648163133823,0,pass,-,-,2026-03-28 08:52:46,Zone-B,QR_U-1232,phone_or_ipad
U-1232,bending,B-02,2026-03-28 09:15:46,2026-03-28 09:25:25,completed,9.65,11.75,81.11,29.18,,7.58,3,20,08:55,Q-3002,stainless_steel_304,4.0,MB-2204,1.29,180,31.2,4738.0,2026-04-07 09:00,accepted,1.2279957582184517,0.42857142857142855,0.8333333333333334,1.0526695526695526,1.0601398601398602,1.0,1.0,0.7,0.587320698747342,0.6166867336847092,0.09469235093693142,0.09469235093693142,0,pass,-,-,2026-03-28 09:25:25,Zone-A,QR_U-1232,phone_or_ipad
U-1232,welding,W-02,2026-03-28 10:12:25,2026-03-28 10:25:02,completed,12.616666666666667,0.5,,1470.58,3.22,10.92,6,37,09:35,Q-3002,stainless_steel_304,4.0,MB-2204,1.29,180,31.2,4738.0,2026-04-07 09:00,accepted,1.2929120409906065,0.8571428571428571,1.5416666666666667,0.9968580850926813,1.141065830721003,1.0,1.0,1.0,1.2605678503732032,1.8908517755598049,0.7937448544823905,0.7937448544823905,1,fail,surface_porosity,medium,2026-03-28 10:25:02,Zone-D,QR_U-1232,phone_or_ipad
U-1233,laser_cutting,L-02,2026-03-28 08:59:00,2026-03-28 09:05:08,completed,6.133333333333334,22.32,,323.31,13.3,20.3,2,17,08:42,Q-3008,stainless_steel_304,2.5,MB-2212,2.63,120,10.7,3066.0,2026-04-07 13:00,accepted,0.9030674846625768,0.2857142857142857,0.7391304347826086,1.0279146663275365,1.123719900359812,1.0,0.4,0.55,0.29803501857600034,0.19670311226016024,0.030888421420541472,0.030888421420541472,0,pass,-,-,2026-03-28 09:05:08,Zone-B,QR_U-1233,phone_or_ipad
U-1233,bending,B-01,2026-03-28 09:23:08,2026-03-28 09:29:34,completed,6.433333333333334,9.06,80.24,26.62,,7.09,5,15,09:08,Q-3008,stainless_steel_304,2.5,MB-2212,2.63,120,10.7,3066.0,2026-04-07 13:00,accepted,0.8186638388123012,0.7142857142857143,0.625,0.9603174603174603,0.9916083916083915,1.0,0.4,0.7,0.5568427768094486,0.4677479325199368,0.0642198277182804,0.0642198277182804,0,pass,-,-,2026-03-28 09:29:34,Zone-B,QR_U-1233,phone_or_ipad
U-1233,welding,W-02,2026-03-28 10:00:34,2026-03-28 10:10:19,completed,9.75,0.6,,1564.54,3.43,9.52,10,22,09:38,Q-3008,stainless_steel_304,2.5,MB-2212,2.63,120,10.7,3066.0,2026-04-07 13:00,accepted,0.9991460290350128,1.4285714285714286,0.9166666666666666,1.060550496029392,0.9947753396029257,1.0,0.4,1.0,1.5058693319858694,1.807043198383043,0.7522240137527691,0.7522240137527691,1,fail,surface_porosity,medium,2026-03-28 10:10:19,Zone-C,QR_U-1233,phone_or_ipad
U-1234,laser_cutting,L-02,2026-03-28 11:13:00,2026-03-28 11:18:18,completed,5.3,19.74,,324.75,14.69,16.85,4,39,10:34,Q-3005,stainless_steel_304,1.5,MB-2206,1.66,40,7.2,963.0,2026-04-06 16:00,accepted,0.7803680981595092,0.5714285714285714,1.6956521739130435,1.0324929259530093,0.9327428729587602,1.0,0.0,0.55,0.42944789895745633,0.236196344426601,0.034414687623786404,0.034414687623786404,0,pass,-,-,2026-03-28 11:18:18,Zone-A,QR_U-1234,phone_or_ipad
U-1234,bending,B-01,2026-03-28 12:05:18,2026-03-28 12:13:40,completed,8.366666666666667,9.42,73.89,27.85,,7.75,11,39,11:26,Q-3005,stainless_steel_304,1.5,MB-2206,1.66,40,7.2,963.0,2026-04-06 16:00,accepted,1.0646871686108166,1.5714285714285714,1.625,1.0046897546897549,1.083916083916084,1.0,0.0,0.7,1.821982911969278,1.2753880383784946,0.40279667377884726,0.40279667377884726,1,fail,angle_deviation,low,2026-03-28 12:13:40,Zone-B,QR_U-1234,phone_or_ipad
U-1234,welding,W-01,2026-03-28 12:46:40,2026-03-28 12:56:26,completed,9.766666666666667,0.64,,1503.66,2.97,9.2,7,22,12:24,Q-3005,stainless_steel_304,1.5,MB-2206,1.66,40,7.2,963.0,2026-04-06 16:00,accepted,1.0008539709649873,1.0,0.9166666666666666,1.0192819351755507,0.9613375130616509,1.0,0.0,1.0,0.9807107445820903,0.9807107445820903,0.2265974958333581,0.2265974958333581,0,pass,-,-,2026-03-28 12:56:26,Zone-C,QR_U-1234,phone_or_ipad
U-1235,laser_cutting,L-02,2026-03-28 11:04:00,2026-03-28 11:08:48,completed,4.8,21.28,,331.45,14.84,18.23,2,24,10:40,Q-3019,galvanized_steel,2.5,MB-2207,2.66,120,29.6,2459.0,2026-04-05 14:00,accepted,0.7067484662576687,0.2857142857142857,1.0434782608695652,1.053794550599307,1.009133683919181,0.75,0.4,0.55,0.2147343299973974,0.10629349334871172,0.024084319935277775,0.024084319935277775,0,pass,-,-,2026-03-28 11:08:48,Zone-A,QR_U-1235,phone_or_ipad
U-1235,bending,B-02,2026-03-28 11:32:48,2026-03-28 11:40:58,completed,8.166666666666666,11.26,75.14,27.39,,6.74,10,15,11:17,Q-3019,galvanized_steel,2.5,MB-2207,2.66,120,29.6,2459.0,2026-04-05 14:00,accepted,1.039236479321315,1.4285714285714286,0.625,0.9880952380952381,0.9426573426573427,0.75,0.4,0.7,1.382830672332263,0.8711833235693255,0.17689381585711095,0.17689381585711095,0,pass,-,-,2026-03-28 11:40:58,Zone-A,QR_U-1235,phone_or_ipad
U-1235,welding,W-01,2026-03-28 12:12:58,2026-03-28 12:24:01,completed,11.05,0.61,,1401.89,2.93,8.32,4,21,11:51,Q-3019,galvanized_steel,2.5,MB-2207,2.66,120,29.6,2459.0,2026-04-05 14:00,accepted,1.1323654995730146,0.5714285714285714,0.875,0.9502953806733255,0.8693834900731453,0.75,0.4,1.0,0.534587238270644,0.4811285144435796,0.06653298358556796,0.06653298358556796,0,pass,-,-,2026-03-28 12:24:01,Zone-C,QR_U-1235,phone_or_ipad
U-1236,laser_cutting,L-01,2026-03-28 10:51:00,2026-03-28 10:57:16,completed,6.266666666666667,18.2,,303.26,13.92,19.27,8,34,10:17,Q-3004,aluminum_5754,2.0,MB-2214,1.96,60,7.2,1664.0,2026-04-04 14:00,open,0.9226993865030676,1.1428571428571428,1.4782608695652173,0.9641687597367501,1.0667035704400776,0.55,0.2,0.55,1.0845485131015116,0.3608835177345281,0.04827121075556152,0.04827121075556152,0,pass,-,-,2026-03-28 10:57:16,Zone-B,QR_U-1236,phone_or_ipad
U-1236,bending,B-01,2026-03-28 11:30:16,2026-03-28 11:37:03,completed,6.783333333333333,9.22,85.27,26.26,,7.43,2,26,11:04,Q-3004,aluminum_5754,2.0,MB-2214,1.96,60,7.2,1664.0,2026-04-04 14:00,open,0.8632025450689289,0.2857142857142857,1.0833333333333333,0.9473304473304475,1.0391608391608391,0.55,0.2,0.7,0.24278896043780152,0.10282112474540897,0.02385446305882756,0.02385446305882756,0,pass,-,-,2026-03-28 11:37:03,Zone-A,QR_U-1236,phone_or_ipad
U-1236,welding,W-02,2026-03-28 11:59:03,2026-03-28 12:07:46,completed,8.716666666666667,0.6,,1402.18,3.14,8.79,5,12,11:47,Q-3004,aluminum_5754,2.0,MB-2214,1.96,60,7.2,1664.0,2026-04-04 14:00,open,0.8932536293766012,0.7142857142857143,0.5,0.9504919621885622,0.9184952978056425,0.55,0.2,1.0,0.5570217324474666,0.3369981481307173,0.0452594053064204,0.0452594053064204,0,pass,-,-,2026-03-28 12:07:46,Zone-D,QR_U-1236,phone_or_ipad
U-1237,laser_cutting,L-02,2026-03-28 09:56:00,2026-03-28 10:03:04,completed,7.066666666666666,21.78,,303.05,13.27,17.47,5,18,09:38,Q-3012,stainless_steel_304,3.0,MB-2204,1.21,120,21.8,2491.0,2026-04-02 16:00,open,1.0404907975460123,0.7142857142857143,0.782608695652174,0.9635010968747021,0.9670633822308332,1.0,0.6,0.55,0.6924961453450469,0.4951347439217086,0.06903701245066181,0.06903701245066181,0,pass,-,-,2026-03-28 10:03:04,Zone-A,QR_U-1237,phone_or_ipad
U-1237,bending,B-01,2026-03-28 10:38:04,2026-03-28 10:48:05,completed,10.016666666666667,10.93,75.53,26.84,,6.31,11,24,10:14,Q-3012,stainless_steel_304,3.0,MB-2204,1.21,120,21.8,2491.0,2026-04-02 16:00,open,1.2746553552492048,1.5714285714285714,1.0,0.9682539682539683,0.8825174825174824,1.0,0.6,0.7,1.7115911138634967,1.5575479136157822,0.5997814171302149,0.5997814171302149,0,pass,-,-,2026-03-28 10:48:05,Zone-A,QR_U-1237,phone_or_ipad
U-1237,welding,W-01,2026-03-28 11:32:05,2026-03-28 11:42:39,completed,10.566666666666666,0.63,,1493.67,2.73,9.5,4,33,10:59,Q-3012,stainless_steel_304,3.0,MB-2204,1.21,120,21.8,2491.0,2026-04-02 16:00,open,1.0828351836037575,0.5714285714285714,1.375,1.012510040909291,0.9926854754440961,1.0,0.6,1.0,0.6219211352418135,0.8084974758143575,0.1525283210333322,0.1525283210333322,0,pass,-,-,2026-03-28 11:42:39,Zone-D,QR_U-1237,phone_or_ipad
U-1238,laser_cutting,L-01,2026-03-28 10:55:00,2026-03-28 11:00:52,completed,5.866666666666666,18.54,,289.51,13.89,15.89,7,30,10:25,Q-3004,stainless_steel_304,2.0,MB-2204,1.72,60,7.2,1664.0,2026-04-04 14:00,open,0.8638036809815951,1.0,1.3043478260869565,0.920452739007408,0.8796014392471632,1.0,0.2,0.55,0.6993627165753329,0.4231144435280765,0.05703519465887761,0.05703519465887761,0,pass,-,-,2026-03-28 11:00:52,Zone-A,QR_U-1238,phone_or_ipad
U-1238,bending,B-01,2026-03-28 11:35:52,2026-03-28 11:43:42,completed,7.833333333333333,10.87,83.08,28.43,,6.65,9,33,11:02,Q-3004,stainless_steel_304,2.0,MB-2204,1.72,60,7.2,1664.0,2026-04-04 14:00,open,0.9968186638388122,1.2857142857142858,1.375,1.0256132756132756,0.9300699300699301,1.0,0.2,0.7,1.2225309636858854,0.9413488420381317,0.207674548128885,0.207674548128885,0,pass,-,-,2026-03-28 11:43:42,Zone-B,QR_U-1238,phone_or_ipad
U-1238,welding,W-01,2026-03-28 12:06:42,2026-03-28 12:16:22,completed,9.666666666666666,0.65,,1411.98,3.04,8.95,6,16,11:50,Q-3004,stainless_steel_304,2.0,MB-2204,1.72,60,7.2,1664.0,2026-04-04 14:00,open,0.9906063193851409,0.8571428571428571,0.6666666666666666,0.957135061668977,0.9352142110762799,1.0,0.2,1.0,0.7600438122095526,0.836048193430508,0.16288029713034372,0.16288029713034372,0,pass,-,-,2026-03-28 12:16:22,Zone-C,QR_U-1238,phone_or_ipad
U-1239,laser_cutting,L-02,2026-03-28 10:16:00,2026-03-28 10:23:08,completed,7.133333333333334,18.96,,296.5,14.28,17.74,9,16,10:00,Q-3005,aluminum_5754,2.5,MB-2223,3.37,40,7.2,963.0,2026-04-06 16:00,accepted,1.0503067484662578,1.2857142857142858,0.6956521739130435,0.9426763742727244,0.9820094104622198,0.55,0.4,0.55,1.2500831396257894,0.4537801796841616,0.06188522888561501,0.06188522888561501,0,pass,-,-,2026-03-28 10:23:08,Zone-B,QR_U-1239,phone_or_ipad
U-1239,bending,B-01,2026-03-28 11:04:08,2026-03-28 11:11:04,completed,6.933333333333334,10.43,82.96,27.99,,6.52,6,36,10:28,Q-3005,aluminum_5754,2.5,MB-2223,3.37,40,7.2,963.0,2026-04-06 16:00,accepted,0.8822905620360552,0.8571428571428571,1.5,1.0097402597402598,0.9118881118881118,0.55,0.4,0.7,0.6963315457730905,0.32170517414716787,0.04342594559519243,0.04342594559519243,0,pass,-,-,2026-03-28 11:11:04,Zone-A,QR_U-1239,phone_or_ipad
U-1239,welding,W-01,2026-03-28 11:29:04,2026-03-28 11:39:24,completed,10.333333333333334,0.6,,1539.6,2.83,9.47,4,8,11:21,Q-3005,aluminum_5754,2.5,MB-2223,3.37,40,7.2,963.0,2026-04-06 16:00,accepted,1.0589239965841162,0.5714285714285714,0.3333333333333333,1.0436444857190306,0.9895506792058516,0.55,0.4,1.0,0.6249098431225855,0.4124404964609064,0.05543241559822708,0.05543241559822708,0,pass,-,-,2026-03-28 11:39:24,Zone-C,QR_U-1239,phone_or_ipad
U-1240,laser_cutting,L-03,2026-03-28 10:03:00,2026-03-28 10:09:00,completed,6.0,22.56,,314.53,14.85,19.88,6,9,09:54,Q-3006,aluminum_5754,1.5,MB-2204,2.21,120,30.5,2836.0,2026-04-10 17:00,accepted,0.883435582822086,0.8571428571428571,0.391304347826087,1.0,1.1004705231109881,0.55,0.0,0.55,0.8333098439683557,0.25207622780042765,0.03593945454261791,0.03593945454261791,0,pass,-,-,2026-03-28 10:09:00,Zone-B,QR_U-1240,phone_or_ipad
U-1240,bending,B-02,2026-03-28 10:26:00,2026-03-28 10:33:37,completed,7.616666666666666,10.19,82.77,28.59,,6.46,7,8,10:18,Q-3006,aluminum_5754,1.5,MB-2204,2.21,120,30.5,2836.0,2026-04-10 17:00,accepted,0.9692470837751855,1.0,0.3333333333333333,1.0313852813852815,0.9034965034965035,0.55,0.0,0.7,0.9031957983852326,0.34773038237831455,0.04658987218795624,0.04658987218795624,0,pass,-,-,2026-03-28 10:33:37,Zone-B,QR_U-1240,phone_or_ipad
U-1240,welding,W-01,2026-03-28 11:05:37,2026-03-28 11:15:41,completed,10.066666666666666,0.65,,1521.62,2.75,9.11,10,21,10:44,Q-3006,aluminum_5754,1.5,MB-2204,2.21,120,30.5,2836.0,2026-04-10 17:00,accepted,1.031596925704526,1.4285714285714286,0.875,1.0314564317743513,0.9519331243469173,0.55,0.0,1.0,1.4470026507525084,0.7958514579138797,0.14796026149920194,0.14796026149920194,0,pass,-,-,2026-03-28 11:15:41,Zone-D,QR_U-1240,phone_or_ipad
U-1241,laser_cutting,L-01,2026-03-28 08:43:00,2026-03-28 08:49:55,completed,6.916666666666667,19.28,,314.76,13.79,16.94,6,29,08:14,Q-3018,stainless_steel_304,2.5,MB-2213,1.13,60,6.7,1145.0,2026-04-08 08:00,accepted,1.0184049079754602,0.8571428571428571,1.2608695652173914,1.0007312498012908,0.9377248823692225,1.0,0.4,0.55,0.8191559606740648,0.5406429340448828,0.07778642531238587,0.07778642531238587,0,pass,-,-,2026-03-28 08:49:55,Zone-B,QR_U-1241,phone_or_ipad
U-1241,bending,B-02,2026-03-28 09:29:55,2026-03-28 09:38:02,completed,8.116666666666667,10.54,81.2,27.03,,7.09,6,35,08:54,Q-3018,stainless_steel_304,2.5,MB-2213,1.13,60,6.7,1145.0,2026-04-08 08:00,accepted,1.0328738069989396,0.8571428571428571,1.4583333333333333,0.9751082251082251,0.9916083916083915,1.0,0.4,0.7,0.8560388751186289,0.7190726550996481,0.12261059776987447,0.12261059776987447,0,pass,-,-,2026-03-28 09:38:02,Zone-A,QR_U-1241,phone_or_ipad
U-1241,welding,W-01,2026-03-28 10:04:02,2026-03-28 10:15:10,completed,11.133333333333333,0.6,,1445.64,2.92,9.29,6,24,09:40,Q-3018,stainless_steel_304,2.5,MB-2213,1.13,60,6.7,1145.0,2026-04-08 08:00,accepted,1.1409052092228864,0.8571428571428571,1.0,0.9799520747823198,0.9707419017763844,1.0,0.4,1.0,0.9302750780093699,1.116330093611244,0.30071715913224856,0.30071715913224856,0,pass,-,-,2026-03-28 10:15:10,Zone-C,QR_U-1241,phone_or_ipad
U-1242,laser_cutting,L-01,2026-03-28 10:12:00,2026-03-28 10:18:57,completed,6.95,19.35,,287.16,13.14,17.8,3,30,09:42,Q-3013,stainless_steel_304,3.0,MB-2209,1.27,40,11.2,722.0,2026-04-04 08:00,accepted,1.023312883435583,0.42857142857142855,1.3043478260869565,0.9129812736463931,0.9853307500691948,1.0,0.6,0.55,0.39452593951781695,0.2820860467552392,0.0390003030614963,0.0390003030614963,0,pass,-,-,2026-03-28 10:18:57,Zone-B,QR_U-1242,phone_or_ipad
U-1242,bending,B-01,2026-03-28 10:32:57,2026-03-28 10:41:36,completed,8.65,10.21,78.43,27.61,,8.01,7,10,10:22,Q-3013,stainless_steel_304,3.0,MB-2209,1.27,40,11.2,722.0,2026-04-04 08:00,accepted,1.1007423117709438,1.0,0.4166666666666667,0.996031746031746,1.1202797202797201,1.0,0.6,0.7,1.2282458792533022,1.117703750120505,0.30153513348775696,0.30153513348775696,0,pass,-,-,2026-03-28 10:41:36,Zone-A,QR_U-1242,phone_or_ipad
U-1242,welding,W-01,2026-03-28 11:26:36,2026-03-28 11:40:03,completed,13.45,0.6,,1435.39,2.72,8.83,11,36,10:50,Q-3013,stainless_steel_304,3.0,MB-2209,1.27,40,11.2,722.0,2026-04-04 08:00,accepted,1.3783091374893253,1.5714285714285714,1.5,0.9730039350196412,0.922675026123302,1.0,0.6,1.0,1.9444852042034748,2.5278307654645173,0.958908721799535,0.958908721799535,1,fail,surface_porosity,high,2026-03-28 11:40:03,Zone-C,QR_U-1242,phone_or_ipad
U-1243,laser_cutting,L-02,2026-03-28 08:43:00,2026-03-28 08:51:28,completed,8.466666666666667,19.98,,304.31,13.88,19.62,5,23,08:20,Q-3011,aluminum_5754,2.0,MB-2210,2.72,180,16.1,3728.0,2026-04-06 15:00,accepted,1.2466257668711658,0.7142857142857143,1.0,0.9675070740469909,1.0860780514807642,0.55,0.2,0.55,0.9356711734787102,0.3113445829750409,0.042224340267686324,0.042224340267686324,0,pass,-,-,2026-03-28 08:51:28,Zone-B,QR_U-1243,phone_or_ipad
U-1243,bending,B-01,2026-03-28 09:30:28,2026-03-28 09:36:35,completed,6.116666666666666,9.48,77.83,26.65,,7.56,6,36,08:54,Q-3011,aluminum_5754,2.0,MB-2210,2.72,180,16.1,3728.0,2026-04-06 15:00,accepted,0.7783669141039236,0.8571428571428571,1.5,0.9613997113997114,1.0573426573426572,0.55,0.2,0.7,0.6781992710846463,0.28721739130434776,0.0395481331562126,0.0395481331562126,0,pass,-,-,2026-03-28 09:36:35,Zone-A,QR_U-1243,phone_or_ipad
U-1243,welding,W-02,2026-03-28 10:15:35,2026-03-28 10:28:30,completed,12.916666666666666,0.52,,1558.66,3.15,9.0,11,29,09:46,Q-3011,aluminum_5754,2.0,MB-2210,2.72,180,16.1,3728.0,2026-04-06 15:00,accepted,1.3236549957301451,1.5714285714285714,1.2083333333333333,1.0565646363411434,0.9404388714733543,0.55,0.2,1.0,2.066788757445456,1.250407198254501,0.38591652122276754,0.38591652122276754,0,pass,-,-,2026-03-28 10:28:30,Zone-C,QR_U-1243,phone_or_ipad
U-1244,laser_cutting,L-02,2026-03-28 08:27:00,2026-03-28 08:34:13,completed,7.216666666666667,19.24,,302.4,15.24,20.59,9,11,08:16,Q-3010,stainless_steel_304,1.5,MB-2219,1.01,250,24.9,5316.0,2026-04-08 16:00,open,1.0625766871165645,1.2857142857142858,0.4782608695652174,0.9614345213493148,1.1397730417935235,1.0,0.0,0.55,1.49707254310234,0.823389898706287,0.15805540739380794,0.15805540739380794,1,fail,edge_burr,medium,2026-03-28 08:34:13,Zone-B,QR_U-1244,phone_or_ipad
U-1244,bending,B-02,2026-03-28 08:49:13,2026-03-28 08:55:34,completed,6.35,11.45,84.61,30.2,,6.76,3,12,08:37,Q-3010,stainless_steel_304,1.5,MB-2219,1.01,250,24.9,5316.0,2026-04-08 16:00,open,0.8080593849416755,0.42857142857142855,0.5,1.0894660894660895,0.9454545454545453,1.0,0.0,0.7,0.35671458315410326,0.24970020820787225,0.03570724192255955,0.03570724192255955,0,pass,-,-,2026-03-28 08:55:34,Zone-B,QR_U-1244,phone_or_ipad
U-1244,welding,W-02,2026-03-28 09:43:34,2026-03-28 09:52:22,completed,8.8,0.51,,1402.0,3.52,10.46,4,37,09:06,Q-3010,stainless_steel_304,1.5,MB-2219,1.01,250,24.9,5316.0,2026-04-08 16:00,open,0.9017933390264732,0.5714285714285714,1.5416666666666667,0.9503699460756567,1.0929989550679207,1.0,0.0,1.0,0.5352804909288829,0.5352804909288829,0.07670491449966137,0.07670491449966137,0,pass,-,-,2026-03-28 09:52:22,Zone-C,QR_U-1244,phone_or_ipad
U-1245,laser_cutting,L-03,2026-03-28 10:38:00,2026-03-28 10:45:47,completed,7.783333333333333,23.13,,326.45,12.82,16.28,6,12,10:26,Q-3001,stainless_steel_304,1.5,MB-2217,1.79,80,17.9,1707.0,2026-04-09 15:00,accepted,1.1460122699386504,0.8571428571428571,0.5217391304347826,1.0378978157886372,0.9011901466924995,1.0,0.0,0.55,0.9187841837631577,0.5053313010697368,0.07091453765102386,0.07091453765102386,0,pass,-,-,2026-03-28 10:45:47,Zone-A,QR_U-1245,phone_or_ipad
U-1245,bending,B-02,2026-03-28 11:15:47,2026-03-28 11:23:18,completed,7.516666666666667,10.15,87.73,28.54,,7.12,7,25,10:50,Q-3001,stainless_steel_304,1.5,MB-2217,1.79,80,17.9,1707.0,2026-04-09 15:00,accepted,0.9565217391304348,1.0,1.0416666666666667,1.0295815295815296,0.9958041958041958,1.0,0.0,0.7,0.9806850154676241,0.6864795108273368,0.11302971163330869,0.11302971163330869,0,pass,-,-,2026-03-28 11:23:18,Zone-B,QR_U-1245,phone_or_ipad
U-1245,welding,W-02,2026-03-28 11:43:18,2026-03-28 11:51:52,completed,8.566666666666666,0.56,,1582.68,3.25,9.83,7,17,11:26,Q-3001,stainless_steel_304,1.5,MB-2217,1.79,80,17.9,1707.0,2026-04-09 15:00,accepted,0.8778821520068318,1.0,0.7083333333333334,1.0728470087410986,1.0271682340647859,1.0,0.0,1.0,0.9674211867439881,0.9674211867439881,0.22007531345453585,0.22007531345453585,1,fail,surface_porosity,low,2026-03-28 11:51:52,Zone-D,QR_U-1245,phone_or_ipad
U-1246,laser_cutting,L-02,2026-03-28 11:21:00,2026-03-28 11:28:06,completed,7.1,21.76,,302.68,14.69,20.68,9,35,10:46,Q-3008,aluminum_5754,2.5,MB-2212,2.3,120,10.7,3066.0,2026-04-07 13:00,accepted,1.045398773006135,1.2857142857142858,1.5217391304347827,0.9623247384987125,1.1447550512039857,0.55,0.4,0.55,1.480678172725981,0.5374861766995311,0.07714808338926062,0.07714808338926062,0,pass,-,-,2026-03-28 11:28:06,Zone-B,QR_U-1246,phone_or_ipad
U-1246,bending,B-02,2026-03-28 12:03:06,2026-03-28 12:13:01,completed,9.916666666666666,10.72,77.98,28.38,,7.01,3,30,11:33,Q-3008,aluminum_5754,2.5,MB-2212,2.3,120,10.7,3066.0,2026-04-07 13:00,accepted,1.2619300106044538,0.42857142857142855,1.25,1.0238095238095237,0.9804195804195803,0.55,0.4,0.7,0.5428622279099478,0.2508023492943958,0.03581477592519301,0.03581477592519301,0,pass,-,-,2026-03-28 12:13:01,Zone-B,QR_U-1246,phone_or_ipad
U-1246,welding,W-01,2026-03-28 12:45:01,2026-03-28 12:54:52,completed,9.85,0.56,,1387.46,3.08,8.22,6,28,12:17,Q-3008,aluminum_5754,2.5,MB-2212,2.3,120,10.7,3066.0,2026-04-07 13:00,accepted,1.0093936806148591,0.8571428571428571,1.1666666666666667,0.9405137556220619,0.8589341692789969,0.55,0.4,1.0,0.6989382743188924,0.46129926105046903,0.06313195998674946,0.06313195998674946,0,pass,-,-,2026-03-28 12:54:52,Zone-D,QR_U-1246,phone_or_ipad
U-1247,laser_cutting,L-01,2026-03-28 09:15:00,2026-03-28 09:23:18,completed,8.3,20.89,,304.8,13.0,15.77,3,9,09:06,Q-3017,aluminum_5754,3.0,MB-2217,2.6,250,28.1,6304.0,2026-04-08 14:00,accepted,1.2220858895705524,0.42857142857142855,0.391304347826087,0.9690649540584365,0.8729587600332135,0.55,0.6,0.55,0.4430691984524539,0.17423696229142754,0.029041242377649924,0.029041242377649924,0,pass,-,-,2026-03-28 09:23:18,Zone-B,QR_U-1247,phone_or_ipad
U-1247,bending,B-02,2026-03-28 09:51:18,2026-03-28 09:59:42,completed,8.4,10.1,78.01,26.94,,6.48,7,26,09:25,Q-3017,aluminum_5754,3.0,MB-2217,2.6,250,28.1,6304.0,2026-04-08 14:00,accepted,1.0689289501590669,1.0,1.0833333333333333,0.971861471861472,0.9062937062937063,0.55,0.6,0.7,0.9415039987487691,0.47122275137375896,0.06481323231370854,0.06481323231370854,0,pass,-,-,2026-03-28 09:59:42,Zone-B,QR_U-1247,phone_or_ipad
U-1247,welding,W-01,2026-03-28 10:46:42,2026-03-28 10:57:56,completed,11.233333333333333,0.65,,1468.68,2.89,9.88,5,36,10:10,Q-3017,aluminum_5754,3.0,MB-2217,2.6,250,28.1,6304.0,2026-04-08 14:00,accepted,1.1511528608027326,0.7142857142857143,1.5,0.9955701372342336,1.0323928944618601,0.55,0.6,1.0,0.8451267134405686,0.6042656001100066,0.09172205390646122,0.09172205390646122,0,pass,-,-,2026-03-28 10:57:56,Zone-C,QR_U-1247,phone_or_ipad
U-1248,laser_cutting,L-02,2026-03-28 10:00:00,2026-03-28 10:10:01,completed,10.016666666666667,19.92,,332.05,12.89,17.41,6,15,09:45,Q-3008,aluminum_5754,2.5,MB-2218,3.45,120,10.7,3066.0,2026-04-07 13:00,accepted,1.4748466257668713,0.8571428571428571,0.6521739130434783,1.0557021587765874,0.9637420426238584,0.55,0.4,0.55,1.2861815758021964,0.4668839120161974,0.06407306395276387,0.06407306395276387,0,pass,-,-,2026-03-28 10:10:01,Zone-A,QR_U-1248,phone_or_ipad
U-1248,bending,B-01,2026-03-28 10:30:01,2026-03-28 10:38:49,completed,8.8,9.72,76.54,28.49,,6.96,6,9,10:21,Q-3008,aluminum_5754,2.5,MB-2218,3.45,120,10.7,3066.0,2026-04-07 13:00,accepted,1.11983032873807,0.8571428571428571,0.375,1.0277777777777777,0.9734265734265733,0.55,0.4,0.7,0.9603020521366225,0.4436595480871195,0.06024342626796992,0.06024342626796992,0,pass,-,-,2026-03-28 10:38:49,Zone-A,QR_U-1248,phone_or_ipad
U-1248,welding,W-02,2026-03-28 10:55:49,2026-03-28 11:05:45,completed,9.933333333333334,0.5,,1469.31,3.2,9.72,7,11,10:44,Q-3008,aluminum_5754,2.5,MB-2218,3.45,120,10.7,3066.0,2026-04-07 13:00,accepted,1.0179333902647312,1.0,0.4583333333333333,0.9959971936294031,1.0156739811912225,0.55,0.4,1.0,1.0297500037671752,0.6796350024863356,0.11110262013364926,0.11110262013364926,0,pass,-,-,2026-03-28 11:05:45,Zone-C,QR_U-1248,phone_or_ipad
U-1249,laser_cutting,L-03,2026-03-28 10:37:00,2026-03-28 10:43:59,completed,6.983333333333333,21.52,,331.7,13.2,17.19,9,10,10:27,Q-3015,galvanized_steel,2.5,MB-2215,1.13,40,22.2,852.0,2026-04-08 14:00,accepted,1.0282208588957056,1.2857142857142858,0.43478260869565216,1.0545893873398404,0.9515637973982841,0.75,0.4,0.55,1.3266372475541566,0.6566854375393075,0.10484967334623571,0.10484967334623571,0,pass,-,-,2026-03-28 10:43:59,Zone-A,QR_U-1249,phone_or_ipad
U-1249,bending,B-02,2026-03-28 11:10:59,2026-03-28 11:19:28,completed,8.483333333333333,10.81,76.57,27.28,,6.32,10,23,10:47,Q-3015,galvanized_steel,2.5,MB-2215,1.13,40,22.2,852.0,2026-04-08 14:00,accepted,1.0795334040296924,1.4285714285714286,0.9583333333333334,0.9841269841269842,0.8839160839160839,0.75,0.4,0.7,1.3415294833261808,0.845163574495494,0.16642772749280282,0.16642772749280282,0,pass,-,-,2026-03-28 11:19:28,Zone-B,QR_U-1249,phone_or_ipad
U-1249,welding,W-01,2026-03-28 11:44:28,2026-03-28 11:53:37,completed,9.15,0.59,,1481.15,3.07,9.59,9,17,11:27,Q-3015,galvanized_steel,2.5,MB-2215,1.13,40,22.2,852.0,2026-04-08 14:00,accepted,0.9376601195559352,1.2857142857142858,0.7083333333333334,1.0040231423894144,1.0020898641588296,0.75,0.4,1.0,1.212942761595427,1.091648485435884,0.28623869806029734,0.28623869806029734,0,pass,-,-,2026-03-28 11:53:37,Zone-D,QR_U-1249,phone_or_ipad
U-1250,laser_cutting,L-03,2026-03-28 10:27:00,2026-03-28 10:34:40,completed,7.666666666666667,20.64,,323.22,15.13,16.43,7,10,10:17,Q-3006,aluminum_5754,4.0,MB-2221,1.45,120,30.5,2836.0,2026-04-10 17:00,accepted,1.128834355828221,1.0,0.43478260869565216,1.0276285251009445,0.9094934957099364,0.55,1.0,0.55,1.0550328132742084,0.4787211390231721,0.06611117815301903,0.06611117815301903,0,pass,-,-,2026-03-28 10:34:40,Zone-A,QR_U-1250,phone_or_ipad
U-1250,bending,B-01,2026-03-28 11:13:40,2026-03-28 11:23:19,completed,9.65,10.1,79.42,27.94,,6.75,3,36,10:37,Q-3006,aluminum_5754,4.0,MB-2221,1.45,120,30.5,2836.0,2026-04-10 17:00,accepted,1.2279957582184517,0.42857142857142855,1.5,1.0079365079365081,0.9440559440559441,0.55,1.0,0.7,0.5007846266746435,0.2892031219046066,0.039762106804750355,0.039762106804750355,0,pass,-,-,2026-03-28 11:23:19,Zone-A,QR_U-1250,phone_or_ipad
U-1250,welding,W-01,2026-03-28 11:44:19,2026-03-28 11:54:15,completed,9.933333333333334,0.6,,1529.03,3.01,8.24,7,19,11:25,Q-3006,aluminum_5754,4.0,MB-2221,1.45,120,30.5,2836.0,2026-04-10 17:00,accepted,1.0179333902647312,1.0,0.7916666666666666,1.0364794284222976,0.8610240334378265,0.55,1.0,1.0,0.9084380598277676,0.7494613993579083,0.1321648753269485,0.1321648753269485,0,pass,-,-,2026-03-28 11:54:15,Zone-C,QR_U-1250,phone_or_ipad
U-1251,laser_cutting,L-02,2026-03-28 08:48:00,2026-03-28 08:51:52,completed,3.8666666666666667,19.26,,306.71,14.68,20.54,9,32,08:16,Q-3011,aluminum_5754,1.5,MB-2209,2.74,180,16.1,3728.0,2026-04-06 15:00,accepted,0.5693251533742332,1.2857142857142858,1.391304347826087,0.9751375067561123,1.137005258787711,0.55,0.0,0.55,0.8115834377175404,0.24550398990955602,0.03530066274631287,0.03530066274631287,0,pass,-,-,2026-03-28 08:51:52,Zone-B,QR_U-1251,phone_or_ipad
U-1251,bending,B-02,2026-03-28 09:22:52,2026-03-28 09:30:59,completed,8.116666666666667,11.84,79.54,26.9,,7.57,5,25,08:57,Q-3011,aluminum_5754,1.5,MB-2209,2.74,180,16.1,3728.0,2026-04-06 15:00,accepted,1.0328738069989396,0.7142857142857143,1.0416666666666667,0.9704184704184704,1.0587412587412588,0.55,0.0,0.7,0.7579981055762963,0.2918292706468741,0.040046793927945454,0.040046793927945454,0,pass,-,-,2026-03-28 09:30:59,Zone-B,QR_U-1251,phone_or_ipad
U-1251,welding,W-01,2026-03-28 10:03:59,2026-03-28 10:11:54,completed,7.916666666666667,0.56,,1484.12,3.0,8.13,4,24,09:39,Q-3011,aluminum_5754,1.5,MB-2209,2.74,180,16.1,3728.0,2026-04-06 15:00,accepted,0.811272416737831,0.5714285714285714,1.0,1.0060364082523563,0.8495297805642634,0.55,0.0,1.0,0.3962059264048651,0.21791325952267585,0.03273639578849177,0.03273639578849177,0,pass,-,-,2026-03-28 10:11:54,Zone-D,QR_U-1251,phone_or_ipad
U-1252,laser_cutting,L-03,2026-03-28 09:43:00,2026-03-28 09:50:38,completed,7.633333333333334,22.11,,331.9,13.35,17.45,2,8,09:35,Q-3015,aluminum_5754,4.0,MB-2218,3.36,40,22.2,852.0,2026-04-08 14:00,accepted,1.1239263803680983,0.2857142857142857,0.34782608695652173,1.0552252567322673,0.9659562690285083,0.55,1.0,0.55,0.32731994040722867,0.14852142295978005,0.027058311123808763,0.027058311123808763,0,pass,-,-,2026-03-28 09:50:38,Zone-A,QR_U-1252,phone_or_ipad
U-1252,bending,B-02,2026-03-28 10:08:38,2026-03-28 10:17:58,completed,9.333333333333334,9.96,83.94,28.45,,7.26,6,12,09:56,Q-3015,aluminum_5754,4.0,MB-2218,3.36,40,22.2,852.0,2026-04-08 14:00,accepted,1.1876988335100742,0.8571428571428571,0.5,1.0263347763347763,1.0153846153846153,0.55,1.0,0.7,1.0609115169030332,0.6126764010115017,0.09372405409199407,0.09372405409199407,0,pass,-,-,2026-03-28 10:17:58,Zone-A,QR_U-1252,phone_or_ipad
U-1252,welding,W-01,2026-03-28 10:44:58,2026-03-28 10:54:37,completed,9.65,0.62,,1436.96,3.11,10.06,9,17,10:27,Q-3015,aluminum_5754,4.0,MB-2218,3.36,40,22.2,852.0,2026-04-08 14:00,accepted,0.9888983774551666,1.2857142857142858,0.7083333333333334,0.9740681866710953,1.051201671891327,0.55,1.0,1.0,1.3018817411899521,1.0740524364817106,0.2761757665561408,0.2761757665561408,1,fail,surface_porosity,low,2026-03-28 10:54:37,Zone-D,QR_U-1252,phone_or_ipad
U-1253,laser_cutting,L-01,2026-03-28 09:24:00,2026-03-28 09:30:45,completed,6.75,19.84,,296.16,12.34,18.04,9,29,08:55,Q-3010,aluminum_5754,3.0,MB-2210,1.8,250,24.9,5316.0,2026-04-08 16:00,open,0.9938650306748467,1.2857142857142858,1.2608695652173914,0.941595396305599,0.9986161084970939,0.55,0.6,0.55,1.2015304275002983,0.4725018406144924,0.06503294819871405,0.06503294819871405,0,pass,-,-,2026-03-28 09:30:45,Zone-A,QR_U-1253,phone_or_ipad
U-1253,bending,B-01,2026-03-28 09:48:45,2026-03-28 09:57:42,completed,8.95,10.65,83.74,27.1,,7.52,8,11,09:37,Q-3010,aluminum_5754,3.0,MB-2210,1.8,250,24.9,5316.0,2026-04-08 16:00,open,1.1389183457051961,1.1428571428571428,0.4583333333333333,0.9776334776334777,1.0517482517482517,0.55,0.6,0.7,1.338358308404169,0.6698483333562867,0.10839713065373731,0.10839713065373731,0,pass,-,-,2026-03-28 09:57:42,Zone-B,QR_U-1253,phone_or_ipad
U-1253,welding,W-02,2026-03-28 10:24:42,2026-03-28 10:34:48,completed,10.1,0.6,,1460.92,3.01,10.57,10,16,10:08,Q-3010,aluminum_5754,3.0,MB-2210,1.8,250,24.9,5316.0,2026-04-08 16:00,open,1.0350128095644748,1.4285714285714286,0.6666666666666666,0.9903098870334154,1.1044932079414838,0.55,0.6,1.0,1.6172674628652859,1.1563462359486796,0.32505030163540705,0.32505030163540705,0,pass,-,-,2026-03-28 10:34:48,Zone-C,QR_U-1253,phone_or_ipad
U-1254,laser_cutting,L-01,2026-03-28 10:44:00,2026-03-28 10:50:39,completed,6.65,21.2,,309.65,13.01,15.56,3,35,10:09,Q-3012,stainless_steel_304,2.5,MB-2213,1.58,120,21.8,2491.0,2026-04-02 16:00,open,0.9791411042944786,0.42857142857142855,1.5217391304347827,0.9844847868247862,0.8613340714088017,1.0,0.4,0.55,0.355835385360896,0.23485135433819135,0.03428844712796965,0.03428844712796965,0,pass,-,-,2026-03-28 10:50:39,Zone-B,QR_U-1254,phone_or_ipad
U-1254,bending,B-02,2026-03-28 11:18:39,2026-03-28 11:27:52,completed,9.216666666666667,11.48,83.34,30.05,,6.39,10,20,10:58,Q-3012,stainless_steel_304,2.5,MB-2213,1.58,120,21.8,2491.0,2026-04-02 16:00,open,1.1728525980911984,1.4285714285714286,0.8333333333333334,1.0840548340548342,0.8937062937062936,1.0,0.4,0.7,1.623272610932883,1.3635489931836215,0.46396966967924935,0.46396966967924935,0,pass,-,-,2026-03-28 11:27:52,Zone-A,QR_U-1254,phone_or_ipad
U-1254,welding,W-01,2026-03-28 12:00:52,2026-03-28 12:10:09,completed,9.283333333333333,0.57,,1464.14,3.08,9.35,10,26,11:34,Q-3012,stainless_steel_304,2.5,MB-2213,1.58,120,21.8,2491.0,2026-04-02 16:00,open,0.9513236549957301,1.4285714285714286,1.0833333333333333,0.9924926197198374,0.9770114942528735,1.0,0.4,1.0,1.3178233999440696,1.5813880799328834,0.6158596042481027,0.6158596042481027,1,fail,surface_porosity,low,2026-03-28 12:10:09,Zone-C,QR_U-1254,phone_or_ipad
U-1255,laser_cutting,L-02,2026-03-28 09:49:00,2026-03-28 09:57:21,completed,8.35,21.95,,320.04,12.99,18.19,9,24,09:25,Q-3012,aluminum_5754,2.5,MB-2223,2.1,120,21.8,2491.0,2026-04-02 16:00,open,1.2294478527607362,1.2857142857142858,1.0434782608695652,1.0175182017613584,1.006919457514531,0.55,0.4,0.55,1.619539341160647,0.5878927808413149,0.08793486871025404,0.08793486871025404,0,pass,-,-,2026-03-28 09:57:21,Zone-B,QR_U-1255,phone_or_ipad
U-1255,bending,B-01,2026-03-28 10:42:21,2026-03-28 10:49:22,completed,7.016666666666667,10.37,83.97,26.36,,7.83,11,36,10:06,Q-3012,aluminum_5754,2.5,MB-2223,2.1,120,21.8,2491.0,2026-04-02 16:00,open,0.8928950159066807,1.5714285714285714,1.5,0.950937950937951,1.0951048951048952,0.55,0.4,0.7,1.4611773925211284,0.6750639553447613,0.10983169176466846,0.10983169176466846,0,pass,-,-,2026-03-28 10:49:22,Zone-A,QR_U-1255,phone_or_ipad
U-1255,welding,W-01,2026-03-28 11:06:22,2026-03-28 11:15:21,completed,8.983333333333333,0.55,,1443.9,3.21,8.99,10,11,10:55,Q-3012,aluminum_5754,2.5,MB-2223,2.1,120,21.8,2491.0,2026-04-02 16:00,open,0.9205807002561912,1.4285714285714286,0.4583333333333333,0.9787725856908993,0.9393939393939393,0.55,0.4,1.0,1.2091867412179056,0.7980632492038178,0.14875097659630046,0.14875097659630046,0,pass,-,-,2026-03-28 11:15:21,Zone-C,QR_U-1255,phone_or_ipad
U-1256,laser_cutting,L-02,2026-03-28 11:00:00,2026-03-28 11:06:19,completed,6.316666666666666,22.1,,314.86,15.37,18.29,10,14,10:46,Q-3007,galvanized_steel,3.0,MB-2222,2.35,120,12.3,2980.0,2026-04-09 10:00,open,0.9300613496932516,1.4285714285714286,0.6086956521739131,1.0010491844975042,1.0124550235261556,0.75,0.6,0.55,1.346618921886196,0.7221243968614727,0.12354255830261529,0.12354255830261529,0,pass,-,-,2026-03-28 11:06:19,Zone-B,QR_U-1256,phone_or_ipad
U-1256,bending,B-02,2026-03-28 11:41:19,2026-03-28 11:49:39,completed,8.333333333333334,10.49,83.49,29.23,,7.95,9,32,11:09,Q-3007,galvanized_steel,3.0,MB-2222,2.35,120,12.3,2980.0,2026-04-09 10:00,open,1.0604453870625663,1.2857142857142858,1.3333333333333333,1.0544733044733046,1.1118881118881119,0.75,0.6,0.7,1.5985618821277334,1.0910184845521782,0.285874639359988,0.285874639359988,1,fail,springback,low,2026-03-28 11:49:39,Zone-A,QR_U-1256,phone_or_ipad
U-1256,welding,W-01,2026-03-28 12:33:39,2026-03-28 12:44:19,completed,10.666666666666666,0.61,,1503.01,2.93,10.25,6,35,11:58,Q-3007,galvanized_steel,3.0,MB-2222,2.35,120,12.3,2980.0,2026-04-09 10:00,open,1.0930828351836037,0.8571428571428571,1.4583333333333333,1.0188413214345027,1.071055381400209,0.75,0.6,1.0,1.0224092335349138,0.996849002696541,0.23469985554255204,0.23469985554255204,0,pass,-,-,2026-03-28 12:44:19,Zone-C,QR_U-1256,phone_or_ipad
U-1257,laser_cutting,L-03,2026-03-28 08:33:00,2026-03-28 08:40:53,completed,7.883333333333334,20.67,,309.99,15.4,19.0,5,26,08:07,Q-3017,galvanized_steel,3.0,MB-2202,2.54,250,28.1,6304.0,2026-04-08 14:00,accepted,1.1607361963190186,0.7142857142857143,1.1304347826086956,0.9855657647919118,1.0517575422086909,0.75,0.6,0.55,0.8594225330706322,0.4608653333591265,0.06305937837628194,0.06305937837628194,0,pass,-,-,2026-03-28 08:40:53,Zone-B,QR_U-1257,phone_or_ipad
U-1257,bending,B-01,2026-03-28 09:01:53,2026-03-28 09:08:33,completed,6.666666666666667,10.68,85.75,27.16,,6.86,7,19,08:42,Q-3017,galvanized_steel,3.0,MB-2202,2.54,250,28.1,6304.0,2026-04-08 14:00,accepted,0.848356309650053,1.0,0.7916666666666666,0.9797979797979799,0.9594405594405594,0.75,0.6,0.7,0.7975040694601092,0.5442965274065245,0.07853127030085268,0.07853127030085268,0,pass,-,-,2026-03-28 09:08:33,Zone-B,QR_U-1257,phone_or_ipad
U-1257,welding,W-02,2026-03-28 09:39:33,2026-03-28 09:51:23,completed,11.833333333333334,0.52,,1532.81,3.49,9.19,3,24,09:15,Q-3017,galvanized_steel,3.0,MB-2202,2.54,250,28.1,6304.0,2026-04-08 14:00,accepted,1.2126387702818104,0.42857142857142855,1.0,1.0390417667933147,0.960292580982236,0.75,0.6,1.0,0.5185507217182598,0.5055869536753033,0.07096221262324888,0.07096221262324888,0,pass,-,-,2026-03-28 09:51:23,Zone-D,QR_U-1257,phone_or_ipad
U-1258,laser_cutting,L-01,2026-03-28 10:36:00,2026-03-28 10:45:55,completed,9.916666666666666,20.91,,293.57,12.87,18.68,2,11,10:25,Q-3019,galvanized_steel,4.0,MB-2213,1.0,120,29.6,2459.0,2026-04-05 14:00,accepted,1.460122699386503,0.2857142857142857,0.4782608695652174,0.9333608876736719,1.034043730971492,0.75,1.0,0.55,0.4026334127303093,0.24912942412687888,0.03565167377558309,0.03565167377558309,0,pass,-,-,2026-03-28 10:45:55,Zone-B,QR_U-1258,phone_or_ipad
U-1258,bending,B-01,2026-03-28 11:05:55,2026-03-28 11:15:10,completed,9.25,10.08,81.89,28.2,,7.4,2,15,10:50,Q-3019,galvanized_steel,4.0,MB-2213,1.0,120,29.6,2459.0,2026-04-05 14:00,accepted,1.1770943796394486,0.2857142857142857,0.625,1.0173160173160174,1.034965034965035,0.75,1.0,0.7,0.35409908294182035,0.27885302781668353,0.03865888751319509,0.03865888751319509,0,pass,-,-,2026-03-28 11:15:10,Zone-A,QR_U-1258,phone_or_ipad
U-1258,welding,W-01,2026-03-28 11:43:10,2026-03-28 11:55:54,completed,12.733333333333333,0.56,,1470.12,3.27,8.96,4,22,11:21,Q-3019,galvanized_steel,4.0,MB-2213,1.0,120,29.6,2459.0,2026-04-05 14:00,accepted,1.3048676345004269,0.5714285714285714,0.9166666666666666,0.9965462661374781,0.9362591431556949,0.75,1.0,1.0,0.6956999123407549,0.7826624013833493,0.14331708788072042,0.14331708788072042,0,pass,-,-,2026-03-28 11:55:54,Zone-C,QR_U-1258,phone_or_ipad
U-1259,laser_cutting,L-02,2026-03-28 09:18:00,2026-03-28 09:25:33,completed,7.55,20.53,,312.38,15.1,18.05,8,8,09:10,Q-3017,galvanized_steel,4.0,MB-2214,1.18,250,28.1,6304.0,2026-04-08 14:00,accepted,1.1116564417177914,1.1428571428571428,0.34782608695652173,0.993164404031412,0.9991696650982564,0.75,1.0,0.55,1.2607324226986845,0.7800781865448111,0.14242166531413986,0.14242166531413986,1,fail,incomplete_cut,low,2026-03-28 09:25:33,Zone-A,QR_U-1259,phone_or_ipad
U-1259,bending,B-01,2026-03-28 09:57:33,2026-03-28 10:07:20,completed,9.783333333333333,10.93,79.68,29.1,,7.77,11,24,09:33,Q-3017,galvanized_steel,4.0,MB-2214,1.18,250,28.1,6304.0,2026-04-08 14:00,accepted,1.2449628844114529,1.5714285714285714,1.0,1.04978354978355,1.0867132867132867,0.75,1.0,0.7,2.231854042034318,1.7575850581020254,0.7252322522093976,0.7252322522093976,1,fail,surface_crack,medium,2026-03-28 10:07:20,Zone-B,QR_U-1259,phone_or_ipad
U-1259,welding,W-02,2026-03-28 10:32:20,2026-03-28 10:43:33,completed,11.216666666666667,0.59,,1532.25,2.91,10.41,10,20,10:12,Q-3017,galvanized_steel,4.0,MB-2214,1.18,250,28.1,6304.0,2026-04-08 14:00,accepted,1.1494449188727585,1.4285714285714286,0.8333333333333334,1.0386621611087197,1.0877742946708464,0.75,1.0,1.0,1.855253360495299,2.0871600305572113,0.8702429331857715,0.8702429331857715,1,fail,surface_porosity,low,2026-03-28 10:43:33,Zone-D,QR_U-1259,phone_or_ipad
U-1260,laser_cutting,L-03,2026-03-28 09:28:00,2026-03-28 09:32:54,completed,4.9,24.12,,310.48,13.23,17.15,3,14,09:14,Q-3010,stainless_steel_304,1.5,MB-2212,1.09,250,24.9,5316.0,2026-04-08 16:00,open,0.721472392638037,0.42857142857142855,0.6086956521739131,0.9871236448033576,0.9493495709936342,1.0,0.0,0.55,0.2897614760679246,0.15936881183735851,0.027878177400877384,0.027878177400877384,0,pass,-,-,2026-03-28 09:32:54,Zone-A,QR_U-1260,phone_or_ipad
U-1260,bending,B-01,2026-03-28 09:57:54,2026-03-28 10:05:33,completed,7.65,10.47,71.45,26.91,,7.8,6,19,09:38,Q-3010,stainless_steel_304,1.5,MB-2212,1.09,250,24.9,5316.0,2026-04-08 16:00,open,0.9734888653234359,0.8571428571428571,0.7916666666666666,0.9707792207792209,1.0909090909090908,1.0,0.0,0.7,0.8836763489915217,0.6185734442940651,0.09515098947683279,0.09515098947683279,0,pass,-,-,2026-03-28 10:05:33,Zone-B,QR_U-1260,phone_or_ipad
U-1260,welding,W-02,2026-03-28 10:28:33,2026-03-28 10:37:49,completed,9.266666666666667,0.5,,1415.71,3.04,10.14,9,13,10:15,Q-3010,stainless_steel_304,1.5,MB-2212,1.09,250,24.9,5316.0,2026-04-08 16:00,open,0.9496157130657559,1.2857142857142858,0.5416666666666666,0.9596635066752981,1.0595611285266457,1.0,0.0,1.0,1.2414732290560306,1.2414732290560306,0.37994333583198037,0.37994333583198037,0,pass,-,-,2026-03-28 10:37:49,Zone-C,QR_U-1260,phone_or_ipad
U-1261,laser_cutting,L-02,2026-03-28 09:31:00,2026-03-28 09:38:43,completed,7.716666666666667,21.25,,308.06,14.05,20.61,7,24,09:07,Q-3008,galvanized_steel,2.0,MB-2207,2.0,120,10.7,3066.0,2026-04-07 13:00,accepted,1.136196319018405,1.0,1.0434782608695652,0.9794296251549932,1.1408801549958485,0.75,0.2,0.55,1.2695991996139047,0.5760806368248094,0.08529093930542893,0.08529093930542893,0,pass,-,-,2026-03-28 09:38:43,Zone-B,QR_U-1261,phone_or_ipad
U-1261,bending,B-01,2026-03-28 10:06:43,2026-03-28 10:11:19,completed,4.6,9.48,81.8,28.28,,6.86,2,26,09:40,Q-3008,galvanized_steel,2.0,MB-2207,2.0,120,10.7,3066.0,2026-04-07 13:00,accepted,0.5853658536585366,0.2857142857142857,1.0833333333333333,1.0202020202020203,0.9594405594405594,0.75,0.2,0.7,0.1637056217987482,0.0945399965887771,0.023314890314353503,0.023314890314353503,0,pass,-,-,2026-03-28 10:11:19,Zone-B,QR_U-1261,phone_or_ipad
U-1261,welding,W-02,2026-03-28 10:36:19,2026-03-28 10:46:04,completed,9.75,0.53,,1507.47,2.88,9.22,10,21,10:15,Q-3008,galvanized_steel,2.0,MB-2207,2.0,120,10.7,3066.0,2026-04-07 13:00,accepted,0.9991460290350128,1.4285714285714286,0.875,1.0218646095653854,0.9634273772204807,0.75,0.2,1.0,1.4052165897054671,1.1593036865070105,0.32688890350343813,0.32688890350343813,0,pass,-,-,2026-03-28 10:46:04,Zone-D,QR_U-1261,phone_or_ipad
U-1262,laser_cutting,L-01,2026-03-28 09:28:00,2026-03-28 09:34:47,completed,6.783333333333333,18.74,,307.5,12.1,16.81,7,36,08:52,Q-3013,aluminum_5754,1.5,MB-2224,2.17,40,11.2,722.0,2026-04-04 08:00,accepted,0.9987730061349694,1.0,1.565217391304348,0.9776491908561982,0.9305286465541102,0.55,0.0,0.55,0.9086143445336456,0.27485583922142787,0.03824073838681169,0.03824073838681169,0,pass,-,-,2026-03-28 09:34:47,Zone-B,QR_U-1262,phone_or_ipad
U-1262,bending,B-01,2026-03-28 10:13:47,2026-03-28 10:23:29,completed,9.7,10.12,70.29,25.93,,7.84,10,33,09:40,Q-3013,aluminum_5754,1.5,MB-2224,2.17,40,11.2,722.0,2026-04-04 08:00,accepted,1.234358430540827,1.4285714285714286,1.375,0.9354256854256855,1.0965034965034963,0.55,0.0,0.7,1.8086834275015127,0.6963431195880824,0.11585810267160435,0.11585810267160435,0,pass,-,-,2026-03-28 10:23:29,Zone-B,QR_U-1262,phone_or_ipad
U-1262,welding,W-02,2026-03-28 10:56:29,2026-03-28 11:02:25,completed,5.933333333333334,0.54,,1578.73,3.2,10.12,9,27,10:29,Q-3013,aluminum_5754,1.5,MB-2224,2.17,40,11.2,722.0,2026-04-04 08:00,accepted,0.6080273270708797,1.2857142857142858,1.125,1.0701694329301152,1.057471264367816,0.55,0.0,1.0,0.8846850429045228,0.4865767735974876,0.06749683790566702,0.06749683790566702,0,pass,-,-,2026-03-28 11:02:25,Zone-C,QR_U-1262,phone_or_ipad
U-1263,laser_cutting,L-01,2026-03-28 09:42:00,2026-03-28 09:48:46,completed,6.766666666666667,18.76,,315.83,12.88,16.58,2,12,09:30,Q-3019,aluminum_5754,3.0,MB-2216,2.47,120,29.6,2459.0,2026-04-05 14:00,accepted,0.9963190184049081,0.2857142857142857,0.5217391304347826,1.0041331510507743,0.9177968447273734,0.55,0.6,0.55,0.2623422517192257,0.10316609048858552,0.023877202329223343,0.023877202329223343,0,pass,-,-,2026-03-28 09:48:46,Zone-B,QR_U-1263,phone_or_ipad
U-1263,bending,B-01,2026-03-28 10:29:46,2026-03-28 10:37:17,completed,7.516666666666667,9.78,84.38,25.75,,7.65,2,37,09:52,Q-3019,aluminum_5754,3.0,MB-2216,2.47,120,29.6,2459.0,2026-04-05 14:00,accepted,0.9565217391304348,0.2857142857142857,1.5416666666666667,0.9289321789321789,1.06993006993007,0.55,0.6,0.7,0.2716227871507375,0.13594720496894414,0.026137244799026696,0.026137244799026696,0,pass,-,-,2026-03-28 10:37:17,Zone-B,QR_U-1263,phone_or_ipad
U-1263,welding,W-01,2026-03-28 11:10:17,2026-03-28 11:21:51,completed,11.566666666666666,0.57,,1475.55,2.98,8.68,8,27,10:43,Q-3019,aluminum_5754,3.0,MB-2216,2.47,120,29.6,2459.0,2026-04-05 14:00,accepted,1.1853116994022204,1.1428571428571428,1.125,1.000227085543463,0.9070010449320793,0.55,0.6,1.0,1.2289406683607345,0.8786925778779252,0.18000879527403732,0.18000879527403732,0,pass,-,-,2026-03-28 11:21:51,Zone-D,QR_U-1263,phone_or_ipad
U-1264,laser_cutting,L-03,2026-03-28 10:09:00,2026-03-28 10:17:45,completed,8.75,20.18,,329.19,12.76,19.23,8,30,09:39,Q-3001,aluminum_5754,1.5,MB-2224,1.27,80,17.9,1707.0,2026-04-09 15:00,accepted,1.2883435582822087,1.1428571428571428,1.3043478260869565,1.0466092264648843,1.0644893440354277,0.55,0.0,0.55,1.64039907083342,0.4962207189271096,0.06923476581245289,0.06923476581245289,0,pass,-,-,2026-03-28 10:17:45,Zone-B,QR_U-1264,phone_or_ipad
U-1264,bending,B-01,2026-03-28 10:42:45,2026-03-28 10:50:52,completed,8.116666666666667,10.45,71.97,27.08,,7.15,11,15,10:27,Q-3001,aluminum_5754,1.5,MB-2224,1.27,80,17.9,1707.0,2026-04-09 15:00,accepted,1.0328738069989396,1.5714285714285714,0.625,0.9769119769119768,1.0,0.55,0.0,0.7,1.5856135313793243,0.6104612095810399,0.09319300910611644,0.09319300910611644,0,pass,-,-,2026-03-28 10:50:52,Zone-B,QR_U-1264,phone_or_ipad
U-1264,welding,W-01,2026-03-28 11:34:52,2026-03-28 11:42:28,completed,7.6,0.64,,1508.11,3.03,9.67,5,33,11:01,Q-3001,aluminum_5754,1.5,MB-2224,1.27,80,17.9,1707.0,2026-04-09 15:00,accepted,0.7788215200683177,0.7142857142857143,1.375,1.022298444633494,1.0104493207941483,0.55,0.0,1.0,0.5746483233831228,0.31605657786071756,0.042766838446244265,0.042766838446244265,0,pass,-,-,2026-03-28 11:42:28,Zone-C,QR_U-1264,phone_or_ipad
U-1265,laser_cutting,L-02,2026-03-28 10:53:00,2026-03-28 11:01:13,completed,8.216666666666667,19.19,,312.89,14.31,17.35,10,33,10:20,Q-3000,stainless_steel_304,4.0,MB-2211,2.97,120,30.7,3038.0,2026-04-06 14:00,accepted,1.2098159509202455,1.4285714285714286,1.434782608695652,0.9947858709821004,0.9604207030168836,1.0,1.0,0.55,1.651248316077219,1.3622798607637059,0.463076685590411,0.463076685590411,0,pass,-,-,2026-03-28 11:01:13,Zone-B,QR_U-1265,phone_or_ipad
U-1265,bending,B-02,2026-03-28 11:25:13,2026-03-28 11:31:45,completed,6.533333333333333,10.4,83.67,29.14,,6.46,3,13,11:12,Q-3000,stainless_steel_304,4.0,MB-2211,2.97,120,30.7,3038.0,2026-04-06 14:00,accepted,0.8313891834570519,0.42857142857142855,0.5416666666666666,1.0512265512265513,0.9034965034965035,1.0,1.0,0.7,0.3384156060527409,0.35533638635537795,0.04755522052881723,0.04755522052881723,0,pass,-,-,2026-03-28 11:31:45,Zone-B,QR_U-1265,phone_or_ipad
U-1265,welding,W-02,2026-03-28 12:07:45,2026-03-28 12:19:15,completed,11.5,0.54,,1439.22,3.16,9.52,10,25,11:42,Q-3000,stainless_steel_304,4.0,MB-2211,2.97,120,30.7,3038.0,2026-04-06 14:00,accepted,1.178479931682323,1.4285714285714286,1.0416666666666667,0.9756001667553542,0.9947753396029257,1.0,1.0,1.0,1.6338832772197212,2.450824915829582,0.949411092091664,0.949411092091664,0,pass,-,-,2026-03-28 12:19:15,Zone-D,QR_U-1265,phone_or_ipad
U-1266,laser_cutting,L-02,2026-03-28 09:57:00,2026-03-28 10:02:30,completed,5.5,20.25,,299.94,13.43,18.78,11,14,09:43,Q-3013,galvanized_steel,3.0,MB-2211,3.36,40,11.2,722.0,2026-04-04 08:00,accepted,0.8098159509202455,1.5714285714285714,0.6086956521739131,0.9536133278224653,1.0395792969831168,0.75,0.6,0.55,1.2615687021002682,0.6765162165012689,0.11023408924305131,0.11023408924305131,0,pass,-,-,2026-03-28 10:02:30,Zone-A,QR_U-1266,phone_or_ipad
U-1266,bending,B-01,2026-03-28 10:35:30,2026-03-28 10:43:04,completed,7.566666666666666,10.51,75.38,28.26,,6.57,8,28,10:07,Q-3013,galvanized_steel,3.0,MB-2211,3.36,40,11.2,722.0,2026-04-04 08:00,accepted,0.9628844114528101,1.1428571428571428,1.1666666666666667,1.0194805194805197,0.9188811188811189,0.75,0.6,0.7,1.0308710941727979,0.7035695217729346,0.11796913290647087,0.11796913290647087,0,pass,-,-,2026-03-28 10:43:04,Zone-B,QR_U-1266,phone_or_ipad
U-1266,welding,W-02,2026-03-28 10:57:04,2026-03-28 11:08:25,completed,11.35,0.5,,1560.52,3.25,9.99,5,12,10:45,Q-3013,galvanized_steel,3.0,MB-2211,3.36,40,11.2,722.0,2026-04-04 08:00,accepted,1.1631084543125534,0.7142857142857143,0.5,1.0578254695078344,1.0438871473354232,0.75,0.6,1.0,0.9174021354119545,0.8944670820266556,0.18669142767347502,0.18669142767347502,1,fail,weak_joint,high,2026-03-28 11:08:25,Zone-C,QR_U-1266,phone_or_ipad
U-1267,laser_cutting,L-02,2026-03-28 09:43:00,2026-03-28 09:48:33,completed,5.55,22.06,,295.21,14.05,18.58,2,24,09:19,Q-3000,galvanized_steel,1.5,MB-2208,3.48,120,30.7,3038.0,2026-04-06 14:00,accepted,0.8171779141104295,0.2857142857142857,1.0434782608695652,0.9385750166915716,1.028508164959867,0.75,0.0,0.55,0.2253851559512779,0.09297137682990214,0.023214034368059612,0.023214034368059612,0,pass,-,-,2026-03-28 09:48:33,Zone-A,QR_U-1267,phone_or_ipad
U-1267,bending,B-01,2026-03-28 10:30:33,2026-03-28 10:36:15,completed,5.7,10.36,73.44,28.45,,7.71,11,35,09:55,Q-3000,galvanized_steel,1.5,MB-2208,3.48,120,30.7,3038.0,2026-04-06 14:00,accepted,0.7253446447507953,1.5714285714285714,1.4583333333333333,1.0263347763347763,1.0783216783216782,0.75,0.0,0.7,1.2614685723305628,0.6622710004735454,0.10634231698936451,0.10634231698936451,0,pass,-,-,2026-03-28 10:36:15,Zone-B,QR_U-1267,phone_or_ipad
U-1267,welding,W-02,2026-03-28 11:13:15,2026-03-28 11:22:09,completed,8.9,0.53,,1518.23,3.12,9.27,11,26,10:47,Q-3000,galvanized_steel,1.5,MB-2208,3.48,120,30.7,3038.0,2026-04-06 14:00,accepted,0.9120409906063195,1.5714285714285714,1.0833333333333333,1.029158461647963,0.9686520376175548,0.75,0.0,1.0,1.4287592274943632,1.0715694206207724,0.27477350679641915,0.27477350679641915,1,fail,surface_porosity,low,2026-03-28 11:22:09,Zone-D,QR_U-1267,phone_or_ipad
U-1268,laser_cutting,L-03,2026-03-28 09:20:00,2026-03-28 09:27:46,completed,7.766666666666667,21.82,,338.03,15.2,18.65,10,29,08:51,Q-3016,aluminum_5754,2.0,MB-2214,3.08,180,25.0,4388.0,2026-04-04 08:00,accepted,1.143558282208589,1.4285714285714286,1.2608695652173914,1.0747146536101484,1.0323830611680045,0.55,0.2,0.55,1.8125679826569292,0.6031319962290934,0.09145518399972113,0.09145518399972113,0,pass,-,-,2026-03-28 09:27:46,Zone-A,QR_U-1268,phone_or_ipad
U-1268,bending,B-01,2026-03-28 10:11:46,2026-03-28 10:20:02,completed,8.266666666666667,10.42,83.05,28.66,,7.03,10,39,09:32,Q-3016,aluminum_5754,2.0,MB-2214,3.08,180,25.0,4388.0,2026-04-04 08:00,accepted,1.0519618239660657,1.4285714285714286,1.625,1.033910533910534,0.9832167832167832,0.55,0.2,0.7,1.5276862956691082,0.6469751462158675,0.10229877556034782,0.10229877556034782,0,pass,-,-,2026-03-28 10:20:02,Zone-A,QR_U-1268,phone_or_ipad
U-1268,welding,W-02,2026-03-28 10:47:02,2026-03-28 10:59:00,completed,11.966666666666667,0.53,,1549.33,2.93,10.52,8,23,10:24,Q-3016,aluminum_5754,2.0,MB-2214,3.08,180,25.0,4388.0,2026-04-04 08:00,accepted,1.2263023057216056,1.1428571428571428,0.9583333333333334,1.050240134488871,1.0992685475444095,0.55,0.2,1.0,1.6180126194432545,0.9788976347631692,0.22569967517098227,0.22569967517098227,0,pass,-,-,2026-03-28 10:59:00,Zone-D,QR_U-1268,phone_or_ipad
U-1269,laser_cutting,L-01,2026-03-28 09:10:00,2026-03-28 09:14:08,completed,4.133333333333334,21.23,,302.93,12.28,19.27,2,9,09:01,Q-3009,stainless_steel_304,2.0,MB-2203,1.09,250,6.8,6606.0,2026-04-03 17:00,open,0.6085889570552149,0.2857142857142857,0.391304347826087,0.963119575239246,1.0667035704400776,1.0,0.2,0.55,0.17864052321666737,0.10807751654608377,0.024203253748138198,0.024203253748138198,0,pass,-,-,2026-03-28 09:14:08,Zone-A,QR_U-1269,phone_or_ipad
U-1269,bending,B-02,2026-03-28 09:35:08,2026-03-28 09:42:37,completed,7.483333333333333,11.14,89.28,26.61,,6.72,5,12,09:23,Q-3009,stainless_steel_304,2.0,MB-2203,1.09,250,6.8,6606.0,2026-04-03 17:00,open,0.9522799575821845,0.7142857142857143,0.5,0.95995670995671,0.9398601398601398,1.0,0.2,0.7,0.6136934500956481,0.472543956573649,0.06504019445080624,0.06504019445080624,0,pass,-,-,2026-03-28 09:42:37,Zone-A,QR_U-1269,phone_or_ipad
U-1269,welding,W-01,2026-03-28 10:00:37,2026-03-28 10:09:31,completed,8.9,0.65,,1459.29,3.15,10.35,11,8,09:52,Q-3009,stainless_steel_304,2.0,MB-2203,1.09,250,6.8,6606.0,2026-04-03 17:00,open,0.9120409906063195,1.5714285714285714,0.3333333333333333,0.989204963344326,1.0815047021943573,1.0,0.2,1.0,1.5332878756898038,1.6866166632587845,0.6834686455661548,0.6834686455661548,0,pass,-,-,2026-03-28 10:09:31,Zone-C,QR_U-1269,phone_or_ipad
U-1270,laser_cutting,L-02,2026-03-28 10:23:00,2026-03-28 10:29:26,completed,6.433333333333334,20.18,,297.98,12.6,18.22,7,39,09:44,Q-3006,galvanized_steel,1.5,MB-2217,3.42,120,30.5,2836.0,2026-04-10 17:00,accepted,0.9472392638036811,1.0,1.6956521739130435,0.9473818077766828,1.0085801273180184,0.75,0.0,0.55,0.9050970287661005,0.3733525243660165,0.049918156686096,0.049918156686096,0,pass,-,-,2026-03-28 10:29:26,Zone-B,QR_U-1270,phone_or_ipad
U-1270,bending,B-02,2026-03-28 10:47:26,2026-03-28 10:55:20,completed,7.9,10.25,76.49,27.64,,7.69,2,8,10:39,Q-3006,galvanized_steel,1.5,MB-2217,3.42,120,30.5,2836.0,2026-04-10 17:00,accepted,1.005302226935313,0.2857142857142857,0.3333333333333333,0.9971139971139972,1.0755244755244755,0.75,0.0,0.7,0.3080304930548007,0.16171600885377035,0.028058733182757176,0.028058733182757176,0,pass,-,-,2026-03-28 10:55:20,Zone-B,QR_U-1270,phone_or_ipad
U-1270,welding,W-02,2026-03-28 11:17:20,2026-03-28 11:27:42,completed,10.366666666666667,0.56,,1451.93,3.06,9.76,5,11,11:06,Q-3006,galvanized_steel,1.5,MB-2217,3.42,120,30.5,2836.0,2026-04-10 17:00,accepted,1.062339880444065,0.7142857142857143,0.4583333333333333,0.9842158600610758,1.0198537095088818,0.75,0.0,1.0,0.7616644550603322,0.5712483412952492,0.08423024200390888,0.08423024200390888,0,pass,-,-,2026-03-28 11:27:42,Zone-C,QR_U-1270,phone_or_ipad
U-1271,laser_cutting,L-01,2026-03-28 11:06:00,2026-03-28 11:14:06,completed,8.1,18.22,,298.85,12.95,17.44,3,17,10:49,Q-3011,aluminum_5754,4.0,MB-2210,1.43,180,16.1,3728.0,2026-04-06 15:00,accepted,1.192638036809816,0.42857142857142855,0.7391304347826086,0.9501478396337394,0.9654027124273459,0.55,1.0,0.55,0.46884746352930323,0.2127395365764214,0.032276006685072633,0.032276006685072633,0,pass,-,-,2026-03-28 11:14:06,Zone-A,QR_U-1271,phone_or_ipad
U-1271,bending,B-02,2026-03-28 11:36:06,2026-03-28 11:42:53,completed,6.783333333333333,11.61,89.24,29.74,,7.29,5,17,11:19,Q-3011,aluminum_5754,4.0,MB-2210,1.43,180,16.1,3728.0,2026-04-06 15:00,accepted,0.8632025450689289,0.7142857142857143,0.7083333333333334,1.0728715728715728,1.0195804195804195,0.55,1.0,0.7,0.6744564328263767,0.3894985899572325,0.052129961724096965,0.052129961724096965,0,pass,-,-,2026-03-28 11:42:53,Zone-B,QR_U-1271,phone_or_ipad
U-1271,welding,W-01,2026-03-28 11:59:53,2026-03-28 12:09:14,completed,9.35,0.6,,1431.33,3.28,8.8,2,12,11:47,Q-3011,aluminum_5754,4.0,MB-2210,1.43,180,16.1,3728.0,2026-04-06 15:00,accepted,0.9581554227156277,0.2857142857142857,0.5,0.9702517938063264,0.9195402298850576,0.55,1.0,1.0,0.24424355143122412,0.2015009299307599,0.0312973953616639,0.0312973953616639,0,pass,-,-,2026-03-28 12:09:14,Zone-D,QR_U-1271,phone_or_ipad
U-1272,laser_cutting,L-02,2026-03-28 10:31:00,2026-03-28 10:36:15,completed,5.25,20.85,,311.96,14.84,19.53,11,39,09:52,Q-3017,aluminum_5754,2.5,MB-2203,1.38,250,28.1,6304.0,2026-04-08 14:00,accepted,0.7730061349693252,1.5714285714285714,1.6956521739130435,0.9918290783073157,1.081096042070302,0.55,0.4,0.55,1.3025029031393767,0.4728085538395938,0.06508573686368982,0.06508573686368982,0,pass,-,-,2026-03-28 10:36:15,Zone-A,QR_U-1272,phone_or_ipad
U-1272,bending,B-01,2026-03-28 11:16:15,2026-03-28 11:23:13,completed,6.966666666666667,9.11,80.6,28.48,,7.19,7,37,10:39,Q-3017,aluminum_5754,2.5,MB-2203,1.38,250,28.1,6304.0,2026-04-08 14:00,accepted,0.8865323435843054,1.0,1.5416666666666667,1.0274170274170276,1.0055944055944055,0.55,0.4,0.7,0.9159340247357215,0.42316151942790337,0.057042359014733604,0.057042359014733604,0,pass,-,-,2026-03-28 11:23:13,Zone-A,QR_U-1272,phone_or_ipad
U-1272,welding,W-02,2026-03-28 11:54:13,2026-03-28 12:02:53,completed,8.666666666666666,0.6,,1515.84,3.4,10.45,5,29,11:25,Q-3017,aluminum_5754,2.5,MB-2203,1.38,250,28.1,6304.0,2026-04-08 14:00,accepted,0.888129803586678,0.7142857142857143,1.2083333333333333,1.0275383588154945,1.0919540229885056,0.55,0.4,1.0,0.7117882337873181,0.46978023429963,0.06456627258873321,0.06456627258873321,0,pass,-,-,2026-03-28 12:02:53,Zone-D,QR_U-1272,phone_or_ipad
U-1273,laser_cutting,L-02,2026-03-28 08:59:00,2026-03-28 09:06:35,completed,7.583333333333333,20.12,,328.87,13.69,17.65,2,28,08:31,Q-3010,galvanized_steel,3.0,MB-2204,1.09,250,24.9,5316.0,2026-04-08 16:00,open,1.116564417177914,0.2857142857142857,1.2173913043478262,1.0455918354370013,0.9770274010517576,0.75,0.6,0.55,0.325900229594929,0.17476399812028068,0.029083322368742743,0.029083322368742743,0,pass,-,-,2026-03-28 09:06:35,Zone-B,QR_U-1273,phone_or_ipad
U-1273,bending,B-02,2026-03-28 09:42:35,2026-03-28 09:52:51,completed,10.266666666666667,10.76,75.54,29.04,,6.81,6,25,09:17,Q-3010,galvanized_steel,3.0,MB-2204,1.09,250,24.9,5316.0,2026-04-08 16:00,open,1.3064687168610818,0.8571428571428571,1.0416666666666667,1.0476190476190477,0.9524475524475523,0.75,0.6,0.7,1.1173691631804037,0.7626044538706256,0.1364889698320371,0.1364889698320371,0,pass,-,-,2026-03-28 09:52:51,Zone-A,QR_U-1273,phone_or_ipad
U-1273,welding,W-02,2026-03-28 10:28:51,2026-03-28 10:40:34,completed,11.716666666666667,0.55,,1464.72,3.42,9.29,3,33,09:55,Q-3010,galvanized_steel,3.0,MB-2204,1.09,250,24.9,5316.0,2026-04-08 16:00,open,1.2006831767719899,0.42857142857142855,1.375,0.9928857827503109,0.9707419017763844,0.75,0.6,1.0,0.49596920136241623,0.4835699713283559,0.06696331219186093,0.06696331219186093,0,pass,-,-,2026-03-28 10:40:34,Zone-C,QR_U-1273,phone_or_ipad
U-1274,laser_cutting,L-02,2026-03-28 09:41:00,2026-03-28 09:45:57,completed,4.95,21.8,,318.78,12.9,18.49,8,24,09:17,Q-3002,aluminum_5754,2.0,MB-2209,1.98,180,31.2,4738.0,2026-04-07 09:00,accepted,0.728834355828221,1.1428571428571428,1.0434782608695652,1.0135122245890693,1.023526155549405,0.55,0.2,0.55,0.864069587907547,0.28751915537623635,0.039580578647857426,0.039580578647857426,0,pass,-,-,2026-03-28 09:45:57,Zone-A,QR_U-1274,phone_or_ipad
U-1274,bending,B-02,2026-03-28 10:20:57,2026-03-28 10:30:35,completed,9.633333333333333,11.69,77.64,27.33,,7.55,10,26,09:54,Q-3002,aluminum_5754,2.0,MB-2209,1.98,180,31.2,4738.0,2026-04-07 09:00,accepted,1.2258748674443265,1.4285714285714286,1.0833333333333333,0.9859307359307359,1.0559440559440558,0.55,0.2,0.7,1.8232046377919588,0.7721271641048947,0.13969589429753348,0.13969589429753348,0,pass,-,-,2026-03-28 10:30:35,Zone-A,QR_U-1274,phone_or_ipad
U-1274,welding,W-02,2026-03-28 11:03:35,2026-03-28 11:11:05,completed,7.5,0.51,,1451.87,3.15,10.29,3,23,10:40,Q-3002,aluminum_5754,2.0,MB-2209,1.98,180,31.2,4738.0,2026-04-07 09:00,accepted,0.7685738684884714,0.42857142857142855,0.9583333333333334,0.9841751880234405,1.0752351097178683,0.55,0.2,1.0,0.3485657233067179,0.21088226260056436,0.032112266761824236,0.032112266761824236,0,pass,-,-,2026-03-28 11:11:05,Zone-D,QR_U-1274,phone_or_ipad
U-1275,laser_cutting,L-02,2026-03-28 10:30:00,2026-03-28 10:35:54,completed,5.9,20.94,,322.88,12.68,16.24,7,39,09:51,Q-3016,aluminum_5754,3.0,MB-2208,3.02,180,25.0,4388.0,2026-04-04 08:00,accepted,0.8687116564417179,1.0,1.6956521739130435,1.0265475471338188,0.8989759202878495,0.55,0.6,0.55,0.801683190601144,0.3152619147038999,0.042674883310379004,0.042674883310379004,0,pass,-,-,2026-03-28 10:35:54,Zone-B,QR_U-1275,phone_or_ipad
U-1275,bending,B-01,2026-03-28 10:56:54,2026-03-28 11:04:53,completed,7.983333333333333,10.71,70.28,28.94,,6.49,5,10,10:46,Q-3016,aluminum_5754,3.0,MB-2208,3.02,180,25.0,4388.0,2026-04-04 08:00,accepted,1.0159066808059385,0.7142857142857143,0.4166666666666667,1.044011544011544,0.9076923076923077,0.55,0.6,0.7,0.6876536246328702,0.34417063912875157,0.046144501218589803,0.046144501218589803,0,pass,-,-,2026-03-28 11:04:53,Zone-B,QR_U-1275,phone_or_ipad
U-1275,welding,W-01,2026-03-28 11:41:53,2026-03-28 11:53:09,completed,11.266666666666667,0.59,,1470.19,3.24,9.92,3,27,11:14,Q-3016,aluminum_5754,3.0,MB-2208,3.02,180,25.0,4388.0,2026-04-04 08:00,accepted,1.1545687446626816,0.42857142857142855,1.125,0.9965937168480526,1.0365726227795193,0.55,0.6,1.0,0.5111647420273946,0.36548279054958716,0.04887260533378148,0.04887260533378148,0,pass,-,-,2026-03-28 11:53:09,Zone-C,QR_U-1275,phone_or_ipad
U-1276,laser_cutting,L-02,2026-03-28 10:45:00,2026-03-28 10:50:43,completed,5.716666666666667,21.76,,329.11,14.36,19.63,10,38,10:07,Q-3002,galvanized_steel,1.5,MB-2215,2.02,180,31.2,4738.0,2026-04-07 09:00,accepted,0.8417177914110431,1.4285714285714286,1.6521739130434783,1.0463548787079135,1.0866316080819265,0.75,0.0,0.55,1.367192931024852,0.5639670840477515,0.08265460676493125,0.08265460676493125,0,pass,-,-,2026-03-28 10:50:43,Zone-A,QR_U-1276,phone_or_ipad
U-1276,bending,B-01,2026-03-28 11:11:43,2026-03-28 11:19:57,completed,8.233333333333333,9.97,76.69,29.08,,6.65,4,16,10:55,Q-3002,galvanized_steel,1.5,MB-2215,2.02,180,31.2,4738.0,2026-04-07 09:00,accepted,1.0477200424178155,0.5714285714285714,0.6666666666666666,1.049062049062049,0.9300699300699301,0.75,0.0,0.7,0.5841494645119439,0.30667846886877054,0.041693610714970415,0.041693610714970415,0,pass,-,-,2026-03-28 11:19:57,Zone-B,QR_U-1276,phone_or_ipad
U-1276,welding,W-01,2026-03-28 11:38:57,2026-03-28 11:47:36,completed,8.65,0.62,,1477.63,2.76,9.93,5,15,11:23,Q-3002,galvanized_steel,1.5,MB-2215,2.02,180,31.2,4738.0,2026-04-07 09:00,accepted,0.8864218616567038,0.7142857142857143,0.625,1.0016370495148164,1.0376175548589341,0.75,0.0,1.0,0.6580518489985854,0.49353888674893903,0.06874735957599995,0.06874735957599995,0,pass,-,-,2026-03-28 11:47:36,Zone-D,QR_U-1276,phone_or_ipad
U-1277,laser_cutting,L-03,2026-03-28 09:34:00,2026-03-28 09:41:58,completed,7.966666666666667,22.66,,333.04,14.39,17.64,10,11,09:23,Q-3005,stainless_steel_304,3.0,MB-2206,2.24,40,7.2,963.0,2026-04-06 16:00,accepted,1.1730061349693253,1.4285714285714286,0.4782608695652174,1.0588497122691,0.9764738444505953,1.0,0.6,0.55,1.7325954970525557,1.2388057803925774,0.3781668352732501,0.3781668352732501,0,pass,-,-,2026-03-28 09:41:58,Zone-B,QR_U-1277,phone_or_ipad
U-1277,bending,B-02,2026-03-28 10:15:58,2026-03-28 10:26:29,completed,10.516666666666667,10.02,81.11,26.78,,7.3,11,26,09:49,Q-3005,stainless_steel_304,3.0,MB-2206,2.24,40,7.2,963.0,2026-04-06 16:00,accepted,1.3382820784729588,1.5714285714285714,1.0833333333333333,0.9660894660894662,1.0209790209790208,1.0,0.6,0.7,2.074323427754726,1.8876343192568006,0.7922504340315806,0.7922504340315806,1,fail,springback,low,2026-03-28 10:26:29,Zone-A,QR_U-1277,phone_or_ipad
U-1277,welding,W-01,2026-03-28 10:58:29,2026-03-28 11:07:24,completed,8.916666666666666,0.62,,1386.35,3.04,9.82,2,21,10:37,Q-3005,stainless_steel_304,3.0,MB-2206,2.24,40,7.2,963.0,2026-04-06 16:00,accepted,0.9137489325362937,0.2857142857142857,0.875,0.9397613229258106,1.026123301985371,1.0,0.6,1.0,0.2517537541007411,0.3272798803309634,0.04408593101744957,0.04408593101744957,0,pass,-,-,2026-03-28 11:07:24,Zone-C,QR_U-1277,phone_or_ipad
U-1278,laser_cutting,L-03,2026-03-28 09:05:00,2026-03-28 09:08:27,completed,3.45,22.62,,321.21,13.42,17.89,5,23,08:42,Q-3017,galvanized_steel,1.5,MB-2208,3.13,250,28.1,6304.0,2026-04-08 14:00,accepted,0.5079754601226995,0.7142857142857143,1.0,1.021238037707055,0.9903127594796569,0.75,0.0,0.55,0.36695605128116315,0.15136937115347981,0.027271267193498136,0.027271267193498136,0,pass,-,-,2026-03-28 09:08:27,Zone-B,QR_U-1278,phone_or_ipad
U-1278,bending,B-01,2026-03-28 09:32:27,2026-03-28 09:39:50,completed,7.383333333333334,10.81,83.47,27.1,,6.5,8,21,09:11,Q-3017,galvanized_steel,1.5,MB-2208,3.13,250,28.1,6304.0,2026-04-08 14:00,accepted,0.9395546129374338,1.1428571428571428,0.875,0.9776334776334777,0.9090909090909091,0.75,0.0,0.7,0.954327318101402,0.501021842003236,0.07011533584843133,0.07011533584843133,0,pass,-,-,2026-03-28 09:39:50,Zone-A,QR_U-1278,phone_or_ipad
U-1278,welding,W-02,2026-03-28 10:11:50,2026-03-28 10:21:35,completed,9.75,0.54,,1506.06,3.16,10.33,7,21,09:50,Q-3017,galvanized_steel,1.5,MB-2208,3.13,250,28.1,6304.0,2026-04-08 14:00,accepted,0.9991460290350128,1.0,0.875,1.0209088166809583,1.0794148380355277,0.75,0.0,1.0,1.1010430625600864,0.8257822969200648,0.15895831977307295,0.15895831977307295,0,pass,-,-,2026-03-28 10:21:35,Zone-C,QR_U-1278,phone_or_ipad
U-1279,laser_cutting,L-02,2026-03-28 09:49:00,2026-03-28 09:56:40,completed,7.666666666666667,21.93,,308.71,13.51,18.33,7,27,09:22,Q-3003,galvanized_steel,2.5,MB-2224,3.06,180,22.1,4341.0,2026-04-10 08:00,accepted,1.128834355828221,1.0,1.173913043478261,0.9814962006803802,1.0146692499308054,0.75,0.4,0.55,1.124199377489513,0.556478691857309,0.08106216584079128,0.08106216584079128,0,pass,-,-,2026-03-28 09:56:40,Zone-A,QR_U-1279,phone_or_ipad
U-1279,bending,B-01,2026-03-28 10:17:40,2026-03-28 10:25:44,completed,8.066666666666666,9.31,70.68,28.97,,6.72,10,15,10:02,Q-3003,galvanized_steel,2.5,MB-2224,3.06,180,22.1,4341.0,2026-04-10 08:00,accepted,1.026511134676564,1.4285714285714286,0.625,1.045093795093795,0.9398601398601398,0.75,0.4,0.7,1.4404033576886173,0.9074541153438288,0.19233538680937107,0.19233538680937107,0,pass,-,-,2026-03-28 10:25:44,Zone-A,QR_U-1279,phone_or_ipad
U-1279,welding,W-02,2026-03-28 10:55:44,2026-03-28 11:05:54,completed,10.166666666666666,0.6,,1467.52,3.28,8.64,10,25,10:30,Q-3003,galvanized_steel,2.5,MB-2224,3.06,180,22.1,4341.0,2026-04-10 08:00,accepted,1.0418445772843723,1.4285714285714286,1.0416666666666667,0.9947838111732865,0.9028213166144201,0.75,0.4,1.0,1.3367044977226012,1.203034047950341,0.35467467621287313,0.35467467621287313,0,pass,-,-,2026-03-28 11:05:54,Zone-C,QR_U-1279,phone_or_ipad
U-1280,laser_cutting,L-03,2026-03-28 10:44:00,2026-03-28 10:49:09,completed,5.15,21.5,,318.4,14.94,16.66,4,32,10:12,Q-3001,galvanized_steel,2.5,MB-2206,1.67,80,17.9,1707.0,2026-04-09 15:00,accepted,0.7582822085889571,0.5714285714285714,1.391304347826087,1.0123040727434585,0.9222252975366733,0.75,0.4,0.55,0.4045207771809675,0.20023778470457895,0.03118921733613988,0.03118921733613988,0,pass,-,-,2026-03-28 10:49:09,Zone-B,QR_U-1280,phone_or_ipad
U-1280,bending,B-02,2026-03-28 11:13:09,2026-03-28 11:22:27,completed,9.3,11.23,85.43,26.68,,6.36,10,14,10:59,Q-3001,galvanized_steel,2.5,MB-2206,1.67,80,17.9,1707.0,2026-04-09 15:00,accepted,1.1834570519618242,1.4285714285714286,0.5833333333333334,0.9624819624819625,0.8895104895104895,0.75,0.4,0.7,1.4474318839222233,0.9118820868710006,0.19428919165823233,0.19428919165823233,0,pass,-,-,2026-03-28 11:22:27,Zone-A,QR_U-1280,phone_or_ipad
U-1280,welding,W-02,2026-03-28 11:50:27,2026-03-28 11:59:55,completed,9.466666666666667,0.56,,1557.87,3.49,10.43,5,24,11:26,Q-3001,galvanized_steel,2.5,MB-2206,1.67,80,17.9,1707.0,2026-04-09 15:00,accepted,0.9701110162254484,0.7142857142857143,1.0,1.0560291211789465,1.089864158829676,0.75,0.4,1.0,0.7975201520515971,0.7177681368464374,0.12221406417394097,0.12221406417394097,0,pass,-,-,2026-03-28 11:59:55,Zone-C,QR_U-1280,phone_or_ipad
U-1281,laser_cutting,L-03,2026-03-28 10:57:00,2026-03-28 11:07:19,completed,10.316666666666666,20.94,,330.46,13.87,20.09,10,17,10:40,Q-3015,aluminum_5754,2.5,MB-2216,3.13,40,22.2,852.0,2026-04-08 14:00,accepted,1.5190184049079756,1.4285714285714286,0.7391304347826086,1.0506469971067942,1.1120952117354002,0.55,0.4,0.55,2.535501024446667,0.9203868718741403,0.19808401326871192,0.19808401326871192,0,pass,-,-,2026-03-28 11:07:19,Zone-A,QR_U-1281,phone_or_ipad
U-1281,bending,B-02,2026-03-28 11:48:19,2026-03-28 11:57:52,completed,9.55,11.36,86.66,28.04,,7.43,6,38,11:10,Q-3015,aluminum_5754,2.5,MB-2216,3.13,40,22.2,852.0,2026-04-08 14:00,accepted,1.2152704135737011,0.8571428571428571,1.5833333333333333,1.0115440115440115,1.0391608391608391,0.55,0.4,0.7,1.0949484939596632,0.5058662042093645,0.07101432204469238,0.07101432204469238,0,pass,-,-,2026-03-28 11:57:52,Zone-A,QR_U-1281,phone_or_ipad
U-1281,welding,W-02,2026-03-28 12:23:52,2026-03-28 12:32:15,completed,8.383333333333333,0.55,,1569.65,3.22,10.76,2,24,11:59,Q-3015,aluminum_5754,2.5,MB-2216,3.13,40,22.2,852.0,2026-04-08 14:00,accepted,0.8590947907771136,0.2857142857142857,1.0,1.0640143979013228,1.1243469174503657,0.55,0.4,1.0,0.29364382975566133,0.1938049276387365,0.030643886944595262,0.030643886944595262,0,pass,-,-,2026-03-28 12:32:15,Zone-D,QR_U-1281,phone_or_ipad
U-1282,laser_cutting,L-02,2026-03-28 08:31:00,2026-03-28 08:37:02,completed,6.033333333333333,22.27,,304.45,15.12,20.3,3,23,08:08,Q-3011,stainless_steel_304,2.0,MB-2204,3.33,180,16.1,3728.0,2026-04-06 15:00,accepted,0.8883435582822087,0.42857142857142855,1.0,0.9679521826216896,1.123719900359812,1.0,0.2,0.55,0.41411040960794265,0.25053679781280536,0.0357888380466217,0.0357888380466217,0,pass,-,-,2026-03-28 08:37:02,Zone-A,QR_U-1282,phone_or_ipad
U-1282,bending,B-01,2026-03-28 09:08:02,2026-03-28 09:16:31,completed,8.483333333333333,9.07,77.96,26.19,,6.62,8,22,08:46,Q-3011,stainless_steel_304,2.0,MB-2204,3.33,180,16.1,3728.0,2026-04-06 15:00,accepted,1.0795334040296924,1.1428571428571428,0.9166666666666666,0.9448051948051949,0.9258741258741259,1.0,0.2,0.7,1.0792504846794142,0.8310228732031489,0.16095077308530456,0.16095077308530456,0,pass,-,-,2026-03-28 09:16:31,Zone-A,QR_U-1282,phone_or_ipad
U-1282,welding,W-02,2026-03-28 09:29:31,2026-03-28 09:38:59,completed,9.466666666666667,0.6,,1443.71,3.4,8.69,8,11,09:18,Q-3011,stainless_steel_304,2.0,MB-2204,3.33,180,16.1,3728.0,2026-04-06 15:00,accepted,0.9701110162254484,1.1428571428571428,0.4583333333333333,0.9786437909050545,0.9080459770114941,1.0,0.2,1.0,0.9852486920051569,1.0837735612056727,0.2817080466343831,0.2817080466343831,1,fail,weak_joint,low,2026-03-28 09:38:59,Zone-D,QR_U-1282,phone_or_ipad
U-1283,laser_cutting,L-02,2026-03-28 08:43:00,2026-03-28 08:48:45,completed,5.75,21.38,,315.62,13.39,16.37,4,31,08:12,Q-3005,galvanized_steel,1.5,MB-2213,3.2,40,7.2,963.0,2026-04-06 16:00,accepted,0.8466257668711658,0.5714285714285714,1.3478260869565217,1.0034654881887262,0.9061721561029616,0.75,0.0,0.55,0.43991278853970445,0.1814640252726281,0.029623452643772998,0.029623452643772998,0,pass,-,-,2026-03-28 08:48:45,Zone-B,QR_U-1283,phone_or_ipad
U-1283,bending,B-02,2026-03-28 09:22:45,2026-03-28 09:27:41,completed,4.933333333333334,9.99,78.88,27.77,,7.77,2,24,08:58,Q-3005,galvanized_steel,1.5,MB-2213,3.2,40,7.2,963.0,2026-04-06 16:00,accepted,0.6277836691410392,0.2857142857142857,1.0,1.001803751803752,1.0867132867132867,0.75,0.0,0.7,0.19527183186683816,0.10251771173009003,0.023834480302788445,0.023834480302788445,0,pass,-,-,2026-03-28 09:27:41,Zone-B,QR_U-1283,phone_or_ipad
U-1283,welding,W-02,2026-03-28 09:55:41,2026-03-28 10:05:45,completed,10.066666666666666,0.6,,1518.87,3.05,8.71,6,21,09:34,Q-3005,galvanized_steel,1.5,MB-2213,3.2,40,7.2,963.0,2026-04-06 16:00,accepted,1.031596925704526,0.8571428571428571,0.875,1.0295922967160718,0.910135841170324,0.75,0.0,1.0,0.8285805822002742,0.6214354366502056,0.09585050309138736,0.09585050309138736,0,pass,-,-,2026-03-28 10:05:45,Zone-C,QR_U-1283,phone_or_ipad
U-1284,laser_cutting,L-02,2026-03-28 10:07:00,2026-03-28 10:13:49,completed,6.816666666666666,22.97,,323.68,13.19,16.67,11,23,09:44,Q-3004,galvanized_steel,3.0,MB-2211,1.01,60,7.2,1664.0,2026-04-04 14:00,open,1.003680981595092,1.5714285714285714,1.0,1.029091024703526,0.9227788541378358,0.75,0.6,0.55,1.4977584018127783,0.8031729429721025,0.15059102535672664,0.15059102535672664,0,pass,-,-,2026-03-28 10:13:49,Zone-A,QR_U-1284,phone_or_ipad
U-1284,bending,B-02,2026-03-28 10:41:49,2026-03-28 10:50:27,completed,8.633333333333333,10.04,85.16,28.68,,7.89,5,22,10:19,Q-3004,galvanized_steel,3.0,MB-2211,1.01,60,7.2,1664.0,2026-04-04 14:00,open,1.0986214209968186,0.7142857142857143,0.9166666666666666,1.0346320346320346,1.1034965034965034,0.75,0.6,0.7,0.8959358389610003,0.6114762100908827,0.09343599795201159,0.09343599795201159,0,pass,-,-,2026-03-28 10:50:27,Zone-A,QR_U-1284,phone_or_ipad
U-1284,welding,W-02,2026-03-28 11:30:27,2026-03-28 11:39:14,completed,8.783333333333333,0.56,,1417.06,3.37,8.72,7,31,10:59,Q-3004,galvanized_steel,3.0,MB-2211,1.01,60,7.2,1664.0,2026-04-04 14:00,open,0.9000853970964987,1.0,1.2916666666666667,0.9605786275220899,0.9111807732497388,0.75,0.6,1.0,0.7878094436624759,0.768114207570914,0.13833684009419678,0.13833684009419678,0,pass,-,-,2026-03-28 11:39:14,Zone-C,QR_U-1284,phone_or_ipad
U-1285,laser_cutting,L-02,2026-03-28 09:25:00,2026-03-28 09:31:34,completed,6.566666666666666,21.72,,301.04,13.96,19.52,11,15,09:10,Q-3010,aluminum_5754,1.5,MB-2214,3.04,250,24.9,5316.0,2026-04-08 16:00,open,0.9668711656441719,1.5714285714285714,0.6521739130434783,0.9571106094808128,1.0805424854691392,0.55,0.0,0.55,1.5713293831420765,0.4753271384004782,0.06552072250382154,0.06552072250382154,0,pass,-,-,2026-03-28 09:31:34,Zone-B,QR_U-1285,phone_or_ipad
U-1285,bending,B-01,2026-03-28 10:19:34,2026-03-28 10:26:12,completed,6.633333333333334,10.34,72.17,28.97,,6.53,10,38,09:41,Q-3010,aluminum_5754,1.5,MB-2214,3.04,250,24.9,5316.0,2026-04-08 16:00,open,0.8441145281018028,1.4285714285714286,1.5833333333333333,1.045093795093795,0.9132867132867133,0.55,0.0,0.7,1.1509746108911525,0.4431252251930937,0.06015788915872917,0.06015788915872917,0,pass,-,-,2026-03-28 10:26:12,Zone-A,QR_U-1285,phone_or_ipad
U-1285,welding,W-01,2026-03-28 11:15:12,2026-03-28 11:25:39,completed,10.45,0.57,,1461.01,3.07,9.83,9,39,10:36,Q-3010,aluminum_5754,1.5,MB-2214,3.04,250,24.9,5316.0,2026-04-08 16:00,open,1.0708795900939367,1.2857142857142858,1.625,0.9903708950898682,1.0271682340647859,0.55,0.0,1.0,1.4006336621753226,0.7703485141964275,0.13909215022762306,0.13909215022762306,0,pass,-,-,2026-03-28 11:25:39,Zone-C,QR_U-1285,phone_or_ipad
U-1286,laser_cutting,L-03,2026-03-28 11:04:00,2026-03-28 11:08:53,completed,4.883333333333334,23.41,,328.31,14.02,17.63,6,29,10:35,Q-3018,galvanized_steel,1.5,MB-2214,1.72,60,6.7,1145.0,2026-04-08 08:00,accepted,0.7190184049079756,0.8571428571428571,1.2608695652173914,1.0438114011382063,0.9759202878494326,0.75,0.0,0.55,0.6278119821694237,0.2589724426448873,0.036621695368578844,0.036621695368578844,0,pass,-,-,2026-03-28 11:08:53,Zone-A,QR_U-1286,phone_or_ipad
U-1286,bending,B-02,2026-03-28 11:46:53,2026-03-28 11:55:13,completed,8.333333333333334,11.8,81.99,28.2,,7.37,7,33,11:13,Q-3018,galvanized_steel,1.5,MB-2214,1.72,60,6.7,1145.0,2026-04-08 08:00,accepted,1.0604453870625663,1.0,1.375,1.0173160173160174,1.0307692307692307,0.75,0.0,0.7,1.1120021724475595,0.5838011405349687,0.08701075134129829,0.08701075134129829,0,pass,-,-,2026-03-28 11:55:13,Zone-B,QR_U-1286,phone_or_ipad
U-1286,welding,W-02,2026-03-28 12:22:13,2026-03-28 12:33:01,completed,10.8,0.52,,1447.61,3.19,10.66,7,21,12:01,Q-3018,galvanized_steel,1.5,MB-2214,1.72,60,6.7,1145.0,2026-04-08 08:00,accepted,1.1067463706233989,1.0,0.875,0.9812874733513418,1.1138975966562172,0.75,0.0,1.0,1.2097332797784845,0.9072999598338634,0.19226763740213232,0.19226763740213232,0,pass,-,-,2026-03-28 12:33:01,Zone-D,QR_U-1286,phone_or_ipad
U-1287,laser_cutting,L-02,2026-03-28 08:48:00,2026-03-28 08:54:23,completed,6.383333333333334,19.78,,314.71,13.25,18.04,9,25,08:23,Q-3019,aluminum_5754,2.5,MB-2224,1.65,120,29.6,2459.0,2026-04-05 14:00,accepted,0.9398773006134971,1.2857142857142858,1.0869565217391304,1.0005722824531842,0.9986161084970939,0.55,0.4,0.55,1.2074319557095519,0.4382977999225674,0.05939022829016181,0.05939022829016181,0,pass,-,-,2026-03-28 08:54:23,Zone-A,QR_U-1287,phone_or_ipad
U-1287,bending,B-02,2026-03-28 09:37:23,2026-03-28 09:46:40,completed,9.283333333333333,10.94,76.68,27.13,,6.75,10,38,08:59,Q-3019,aluminum_5754,2.5,MB-2224,1.65,120,29.6,2459.0,2026-04-05 14:00,accepted,1.181336161187699,1.4285714285714286,1.5833333333333333,0.9787157287157288,0.9440559440559441,0.55,0.4,0.7,1.5593002802241076,0.7203967294635377,0.12301420712594703,0.12301420712594703,0,pass,-,-,2026-03-28 09:46:40,Zone-B,QR_U-1287,phone_or_ipad
U-1287,welding,W-01,2026-03-28 10:05:40,2026-03-28 10:16:42,completed,11.033333333333333,0.56,,1521.92,3.26,10.23,8,11,09:54,Q-3019,aluminum_5754,2.5,MB-2224,1.65,120,29.6,2459.0,2026-04-05 14:00,accepted,1.1306575576430402,1.1428571428571428,0.4583333333333333,1.0316597919625274,1.0689655172413792,0.55,0.4,1.0,1.4250274743513387,0.9405181330718836,0.20728804612195126,0.20728804612195126,0,pass,-,-,2026-03-28 10:16:42,Zone-C,QR_U-1287,phone_or_ipad
U-1288,laser_cutting,L-02,2026-03-28 11:11:00,2026-03-28 11:19:06,completed,8.1,19.25,,331.38,13.42,18.41,8,17,10:54,Q-3010,aluminum_5754,1.5,MB-2210,2.9,250,24.9,5316.0,2026-04-08 16:00,open,1.192638036809816,1.1428571428571428,0.7391304347826086,1.0535719963119576,1.0190977027401054,0.55,0.0,0.55,1.4634592850926047,0.442696433740513,0.060089328285863185,0.060089328285863185,0,pass,-,-,2026-03-28 11:19:06,Zone-A,QR_U-1288,phone_or_ipad
U-1288,bending,B-02,2026-03-28 11:55:06,2026-03-28 12:01:56,completed,6.833333333333333,11.89,88.1,26.86,,7.79,8,31,11:24,Q-3010,aluminum_5754,1.5,MB-2210,2.9,250,24.9,5316.0,2026-04-08 16:00,open,0.8695652173913043,1.1428571428571428,1.2916666666666667,0.968975468975469,1.0895104895104895,0.55,0.0,0.7,1.0491517391573855,0.4039234195755934,0.05418401804731153,0.05418401804731153,0,pass,-,-,2026-03-28 12:01:56,Zone-B,QR_U-1288,phone_or_ipad
U-1288,welding,W-02,2026-03-28 12:43:56,2026-03-28 12:54:46,completed,10.833333333333334,0.51,,1403.42,3.23,10.86,6,32,12:11,Q-3010,aluminum_5754,1.5,MB-2210,2.9,250,24.9,5316.0,2026-04-08 16:00,open,1.1101622544833476,0.8571428571428571,1.3333333333333333,0.951332517633023,1.134796238244514,0.55,0.0,1.0,1.0272825163073283,0.5650053839690306,0.08287764009184714,0.08287764009184714,1,fail,surface_porosity,medium,2026-03-28 12:54:46,Zone-C,QR_U-1288,phone_or_ipad
U-1289,laser_cutting,L-01,2026-03-28 09:42:00,2026-03-28 09:46:10,completed,4.166666666666667,18.44,,321.95,12.8,15.34,10,17,09:25,Q-3016,aluminum_5754,2.0,MB-2205,2.58,180,25.0,4388.0,2026-04-04 08:00,accepted,0.6134969325153375,1.4285714285714286,0.7391304347826086,1.0235907544590341,0.8491558261832274,0.55,0.2,0.55,0.7617774345102317,0.25348144133327966,0.036077472025244625,0.036077472025244625,1,fail,incomplete_cut,low,2026-03-28 09:46:10,Zone-B,QR_U-1289,phone_or_ipad
U-1289,bending,B-02,2026-03-28 10:10:10,2026-03-28 10:18:50,completed,8.666666666666666,11.85,79.83,27.12,,7.52,11,16,09:54,Q-3016,aluminum_5754,2.0,MB-2205,2.58,180,25.0,4388.0,2026-04-04 08:00,accepted,1.1028632025450689,1.5714285714285714,0.6666666666666666,0.9783549783549784,1.0517482517482517,0.55,0.2,0.7,1.7833005756047717,0.7552277937686209,0.13404755638210478,0.13404755638210478,0,pass,-,-,2026-03-28 10:18:50,Zone-B,QR_U-1289,phone_or_ipad
U-1289,welding,W-02,2026-03-28 10:32:50,2026-03-28 10:41:42,completed,8.866666666666667,0.55,,1455.81,2.91,10.14,8,11,10:21,Q-3016,aluminum_5754,2.0,MB-2205,2.58,180,25.0,4388.0,2026-04-04 08:00,accepted,0.9086251067463708,1.1428571428571428,0.4583333333333333,0.9868459851614848,1.0595611285266457,0.55,0.2,1.0,1.0858055962383824,0.6569123857242214,0.1049099590663233,0.1049099590663233,0,pass,-,-,2026-03-28 10:41:42,Zone-D,QR_U-1289,phone_or_ipad
U-1290,laser_cutting,L-01,2026-03-28 09:12:00,2026-03-28 09:17:44,completed,5.733333333333333,21.33,,321.25,13.33,16.98,10,8,09:04,Q-3007,aluminum_5754,1.5,MB-2204,2.93,120,12.3,2980.0,2026-04-09 10:00,open,0.8441717791411044,1.4285714285714286,0.34782608695652173,1.0213652115855405,0.9399391087738723,0.55,0.0,0.55,1.1577467509495551,0.3502183921622405,0.04690357940894702,0.04690357940894702,0,pass,-,-,2026-03-28 09:17:44,Zone-A,QR_U-1290,phone_or_ipad
U-1290,bending,B-02,2026-03-28 09:39:44,2026-03-28 09:48:10,completed,8.433333333333334,10.62,86.02,26.89,,6.38,7,20,09:19,Q-3007,aluminum_5754,1.5,MB-2204,2.93,120,12.3,2980.0,2026-04-09 10:00,open,1.0731707317073171,1.0,0.8333333333333334,0.9700577200577201,0.8923076923076922,0.55,0.0,0.7,0.9289258167306947,0.3576364394413175,0.04785086481876658,0.04785086481876658,0,pass,-,-,2026-03-28 09:48:10,Zone-B,QR_U-1290,phone_or_ipad
U-1290,welding,W-02,2026-03-28 10:05:10,2026-03-28 10:15:05,completed,9.916666666666666,0.51,,1424.89,2.97,8.62,11,12,09:53,Q-3007,aluminum_5754,1.5,MB-2204,2.93,120,12.3,2980.0,2026-04-09 10:00,open,1.0162254483347566,1.5714285714285714,0.5,0.9658863284334825,0.9007314524555903,0.55,0.0,1.0,1.3893320628664223,0.7641326345765324,0.1369994009442483,0.1369994009442483,0,pass,-,-,2026-03-28 10:15:05,Zone-D,QR_U-1290,phone_or_ipad
U-1291,laser_cutting,L-01,2026-03-28 09:07:00,2026-03-28 09:12:59,completed,5.983333333333333,20.42,,307.24,11.84,15.9,2,8,08:59,Q-3017,aluminum_5754,3.0,MB-2222,2.18,250,28.1,6304.0,2026-04-08 14:00,accepted,0.8809815950920247,0.2857142857142857,0.34782608695652173,0.9768225606460434,0.8801549958483256,0.55,0.6,0.55,0.21640815929519996,0.0851025086428374,0.022714491253876944,0.022714491253876944,0,pass,-,-,2026-03-28 09:12:59,Zone-A,QR_U-1291,phone_or_ipad
U-1291,bending,B-01,2026-03-28 09:51:59,2026-03-28 10:01:04,completed,9.083333333333334,10.71,84.67,28.98,,7.27,10,37,09:14,Q-3017,aluminum_5754,3.0,MB-2222,2.18,250,28.1,6304.0,2026-04-08 14:00,accepted,1.1558854718981972,1.4285714285714286,1.5416666666666667,1.0454545454545454,1.0167832167832167,0.55,0.6,0.7,1.7552957020806241,0.8785254988913525,0.1799390245014735,0.1799390245014735,0,pass,-,-,2026-03-28 10:01:04,Zone-A,QR_U-1291,phone_or_ipad
U-1291,welding,W-01,2026-03-28 10:40:04,2026-03-28 10:49:37,completed,9.55,0.62,,1488.28,3.24,9.57,2,32,10:08,Q-3017,aluminum_5754,3.0,MB-2222,2.18,250,28.1,6304.0,2026-04-08 14:00,accepted,0.9786507258753203,0.2857142857142857,1.3333333333333333,1.0088563361950629,1.0,0.55,0.6,1.0,0.2820908530632041,0.20169495994019096,0.03131404457846069,0.03131404457846069,0,pass,-,-,2026-03-28 10:49:37,Zone-D,QR_U-1291,phone_or_ipad
